customer_id,age,gender,item_purchased,category,purchase_amount,location,size,color,season,review_rating,subscription_status,shipping_type,discount_applied,promo_code_used,previous_purchases,payment_method,frequency_of_purchases,age_group,purchase_frequency_days,estimated_annual_orders,estimated_customer_lifetime_value,churn_risk_flag
1,55,Male,Blouse,Clothing,53,Kentucky,L,Gray,Winter,3.1,Yes,Express,Yes,Yes,14,Venmo,Fortnightly,Middle-aged,14,26.07,2123.71,0
2,19,Male,Sweater,Clothing,64,Maine,L,Maroon,Winter,3.1,Yes,Express,Yes,Yes,2,Cash,Fortnightly,Young Adult,14,26.07,1796.48,0
3,50,Male,Jeans,Clothing,73,Massachusetts,S,Maroon,Spring,3.1,Yes,Free Shipping,Yes,Yes,23,Credit Card,Weekly,Middle-aged,7,52.14,5485.22,0
4,21,Male,Sandals,Footwear,90,Rhode Island,M,Maroon,Spring,3.5,Yes,Next Day Air,Yes,Yes,49,PayPal,Weekly,Young Adult,7,52.14,9102.6,0
5,45,Male,Blouse,Clothing,49,Oregon,M,Turquoise,Spring,2.7,Yes,Free Shipping,Yes,Yes,31,PayPal,Annually,Middle-aged,365,1.0,1568.0,0
6,46,Male,Sneakers,Footwear,20,Wyoming,M,White,Summer,2.9,Yes,Standard,Yes,Yes,14,Venmo,Weekly,Middle-aged,7,52.14,1322.8,0
7,63,Male,Shirt,Clothing,85,Montana,M,Gray,Fall,3.2,Yes,Free Shipping,Yes,Yes,49,Cash,Quarterly,Senior,90,4.06,4510.1,0
8,27,Male,Shorts,Clothing,34,Louisiana,L,Charcoal,Winter,3.2,Yes,Free Shipping,Yes,Yes,19,Credit Card,Weekly,Young Adult,7,52.14,2418.76,0
9,26,Male,Coat,Outerwear,97,West Virginia,L,Silver,Summer,2.6,Yes,Express,Yes,Yes,8,Venmo,Annually,Young Adult,365,1.0,873.0,0
10,57,Male,Handbag,Accessories,31,Missouri,M,Pink,Spring,4.8,Yes,2-Day Shipping,Yes,Yes,4,Cash,Quarterly,Middle-aged,90,4.06,249.86,0
11,53,Male,Shoes,Footwear,34,Arkansas,L,Purple,Fall,4.1,Yes,Store Pickup,Yes,Yes,26,Bank Transfer,Bi-Weekly,Middle-aged,14,26.07,1770.38,0
12,30,Male,Shorts,Clothing,68,Hawaii,S,Olive,Winter,4.9,Yes,Store Pickup,Yes,Yes,10,Bank Transfer,Fortnightly,Young Adult,14,26.07,2452.76,0
13,61,Male,Coat,Outerwear,72,Delaware,M,Gold,Winter,4.5,Yes,Express,Yes,Yes,37,Venmo,Fortnightly,Senior,14,26.07,4541.04,0
14,65,Male,Dress,Clothing,51,New Hampshire,M,Violet,Spring,4.7,Yes,Express,Yes,Yes,31,PayPal,Weekly,Senior,7,52.14,4240.14,0
15,64,Male,Coat,Outerwear,53,New York,L,Teal,Winter,4.7,Yes,Free Shipping,Yes,Yes,34,Debit Card,Weekly,Senior,7,52.14,4565.42,0
16,64,Male,Skirt,Clothing,81,Rhode Island,M,Teal,Winter,2.8,Yes,Store Pickup,Yes,Yes,8,PayPal,Monthly,Senior,30,12.17,1633.77,0
17,25,Male,Sunglasses,Accessories,36,Alabama,S,Gray,Spring,4.1,Yes,Next Day Air,Yes,Yes,44,Debit Card,Bi-Weekly,Young Adult,14,26.07,2522.52,0
18,53,Male,Dress,Clothing,38,Mississippi,XL,Lavender,Winter,4.7,Yes,2-Day Shipping,Yes,Yes,36,Venmo,Quarterly,Middle-aged,90,4.06,1522.28,0
19,52,Male,Sweater,Clothing,48,Montana,S,Black,Summer,4.6,Yes,Free Shipping,Yes,Yes,17,Cash,Weekly,Middle-aged,7,52.14,3318.72,0
20,66,Male,Pants,Clothing,90,Rhode Island,M,Green,Summer,3.3,Yes,Standard,Yes,Yes,46,Debit Card,Bi-Weekly,Senior,14,26.07,6486.3,0
21,21,Male,Pants,Clothing,51,Louisiana,M,Black,Winter,2.8,Yes,Express,Yes,Yes,50,Cash,Every 3 Months,Young Adult,90,4.06,2757.06,0
22,31,Male,Pants,Clothing,62,North Carolina,M,Charcoal,Winter,4.1,Yes,Store Pickup,Yes,Yes,22,Debit Card,Quarterly,Young Adult,90,4.06,1615.72,0
23,56,Male,Pants,Clothing,37,California,M,Peach,Summer,3.2,Yes,Store Pickup,Yes,Yes,32,Debit Card,Annually,Middle-aged,365,1.0,1221.0,0
24,31,Male,Pants,Clothing,88,Oklahoma,XL,White,Winter,4.4,Yes,Express,Yes,Yes,40,Credit Card,Weekly,Young Adult,7,52.14,8108.32,0
25,18,Male,Jacket,Outerwear,22,Florida,M,Green,Fall,2.9,Yes,Store Pickup,Yes,Yes,16,Debit Card,Weekly,Young Adult,7,52.14,1499.08,0
26,18,Male,Hoodie,Clothing,25,Texas,M,Silver,Summer,3.6,Yes,Express,Yes,Yes,14,PayPal,Annually,Young Adult,365,1.0,375.0,0
27,38,Male,Jewelry,Accessories,20,Nevada,M,Red,Spring,3.6,Yes,Next Day Air,Yes,Yes,13,Credit Card,Annually,Adult,365,1.0,280.0,0
28,56,Male,Shorts,Clothing,56,Kentucky,L,Cyan,Summer,5.0,Yes,Next Day Air,Yes,Yes,7,Bank Transfer,Every 3 Months,Middle-aged,90,4.06,619.36,0
29,54,Male,Handbag,Accessories,94,North Carolina,M,Gray,Fall,4.4,Yes,Free Shipping,Yes,Yes,41,PayPal,Every 3 Months,Middle-aged,90,4.06,4235.64,0
30,31,Male,Dress,Clothing,48,Wyoming,S,Black,Fall,4.1,Yes,Store Pickup,Yes,Yes,14,Credit Card,Weekly,Young Adult,7,52.14,3174.72,0
31,57,Male,Jewelry,Accessories,31,North Carolina,L,Black,Winter,4.7,Yes,Standard,Yes,Yes,16,Credit Card,Monthly,Middle-aged,30,12.17,873.27,0
32,33,Male,Dress,Clothing,79,West Virginia,L,Brown,Winter,4.7,Yes,Store Pickup,Yes,Yes,45,Venmo,Monthly,Adult,30,12.17,4516.43,0
33,36,Male,Jacket,Outerwear,67,Kansas,M,Silver,Summer,4.9,Yes,Free Shipping,Yes,Yes,37,Venmo,Annually,Adult,365,1.0,2546.0,0
34,54,Male,Pants,Clothing,38,Colorado,L,Green,Summer,3.3,Yes,Store Pickup,Yes,Yes,45,Cash,Quarterly,Middle-aged,90,4.06,1864.28,0
35,36,Male,T-shirt,Clothing,91,North Dakota,L,Violet,Spring,4.6,Yes,2-Day Shipping,Yes,Yes,38,PayPal,Quarterly,Adult,90,4.06,3827.46,0
36,54,Male,Blouse,Clothing,33,Massachusetts,M,Cyan,Summer,4.0,Yes,2-Day Shipping,Yes,Yes,48,Credit Card,Bi-Weekly,Middle-aged,14,26.07,2444.31,0
37,35,Male,T-shirt,Clothing,69,Illinois,M,Maroon,Winter,4.6,Yes,Free Shipping,Yes,Yes,44,PayPal,Fortnightly,Adult,14,26.07,4834.83,0
38,35,Male,Jeans,Clothing,45,Indiana,S,Cyan,Summer,2.8,Yes,Store Pickup,Yes,Yes,10,PayPal,Weekly,Adult,7,52.14,2796.3,0
39,29,Male,Dress,Clothing,37,Florida,M,Red,Winter,3.7,Yes,2-Day Shipping,Yes,Yes,44,Venmo,Every 3 Months,Young Adult,90,4.06,1778.22,0
40,70,Male,Pants,Clothing,60,Arizona,S,Turquoise,Summer,4.2,Yes,Express,Yes,Yes,18,Credit Card,Monthly,Senior,30,12.17,1810.2,0
41,69,Male,Handbag,Accessories,76,Louisiana,L,Beige,Winter,4.6,Yes,Next Day Air,Yes,Yes,31,Debit Card,Quarterly,Senior,90,4.06,2664.56,0
42,67,Male,Scarf,Accessories,39,Alaska,M,Orange,Spring,4.5,Yes,Standard,Yes,Yes,40,Venmo,Annually,Senior,365,1.0,1599.0,0
43,20,Male,Coat,Outerwear,100,Tennessee,M,Beige,Spring,4.1,Yes,Free Shipping,Yes,Yes,15,PayPal,Annually,Young Adult,365,1.0,1600.0,0
44,25,Male,Scarf,Accessories,69,Ohio,L,Lavender,Fall,3.7,Yes,Store Pickup,Yes,Yes,19,PayPal,Fortnightly,Young Adult,14,26.07,3109.83,0
45,39,Male,Hat,Accessories,53,Kentucky,S,Silver,Summer,4.6,Yes,Free Shipping,Yes,Yes,45,PayPal,Weekly,Adult,7,52.14,5148.42,0
46,50,Male,Socks,Clothing,21,Tennessee,XL,Indigo,Fall,2.9,Yes,2-Day Shipping,Yes,Yes,25,PayPal,Annually,Middle-aged,365,1.0,546.0,0
47,57,Male,Shirt,Clothing,43,California,L,White,Summer,2.9,Yes,Store Pickup,Yes,Yes,45,Cash,Quarterly,Middle-aged,90,4.06,2109.58,0
48,55,Male,Jewelry,Accessories,54,Montana,M,Charcoal,Winter,4.5,Yes,Free Shipping,Yes,Yes,36,Cash,Weekly,Middle-aged,7,52.14,4759.56,0
49,42,Male,Shirt,Clothing,55,Nevada,M,Orange,Summer,2.7,Yes,Store Pickup,Yes,Yes,38,Cash,Monthly,Adult,30,12.17,2759.35,0
50,68,Male,Hoodie,Clothing,30,New Jersey,S,Indigo,Spring,4.6,Yes,Next Day Air,Yes,Yes,34,Debit Card,Bi-Weekly,Senior,14,26.07,1802.1,0
51,49,Male,Blouse,Clothing,28,Maryland,M,Red,Spring,3.7,Yes,Store Pickup,Yes,Yes,39,Debit Card,Bi-Weekly,Middle-aged,14,26.07,1821.96,0
52,59,Male,Skirt,Clothing,59,Vermont,XL,Gray,Winter,4.7,Yes,2-Day Shipping,Yes,Yes,7,Credit Card,Quarterly,Senior,90,4.06,652.54,0
53,42,Male,T-shirt,Clothing,20,Alaska,M,Green,Summer,2.6,Yes,Free Shipping,Yes,Yes,26,Credit Card,Weekly,Adult,7,52.14,1562.8,0
54,29,Male,Skirt,Clothing,24,Mississippi,S,Peach,Winter,3.9,Yes,Next Day Air,Yes,Yes,35,Credit Card,Weekly,Young Adult,7,52.14,2091.36,0
55,47,Male,Coat,Outerwear,94,New Mexico,M,Brown,Summer,4.2,Yes,Next Day Air,Yes,Yes,35,Debit Card,Bi-Weekly,Middle-aged,14,26.07,5740.58,0
56,40,Male,Jacket,Outerwear,28,South Carolina,M,Lavender,Winter,3.0,Yes,2-Day Shipping,Yes,Yes,49,Credit Card,Annually,Adult,365,1.0,1400.0,0
57,41,Male,Backpack,Accessories,73,Mississippi,XL,Brown,Summer,4.7,Yes,Store Pickup,Yes,Yes,46,Credit Card,Weekly,Adult,7,52.14,7164.22,0
58,21,Male,Coat,Outerwear,64,West Virginia,M,White,Summer,4.4,Yes,Store Pickup,Yes,Yes,17,Debit Card,Fortnightly,Young Adult,14,26.07,2756.48,0
59,69,Male,Hoodie,Clothing,54,Missouri,M,Charcoal,Summer,4.2,Yes,Free Shipping,Yes,Yes,29,Venmo,Monthly,Senior,30,12.17,2223.18,0
60,63,Male,Belt,Accessories,79,Louisiana,L,Yellow,Spring,4.6,Yes,Standard,Yes,Yes,4,Debit Card,Weekly,Senior,7,52.14,4435.06,0
61,50,Male,Sweater,Clothing,37,Idaho,L,Brown,Summer,4.0,Yes,Express,Yes,Yes,17,Cash,Weekly,Middle-aged,7,52.14,2558.18,0
62,55,Male,Scarf,Accessories,68,Texas,M,Orange,Winter,4.7,Yes,Store Pickup,Yes,Yes,21,Credit Card,Every 3 Months,Middle-aged,90,4.06,1704.08,0
63,30,Male,Sneakers,Footwear,21,Mississippi,S,Magenta,Spring,3.8,Yes,Free Shipping,Yes,Yes,31,Credit Card,Fortnightly,Young Adult,14,26.07,1198.47,0
64,33,Male,Sunglasses,Accessories,79,Arizona,L,Lavender,Winter,2.7,Yes,2-Day Shipping,Yes,Yes,43,Credit Card,Weekly,Adult,7,52.14,7516.06,0
65,65,Male,Boots,Footwear,83,Alabama,S,Green,Fall,4.8,Yes,Standard,Yes,Yes,18,Debit Card,Fortnightly,Senior,14,26.07,3657.81,0
66,65,Male,Backpack,Accessories,36,New Jersey,M,Purple,Spring,4.8,Yes,2-Day Shipping,Yes,Yes,44,Venmo,Every 3 Months,Senior,90,4.06,1730.16,0
67,31,Male,Blouse,Clothing,94,Pennsylvania,S,Magenta,Winter,4.7,Yes,2-Day Shipping,Yes,Yes,3,Venmo,Every 3 Months,Young Adult,90,4.06,663.64,0
68,45,Male,Coat,Outerwear,33,Connecticut,L,Gray,Winter,4.4,Yes,Store Pickup,Yes,Yes,49,Debit Card,Monthly,Middle-aged,30,12.17,2018.61,0
69,57,Male,Handbag,Accessories,46,Utah,L,Silver,Summer,3.9,Yes,Next Day Air,Yes,Yes,21,Cash,Every 3 Months,Middle-aged,90,4.06,1152.76,0
70,48,Male,Belt,Accessories,70,Tennessee,S,Cyan,Summer,4.4,Yes,Express,Yes,Yes,5,Cash,Weekly,Middle-aged,7,52.14,3999.8,0
71,22,Male,Belt,Accessories,29,Alabama,M,Magenta,Fall,4.2,Yes,Express,Yes,Yes,32,Debit Card,Every 3 Months,Young Adult,90,4.06,1045.74,0
72,36,Male,Dress,Clothing,48,Virginia,L,Gold,Summer,2.9,Yes,Express,Yes,Yes,34,Bank Transfer,Annually,Adult,365,1.0,1680.0,0
73,18,Male,Dress,Clothing,26,Georgia,M,Olive,Winter,2.9,Yes,Store Pickup,Yes,Yes,21,Bank Transfer,Every 3 Months,Young Adult,90,4.06,651.56,0
74,48,Male,Pants,Clothing,85,Hawaii,M,Teal,Spring,2.7,Yes,Free Shipping,Yes,Yes,43,Bank Transfer,Bi-Weekly,Middle-aged,14,26.07,5870.95,0
75,49,Male,Gloves,Accessories,58,Indiana,L,Violet,Spring,4.5,Yes,Express,Yes,Yes,3,Cash,Monthly,Middle-aged,30,12.17,879.86,0
76,64,Male,Scarf,Accessories,85,Utah,M,Blue,Summer,2.7,Yes,Free Shipping,Yes,Yes,21,Credit Card,Annually,Senior,365,1.0,1870.0,0
77,50,Male,Hat,Accessories,43,Delaware,S,Teal,Summer,4.2,Yes,Free Shipping,Yes,Yes,32,Venmo,Monthly,Middle-aged,30,12.17,1899.31,0
78,22,Male,Dress,Clothing,53,Delaware,L,Gold,Summer,3.3,Yes,Next Day Air,Yes,Yes,36,Debit Card,Fortnightly,Young Adult,14,26.07,3289.71,0
79,50,Male,Skirt,Clothing,91,Nebraska,M,Maroon,Spring,4.7,Yes,Free Shipping,Yes,Yes,50,Venmo,Fortnightly,Middle-aged,14,26.07,6922.37,0
80,38,Male,Jacket,Outerwear,96,Iowa,M,Olive,Winter,2.6,Yes,2-Day Shipping,Yes,Yes,43,Bank Transfer,Every 3 Months,Adult,90,4.06,4517.76,0
81,19,Male,Sandals,Footwear,72,New York,XL,Blue,Summer,3.8,Yes,Store Pickup,Yes,Yes,24,Credit Card,Every 3 Months,Young Adult,90,4.06,2020.32,0
82,67,Male,Shoes,Footwear,96,Virginia,L,Maroon,Summer,2.6,Yes,Express,Yes,Yes,36,Credit Card,Every 3 Months,Senior,90,4.06,3845.76,0
83,19,Male,Pants,Clothing,28,Georgia,S,Olive,Spring,4.0,Yes,2-Day Shipping,Yes,Yes,21,Credit Card,Every 3 Months,Young Adult,90,4.06,701.68,0
84,36,Male,Dress,Clothing,40,Texas,M,Turquoise,Summer,4.1,Yes,Standard,Yes,Yes,34,Bank Transfer,Weekly,Adult,7,52.14,3445.6,0
85,52,Male,Coat,Outerwear,32,Arizona,S,Peach,Spring,4.4,Yes,Standard,Yes,Yes,42,Bank Transfer,Every 3 Months,Middle-aged,90,4.06,1473.92,0
86,53,Male,Sunglasses,Accessories,95,New Mexico,M,Charcoal,Winter,4.5,Yes,Next Day Air,Yes,Yes,2,Debit Card,Bi-Weekly,Middle-aged,14,26.07,2666.65,0
87,24,Male,Hoodie,Clothing,41,Nevada,L,Pink,Spring,3.7,Yes,2-Day Shipping,Yes,Yes,47,Cash,Bi-Weekly,Young Adult,14,26.07,2995.87,0
88,52,Male,Shoes,Footwear,53,Ohio,M,Green,Fall,3.7,Yes,2-Day Shipping,Yes,Yes,44,Debit Card,Fortnightly,Middle-aged,14,26.07,3713.71,0
89,33,Male,T-shirt,Clothing,47,Wyoming,M,Orange,Fall,3.5,Yes,Free Shipping,Yes,Yes,35,Credit Card,Monthly,Adult,30,12.17,2216.99,0
90,47,Male,Jacket,Outerwear,83,California,XL,Pink,Fall,3.6,Yes,Next Day Air,Yes,Yes,15,Cash,Quarterly,Middle-aged,90,4.06,1581.98,0
91,25,Male,Hat,Accessories,48,South Carolina,L,Violet,Summer,2.9,Yes,Express,Yes,Yes,29,Credit Card,Monthly,Young Adult,30,12.17,1976.16,0
92,44,Male,Scarf,Accessories,99,South Carolina,S,Green,Winter,4.6,Yes,Standard,Yes,Yes,18,Credit Card,Every 3 Months,Adult,90,4.06,2183.94,0
93,61,Male,Jacket,Outerwear,87,Texas,M,Olive,Winter,4.4,Yes,2-Day Shipping,Yes,Yes,13,Venmo,Every 3 Months,Senior,90,4.06,1484.22,0
94,37,Male,Sweater,Clothing,62,Florida,M,Purple,Fall,4.5,Yes,Standard,Yes,Yes,46,Credit Card,Weekly,Adult,7,52.14,6084.68,0
95,58,Male,Skirt,Clothing,76,Nevada,S,Silver,Spring,4.6,Yes,Free Shipping,Yes,Yes,28,Credit Card,Weekly,Senior,7,52.14,6090.64,0
96,37,Male,Sneakers,Footwear,100,Missouri,L,Pink,Fall,3.8,Yes,Free Shipping,Yes,Yes,48,PayPal,Monthly,Adult,30,12.17,6017.0,0
97,32,Male,Gloves,Accessories,73,Delaware,S,Gold,Spring,3.8,Yes,Express,Yes,Yes,43,Venmo,Every 3 Months,Adult,90,4.06,3435.38,0
98,21,Male,Shoes,Footwear,92,Virginia,M,Teal,Winter,4.8,Yes,Store Pickup,Yes,Yes,37,Cash,Annually,Young Adult,365,1.0,3496.0,0
99,20,Male,Jeans,Clothing,67,New York,XL,Teal,Spring,2.6,Yes,Next Day Air,Yes,Yes,20,Bank Transfer,Annually,Young Adult,365,1.0,1407.0,0
100,26,Male,Hoodie,Clothing,40,Missouri,XL,Indigo,Summer,3.7,Yes,Express,Yes,Yes,33,Debit Card,Quarterly,Young Adult,90,4.06,1482.4,0
101,62,Male,Sunglasses,Accessories,98,South Dakota,M,Maroon,Fall,2.7,Yes,Express,Yes,Yes,31,Cash,Fortnightly,Senior,14,26.07,5592.86,0
102,27,Male,Coat,Outerwear,85,North Dakota,XL,White,Spring,4.6,Yes,Express,Yes,Yes,50,Credit Card,Bi-Weekly,Young Adult,14,26.07,6465.95,0
103,51,Male,Socks,Clothing,67,Oklahoma,L,Violet,Winter,4.8,Yes,Next Day Air,Yes,Yes,35,Credit Card,Quarterly,Middle-aged,90,4.06,2617.02,0
104,54,Male,Boots,Footwear,89,West Virginia,L,Red,Winter,4.0,Yes,Next Day Air,Yes,Yes,22,Venmo,Bi-Weekly,Middle-aged,14,26.07,4278.23,0
105,55,Male,Sunglasses,Accessories,24,New Hampshire,L,Pink,Spring,4.4,Yes,2-Day Shipping,Yes,Yes,1,PayPal,Monthly,Middle-aged,30,12.17,316.08,0
106,69,Male,Backpack,Accessories,96,New York,M,Charcoal,Fall,3.6,Yes,Next Day Air,Yes,Yes,4,Bank Transfer,Annually,Senior,365,1.0,480.0,0
107,64,Male,Jacket,Outerwear,35,Minnesota,L,White,Summer,3.7,Yes,Standard,Yes,Yes,31,Credit Card,Monthly,Senior,30,12.17,1510.95,0
108,28,Male,Sneakers,Footwear,67,Maryland,L,Olive,Winter,3.1,Yes,Next Day Air,Yes,Yes,46,PayPal,Fortnightly,Young Adult,14,26.07,4828.69,0
109,70,Male,Socks,Clothing,79,Montana,L,Purple,Spring,3.4,Yes,Next Day Air,Yes,Yes,32,Bank Transfer,Bi-Weekly,Senior,14,26.07,4587.53,0
110,58,Male,T-shirt,Clothing,85,Alabama,M,Violet,Spring,2.6,Yes,Next Day Air,Yes,Yes,43,Bank Transfer,Fortnightly,Senior,14,26.07,5870.95,0
111,56,Male,Backpack,Accessories,26,New York,M,Black,Summer,4.0,Yes,Standard,Yes,Yes,26,Venmo,Fortnightly,Middle-aged,14,26.07,1353.82,0
112,26,Male,Belt,Accessories,75,Massachusetts,L,Purple,Summer,5.0,Yes,Free Shipping,Yes,Yes,9,Credit Card,Annually,Young Adult,365,1.0,750.0,0
113,37,Male,Gloves,Accessories,65,Florida,M,Red,Spring,4.3,Yes,Free Shipping,Yes,Yes,28,PayPal,Bi-Weekly,Adult,14,26.07,3514.55,0
114,44,Male,Hat,Accessories,54,New Jersey,L,Maroon,Winter,3.1,Yes,Next Day Air,Yes,Yes,20,PayPal,Quarterly,Adult,90,4.06,1299.24,0
115,70,Male,Coat,Outerwear,95,Massachusetts,S,Blue,Summer,3.7,Yes,Store Pickup,Yes,Yes,9,Cash,Weekly,Senior,7,52.14,5808.3,0
116,53,Male,Skirt,Clothing,94,Wyoming,M,Gray,Spring,3.8,Yes,Standard,Yes,Yes,48,Debit Card,Every 3 Months,Middle-aged,90,4.06,4893.64,0
117,55,Male,Shoes,Footwear,86,Virginia,S,Blue,Spring,3.4,Yes,Free Shipping,Yes,Yes,12,Venmo,Annually,Middle-aged,365,1.0,1118.0,0
118,50,Male,Sandals,Footwear,32,South Dakota,L,Yellow,Summer,4.6,Yes,Express,Yes,Yes,29,Cash,Fortnightly,Middle-aged,14,26.07,1762.24,0
119,50,Male,Sweater,Clothing,45,Kentucky,L,Orange,Fall,4.8,Yes,2-Day Shipping,Yes,Yes,27,Cash,Bi-Weekly,Middle-aged,14,26.07,2388.15,0
120,38,Male,Coat,Outerwear,76,Wyoming,M,Orange,Fall,4.3,Yes,Express,Yes,Yes,44,Cash,Annually,Adult,365,1.0,3420.0,0
121,64,Male,Hat,Accessories,84,West Virginia,L,Red,Summer,4.0,Yes,Express,Yes,Yes,32,Bank Transfer,Annually,Senior,365,1.0,2772.0,0
122,19,Male,Shorts,Clothing,72,Virginia,M,Olive,Winter,4.2,Yes,Standard,Yes,Yes,11,Cash,Fortnightly,Young Adult,14,26.07,2669.04,0
123,40,Male,Backpack,Accessories,40,Washington,L,Brown,Spring,4.8,Yes,2-Day Shipping,Yes,Yes,44,Cash,Fortnightly,Adult,14,26.07,2802.8,0
124,57,Male,Sweater,Clothing,89,Louisiana,L,Brown,Fall,3.1,Yes,Free Shipping,Yes,Yes,46,Cash,Weekly,Middle-aged,7,52.14,8734.46,0
125,44,Male,Sweater,Clothing,86,Nevada,M,Gray,Spring,3.1,Yes,Next Day Air,Yes,Yes,50,PayPal,Annually,Adult,365,1.0,4386.0,0
126,49,Male,Shorts,Clothing,54,California,M,Indigo,Winter,3.6,Yes,Next Day Air,Yes,Yes,45,Venmo,Every 3 Months,Middle-aged,90,4.06,2649.24,0
127,43,Male,Shorts,Clothing,36,Mississippi,L,Pink,Spring,3.9,Yes,Store Pickup,Yes,Yes,48,Cash,Every 3 Months,Adult,90,4.06,1874.16,0
128,24,Male,Sweater,Clothing,89,Mississippi,M,Gray,Winter,4.8,Yes,Next Day Air,Yes,Yes,26,Credit Card,Weekly,Young Adult,7,52.14,6954.46,0
129,20,Male,Scarf,Accessories,32,California,M,Gold,Spring,4.7,Yes,Standard,Yes,Yes,21,Credit Card,Fortnightly,Young Adult,14,26.07,1506.24,0
130,24,Male,Dress,Clothing,67,Pennsylvania,XL,Olive,Summer,4.2,Yes,2-Day Shipping,Yes,Yes,49,PayPal,Bi-Weekly,Young Adult,14,26.07,5029.69,0
131,44,Male,Scarf,Accessories,39,Kentucky,L,Violet,Fall,3.7,Yes,Next Day Air,Yes,Yes,13,PayPal,Fortnightly,Adult,14,26.07,1523.73,0
132,28,Male,Skirt,Clothing,29,Maine,L,Indigo,Summer,3.9,Yes,Standard,Yes,Yes,46,Credit Card,Weekly,Young Adult,7,52.14,2846.06,0
133,30,Male,Backpack,Accessories,58,New Mexico,M,Orange,Fall,4.7,Yes,2-Day Shipping,Yes,Yes,42,PayPal,Weekly,Young Adult,7,52.14,5460.12,0
134,52,Male,Sweater,Clothing,65,Montana,M,Violet,Winter,2.5,Yes,Next Day Air,Yes,Yes,25,Venmo,Annually,Middle-aged,365,1.0,1690.0,0
135,43,Male,Hat,Accessories,94,Texas,L,Gray,Fall,4.9,Yes,Store Pickup,Yes,Yes,25,Cash,Monthly,Adult,30,12.17,3493.98,0
136,43,Male,Sandals,Footwear,81,Kansas,M,Purple,Fall,4.1,Yes,Express,Yes,Yes,12,PayPal,Quarterly,Adult,90,4.06,1300.86,0
137,39,Male,Blouse,Clothing,86,South Carolina,M,White,Winter,3.3,Yes,Free Shipping,Yes,Yes,4,Debit Card,Quarterly,Adult,90,4.06,693.16,0
138,68,Male,Sneakers,Footwear,43,Colorado,M,Turquoise,Spring,4.7,Yes,Free Shipping,Yes,Yes,38,PayPal,Weekly,Senior,7,52.14,3876.02,0
139,68,Male,Skirt,Clothing,29,Georgia,M,Maroon,Winter,4.4,Yes,Store Pickup,Yes,Yes,42,Bank Transfer,Weekly,Senior,7,52.14,2730.06,0
140,49,Male,Coat,Outerwear,95,Florida,M,White,Fall,3.8,Yes,Store Pickup,Yes,Yes,30,Venmo,Annually,Middle-aged,365,1.0,2945.0,0
141,63,Male,Shirt,Clothing,28,North Carolina,L,Yellow,Fall,3.9,Yes,2-Day Shipping,Yes,Yes,50,Credit Card,Weekly,Senior,7,52.14,2859.92,0
142,56,Male,Gloves,Accessories,46,Virginia,M,Turquoise,Fall,4.9,Yes,Free Shipping,Yes,Yes,45,PayPal,Weekly,Middle-aged,7,52.14,4468.44,0
143,37,Male,Jacket,Outerwear,58,Nebraska,L,Violet,Fall,3.1,Yes,Free Shipping,Yes,Yes,33,Credit Card,Fortnightly,Adult,14,26.07,3426.06,0
144,30,Male,Coat,Outerwear,48,Missouri,M,Beige,Fall,2.7,Yes,Store Pickup,Yes,Yes,25,PayPal,Quarterly,Young Adult,90,4.06,1394.88,0
145,19,Male,Shoes,Footwear,43,New Jersey,M,Silver,Fall,3.2,Yes,Express,Yes,Yes,25,Cash,Monthly,Young Adult,30,12.17,1598.31,0
146,24,Male,Jewelry,Accessories,95,Missouri,M,Teal,Fall,4.5,Yes,Standard,Yes,Yes,44,Debit Card,Quarterly,Young Adult,90,4.06,4565.7,0
147,52,Male,Skirt,Clothing,30,Colorado,S,Black,Fall,4.0,Yes,Standard,Yes,Yes,21,Venmo,Fortnightly,Middle-aged,14,26.07,1412.1,0
148,63,Male,Shoes,Footwear,64,Idaho,M,Purple,Summer,3.5,Yes,2-Day Shipping,Yes,Yes,31,Bank Transfer,Fortnightly,Senior,14,26.07,3652.48,0
149,37,Male,Gloves,Accessories,90,Wyoming,M,Gray,Fall,2.6,Yes,Store Pickup,Yes,Yes,47,Debit Card,Annually,Adult,365,1.0,4320.0,0
150,38,Male,Pants,Clothing,76,Delaware,M,White,Summer,3.2,Yes,Free Shipping,Yes,Yes,14,PayPal,Monthly,Adult,30,12.17,1988.92,0
151,35,Male,Boots,Footwear,96,California,L,Cyan,Fall,4.9,Yes,Standard,Yes,Yes,17,Debit Card,Every 3 Months,Adult,90,4.06,2021.76,0
152,28,Male,Sunglasses,Accessories,47,North Dakota,L,Turquoise,Fall,4.5,Yes,Next Day Air,Yes,Yes,3,Venmo,Annually,Young Adult,365,1.0,188.0,0
153,30,Male,Shirt,Clothing,85,South Carolina,S,Brown,Summer,4.3,Yes,Express,Yes,Yes,42,Venmo,Annually,Young Adult,365,1.0,3655.0,0
154,69,Male,Hoodie,Clothing,55,North Carolina,M,Maroon,Winter,3.2,Yes,Standard,Yes,Yes,22,Debit Card,Annually,Senior,365,1.0,1265.0,0
155,41,Male,Dress,Clothing,98,Oklahoma,M,Charcoal,Fall,3.6,Yes,Next Day Air,Yes,Yes,21,Venmo,Quarterly,Adult,90,4.06,2455.88,0
156,63,Male,Socks,Clothing,77,Maine,S,Olive,Spring,4.3,Yes,Free Shipping,Yes,Yes,21,Bank Transfer,Quarterly,Senior,90,4.06,1929.62,0
157,35,Male,Shorts,Clothing,26,Missouri,M,Lavender,Fall,4.0,Yes,Standard,Yes,Yes,40,Debit Card,Annually,Adult,365,1.0,1066.0,0
158,36,Male,Hat,Accessories,68,Vermont,S,Yellow,Fall,3.0,Yes,Next Day Air,Yes,Yes,1,Bank Transfer,Fortnightly,Adult,14,26.07,1840.76,0
159,25,Male,Shirt,Clothing,73,Connecticut,XL,Teal,Fall,4.1,Yes,Standard,Yes,Yes,50,Bank Transfer,Monthly,Young Adult,30,12.17,4538.41,0
160,58,Male,Gloves,Accessories,27,New Hampshire,M,Charcoal,Fall,3.8,Yes,Store Pickup,Yes,Yes,39,Bank Transfer,Every 3 Months,Senior,90,4.06,1162.62,0
161,27,Male,Gloves,Accessories,23,Texas,M,Orange,Summer,4.6,Yes,Free Shipping,Yes,Yes,34,Venmo,Monthly,Young Adult,30,12.17,1061.91,0
162,65,Male,Backpack,Accessories,49,North Dakota,M,Olive,Fall,3.0,Yes,Express,Yes,Yes,29,Venmo,Fortnightly,Senior,14,26.07,2698.43,0
163,54,Male,Sunglasses,Accessories,74,California,M,Turquoise,Summer,3.0,Yes,Store Pickup,Yes,Yes,31,PayPal,Bi-Weekly,Middle-aged,14,26.07,4223.18,0
164,54,Male,Skirt,Clothing,67,Virginia,M,Purple,Summer,3.4,Yes,Standard,Yes,Yes,8,Debit Card,Weekly,Middle-aged,7,52.14,4029.38,0
165,59,Male,Handbag,Accessories,65,Delaware,S,Purple,Spring,2.6,Yes,Free Shipping,Yes,Yes,5,Credit Card,Fortnightly,Senior,14,26.07,2019.55,0
166,42,Male,Handbag,Accessories,60,Kentucky,S,Yellow,Winter,2.8,Yes,Store Pickup,Yes,Yes,7,Cash,Monthly,Adult,30,12.17,1150.2,0
167,46,Male,Sneakers,Footwear,31,Delaware,XL,Indigo,Fall,4.0,Yes,Store Pickup,Yes,Yes,30,Cash,Monthly,Middle-aged,30,12.17,1307.27,0
168,33,Male,Gloves,Accessories,27,Arkansas,M,Green,Fall,4.0,Yes,Express,Yes,Yes,14,Credit Card,Every 3 Months,Adult,90,4.06,487.62,0
169,34,Male,Shoes,Footwear,80,Louisiana,M,Magenta,Summer,3.0,Yes,Express,Yes,Yes,5,Cash,Fortnightly,Adult,14,26.07,2485.6,0
170,27,Male,Jacket,Outerwear,30,Nevada,S,Gold,Summer,3.3,Yes,Standard,Yes,Yes,3,PayPal,Every 3 Months,Young Adult,90,4.06,211.8,0
171,52,Male,Shirt,Clothing,25,Wyoming,M,Maroon,Fall,2.6,Yes,Store Pickup,Yes,Yes,46,Venmo,Bi-Weekly,Middle-aged,14,26.07,1801.75,0
172,29,Male,Shorts,Clothing,35,Virginia,M,Blue,Summer,3.6,Yes,Store Pickup,Yes,Yes,4,Credit Card,Weekly,Young Adult,7,52.14,1964.9,0
173,54,Male,Jewelry,Accessories,67,Nebraska,M,Violet,Summer,3.9,Yes,Next Day Air,Yes,Yes,42,Credit Card,Bi-Weekly,Middle-aged,14,26.07,4560.69,0
174,25,Male,Hat,Accessories,46,Hawaii,M,Turquoise,Fall,3.4,Yes,Standard,Yes,Yes,30,Cash,Annually,Young Adult,365,1.0,1426.0,0
175,41,Male,Shoes,Footwear,35,Vermont,L,Brown,Winter,3.5,Yes,Express,Yes,Yes,37,Venmo,Annually,Adult,365,1.0,1330.0,0
176,53,Male,Coat,Outerwear,86,Oklahoma,L,Violet,Fall,2.8,Yes,Next Day Air,Yes,Yes,2,Bank Transfer,Annually,Middle-aged,365,1.0,258.0,0
177,53,Male,Backpack,Accessories,81,New Hampshire,L,Black,Spring,2.7,Yes,Next Day Air,Yes,Yes,30,Credit Card,Quarterly,Middle-aged,90,4.06,2758.86,0
178,21,Male,Hoodie,Clothing,42,Kansas,L,Magenta,Fall,3.7,Yes,Next Day Air,Yes,Yes,47,Bank Transfer,Monthly,Young Adult,30,12.17,2485.14,0
179,61,Male,Skirt,Clothing,43,Idaho,L,Lavender,Fall,4.3,Yes,2-Day Shipping,Yes,Yes,21,PayPal,Quarterly,Senior,90,4.06,1077.58,0
180,64,Male,Boots,Footwear,31,Illinois,M,Violet,Fall,4.9,Yes,Store Pickup,Yes,Yes,9,Bank Transfer,Fortnightly,Senior,14,26.07,1087.17,0
181,51,Male,Sandals,Footwear,81,South Dakota,L,Green,Fall,3.3,Yes,Store Pickup,Yes,Yes,12,Debit Card,Fortnightly,Middle-aged,14,26.07,3083.67,0
182,32,Male,Pants,Clothing,61,Massachusetts,M,Beige,Summer,4.7,Yes,Next Day Air,Yes,Yes,4,Bank Transfer,Weekly,Adult,7,52.14,3424.54,0
183,38,Male,Gloves,Accessories,96,Alabama,XL,Purple,Summer,2.8,Yes,Store Pickup,Yes,Yes,10,Debit Card,Annually,Adult,365,1.0,1056.0,0
184,58,Male,Skirt,Clothing,29,Ohio,XL,Beige,Spring,3.6,Yes,2-Day Shipping,Yes,Yes,26,Credit Card,Weekly,Senior,7,52.14,2266.06,0
185,32,Male,Sneakers,Footwear,33,Hawaii,L,Cyan,Spring,3.0,Yes,Express,Yes,Yes,40,Cash,Fortnightly,Adult,14,26.07,2180.31,0
186,46,Male,T-shirt,Clothing,32,Wisconsin,XL,Silver,Summer,4.5,Yes,Store Pickup,Yes,Yes,34,Bank Transfer,Fortnightly,Middle-aged,14,26.07,1922.24,0
187,39,Male,Backpack,Accessories,56,Minnesota,S,Lavender,Summer,2.9,Yes,Standard,Yes,Yes,31,Debit Card,Annually,Adult,365,1.0,1792.0,0
188,19,Male,Shoes,Footwear,94,Georgia,S,Purple,Spring,3.3,Yes,Store Pickup,Yes,Yes,1,Bank Transfer,Bi-Weekly,Young Adult,14,26.07,2544.58,0
189,50,Male,Hoodie,Clothing,53,Arkansas,M,Pink,Spring,3.1,Yes,Express,Yes,Yes,5,Bank Transfer,Bi-Weekly,Middle-aged,14,26.07,1646.71,0
190,36,Male,Blouse,Clothing,82,West Virginia,M,Maroon,Fall,4.4,Yes,Next Day Air,Yes,Yes,4,Credit Card,Weekly,Adult,7,52.14,4603.48,0
191,65,Male,Coat,Outerwear,70,Indiana,XL,Beige,Fall,3.0,Yes,Free Shipping,Yes,Yes,48,Venmo,Quarterly,Senior,90,4.06,3644.2,0
192,64,Male,Hat,Accessories,76,Utah,M,Gray,Fall,3.9,Yes,Free Shipping,Yes,Yes,29,Cash,Every 3 Months,Senior,90,4.06,2512.56,0
193,46,Male,Shoes,Footwear,29,Nebraska,L,Turquoise,Summer,2.9,Yes,Express,Yes,Yes,12,PayPal,Bi-Weekly,Middle-aged,14,26.07,1104.03,0
194,36,Male,Belt,Accessories,100,North Dakota,S,Silver,Fall,3.0,Yes,Standard,Yes,Yes,29,Venmo,Annually,Adult,365,1.0,3000.0,0
195,51,Male,Backpack,Accessories,94,Missouri,M,Olive,Spring,3.1,Yes,Express,Yes,Yes,15,Debit Card,Quarterly,Middle-aged,90,4.06,1791.64,0
196,51,Male,Jacket,Outerwear,25,New York,M,Magenta,Fall,4.3,Yes,Free Shipping,Yes,Yes,34,Credit Card,Monthly,Middle-aged,30,12.17,1154.25,0
197,38,Male,Boots,Footwear,88,Washington,M,Lavender,Summer,3.9,Yes,Next Day Air,Yes,Yes,41,Credit Card,Fortnightly,Adult,14,26.07,5902.16,0
198,59,Male,Scarf,Accessories,78,South Carolina,M,Black,Fall,3.2,Yes,2-Day Shipping,Yes,Yes,41,Credit Card,Monthly,Senior,30,12.17,4147.26,0
199,57,Male,Jewelry,Accessories,45,Utah,M,Turquoise,Winter,4.8,Yes,Standard,Yes,Yes,39,Credit Card,Fortnightly,Middle-aged,14,26.07,2928.15,0
200,54,Male,Hat,Accessories,73,Idaho,XL,Green,Summer,3.8,Yes,Express,Yes,Yes,32,Cash,Weekly,Middle-aged,7,52.14,6142.22,0
201,25,Male,Dress,Clothing,61,Pennsylvania,S,Teal,Summer,3.3,Yes,Next Day Air,Yes,Yes,29,Venmo,Monthly,Young Adult,30,12.17,2511.37,0
202,69,Male,Blouse,Clothing,22,Missouri,S,Beige,Fall,4.3,Yes,Free Shipping,Yes,Yes,15,Bank Transfer,Annually,Senior,365,1.0,352.0,0
203,57,Male,Hat,Accessories,38,Nebraska,L,Magenta,Spring,2.7,Yes,Express,Yes,Yes,33,Venmo,Annually,Middle-aged,365,1.0,1292.0,0
204,70,Male,Scarf,Accessories,38,Indiana,S,Yellow,Fall,3.2,Yes,Next Day Air,Yes,Yes,18,Bank Transfer,Weekly,Senior,7,52.14,2665.32,0
205,24,Male,Sneakers,Footwear,100,Arizona,M,Yellow,Fall,4.0,Yes,Store Pickup,Yes,Yes,35,Cash,Bi-Weekly,Young Adult,14,26.07,6107.0,0
206,67,Male,Shirt,Clothing,64,Hawaii,M,Silver,Winter,3.0,Yes,Standard,Yes,Yes,25,PayPal,Weekly,Senior,7,52.14,4936.96,0
207,24,Male,T-shirt,Clothing,55,Wisconsin,L,Silver,Summer,4.2,Yes,Free Shipping,Yes,Yes,6,Venmo,Fortnightly,Young Adult,14,26.07,1763.85,0
208,62,Male,Gloves,Accessories,91,Rhode Island,M,Silver,Summer,2.9,Yes,Express,Yes,Yes,17,Bank Transfer,Bi-Weekly,Senior,14,26.07,3919.37,0
209,57,Male,Skirt,Clothing,38,Wisconsin,M,Gold,Spring,4.1,Yes,Store Pickup,Yes,Yes,17,Credit Card,Monthly,Middle-aged,30,12.17,1108.46,0
210,55,Male,Sandals,Footwear,97,Minnesota,S,Olive,Winter,3.2,Yes,Store Pickup,Yes,Yes,44,Cash,Every 3 Months,Middle-aged,90,4.06,4661.82,0
211,45,Male,Jacket,Outerwear,22,Vermont,L,Teal,Fall,3.0,Yes,2-Day Shipping,Yes,Yes,6,PayPal,Fortnightly,Middle-aged,14,26.07,705.54,0
212,69,Male,Skirt,Clothing,92,South Dakota,L,Maroon,Fall,4.2,Yes,2-Day Shipping,Yes,Yes,45,Debit Card,Fortnightly,Senior,14,26.07,6538.44,0
213,67,Male,Handbag,Accessories,84,Virginia,L,Blue,Fall,4.2,Yes,Express,Yes,Yes,7,Debit Card,Annually,Senior,365,1.0,672.0,0
214,30,Male,Handbag,Accessories,93,Nevada,L,Peach,Fall,4.4,Yes,Store Pickup,Yes,Yes,11,Debit Card,Every 3 Months,Young Adult,90,4.06,1400.58,0
215,24,Male,Jacket,Outerwear,50,Hawaii,L,Blue,Summer,4.2,Yes,Next Day Air,Yes,Yes,41,Cash,Every 3 Months,Young Adult,90,4.06,2253.0,0
216,62,Male,Scarf,Accessories,64,New Jersey,S,Orange,Spring,2.8,Yes,2-Day Shipping,Yes,Yes,24,PayPal,Bi-Weekly,Senior,14,26.07,3204.48,0
217,43,Male,Shorts,Clothing,61,Massachusetts,L,Yellow,Spring,3.7,Yes,Free Shipping,Yes,Yes,21,Venmo,Weekly,Adult,7,52.14,4461.54,0
218,35,Male,Sunglasses,Accessories,48,Oklahoma,M,Purple,Winter,3.5,Yes,Next Day Air,Yes,Yes,24,Bank Transfer,Annually,Adult,365,1.0,1200.0,0
219,28,Male,T-shirt,Clothing,45,California,S,Magenta,Spring,2.9,Yes,Store Pickup,Yes,Yes,8,Credit Card,Quarterly,Young Adult,90,4.06,542.7,0
220,32,Male,Belt,Accessories,88,Nevada,M,Cyan,Spring,3.0,Yes,Free Shipping,Yes,Yes,12,Cash,Fortnightly,Adult,14,26.07,3350.16,0
221,39,Male,Sneakers,Footwear,57,Arizona,S,Indigo,Spring,3.7,Yes,Express,Yes,Yes,48,Debit Card,Fortnightly,Adult,14,26.07,4221.99,0
222,28,Male,Hat,Accessories,68,North Carolina,XL,Magenta,Summer,4.4,Yes,Store Pickup,Yes,Yes,6,Bank Transfer,Quarterly,Young Adult,90,4.06,684.08,0
223,47,Male,Gloves,Accessories,94,New York,XL,Gray,Spring,4.5,Yes,2-Day Shipping,Yes,Yes,14,PayPal,Fortnightly,Middle-aged,14,26.07,3766.58,0
224,20,Male,Pants,Clothing,41,Wyoming,M,Turquoise,Spring,4.8,Yes,Free Shipping,Yes,Yes,34,PayPal,Annually,Young Adult,365,1.0,1435.0,0
225,63,Male,Socks,Clothing,83,South Dakota,S,Beige,Summer,2.9,Yes,Free Shipping,Yes,Yes,12,Cash,Every 3 Months,Senior,90,4.06,1332.98,0
226,25,Male,Jacket,Outerwear,22,Arkansas,M,Olive,Spring,3.2,Yes,Next Day Air,Yes,Yes,11,Bank Transfer,Annually,Young Adult,365,1.0,264.0,0
227,29,Male,Shoes,Footwear,74,Texas,L,Violet,Spring,3.3,Yes,Free Shipping,Yes,Yes,5,PayPal,Monthly,Young Adult,30,12.17,1270.58,0
228,50,Male,Jeans,Clothing,90,Rhode Island,M,Turquoise,Winter,4.2,Yes,Standard,Yes,Yes,25,Venmo,Fortnightly,Middle-aged,14,26.07,4596.3,0
229,18,Male,Socks,Clothing,79,New Hampshire,M,White,Spring,2.9,Yes,Store Pickup,Yes,Yes,11,Credit Card,Annually,Young Adult,365,1.0,948.0,0
230,70,Male,Sandals,Footwear,28,Ohio,S,Silver,Spring,4.6,Yes,Next Day Air,Yes,Yes,27,PayPal,Every 3 Months,Senior,90,4.06,869.68,0
231,66,Male,Scarf,Accessories,88,Utah,L,Olive,Fall,4.1,Yes,Standard,Yes,Yes,43,Credit Card,Annually,Senior,365,1.0,3872.0,0
232,28,Male,Blouse,Clothing,26,Tennessee,M,Blue,Spring,3.1,Yes,2-Day Shipping,Yes,Yes,18,Debit Card,Every 3 Months,Young Adult,90,4.06,573.56,0
233,54,Male,Jewelry,Accessories,27,Hawaii,L,Purple,Winter,4.2,Yes,Express,Yes,Yes,32,Bank Transfer,Bi-Weekly,Middle-aged,14,26.07,1567.89,0
234,19,Male,Sweater,Clothing,83,Arizona,XL,Yellow,Fall,4.5,Yes,Next Day Air,Yes,Yes,27,Bank Transfer,Every 3 Months,Young Adult,90,4.06,2577.98,0
235,20,Male,Gloves,Accessories,39,South Dakota,S,Silver,Summer,3.7,Yes,Next Day Air,Yes,Yes,24,Credit Card,Weekly,Young Adult,7,52.14,2969.46,0
236,43,Male,Sunglasses,Accessories,89,New Jersey,M,Cyan,Winter,3.7,Yes,Free Shipping,Yes,Yes,31,Debit Card,Quarterly,Adult,90,4.06,3120.34,0
237,38,Male,Coat,Outerwear,68,North Dakota,L,Green,Winter,3.4,Yes,Next Day Air,Yes,Yes,39,PayPal,Fortnightly,Adult,14,26.07,4424.76,0
238,50,Male,Dress,Clothing,90,Iowa,M,Beige,Summer,3.0,Yes,Store Pickup,Yes,Yes,36,Debit Card,Fortnightly,Middle-aged,14,26.07,5586.3,0
239,64,Male,Skirt,Clothing,34,Ohio,M,Peach,Fall,4.2,Yes,Free Shipping,Yes,Yes,5,Cash,Annually,Senior,365,1.0,204.0,0
240,49,Male,Pants,Clothing,51,Vermont,L,Yellow,Summer,2.9,Yes,Express,Yes,Yes,47,Credit Card,Bi-Weekly,Middle-aged,14,26.07,3726.57,0
241,47,Male,Sweater,Clothing,45,Montana,XL,Turquoise,Winter,3.5,Yes,Free Shipping,Yes,Yes,29,Bank Transfer,Fortnightly,Middle-aged,14,26.07,2478.15,0
242,36,Male,Hoodie,Clothing,88,Delaware,M,Peach,Winter,4.1,Yes,Free Shipping,Yes,Yes,43,Venmo,Bi-Weekly,Adult,14,26.07,6078.16,0
243,55,Male,Coat,Outerwear,85,New York,L,Gray,Summer,4.3,Yes,Store Pickup,Yes,Yes,40,Debit Card,Every 3 Months,Middle-aged,90,4.06,3745.1,0
244,25,Male,Jewelry,Accessories,100,Kentucky,M,Olive,Winter,2.8,Yes,2-Day Shipping,Yes,Yes,4,Debit Card,Monthly,Young Adult,30,12.17,1617.0,0
245,53,Male,Belt,Accessories,42,Oregon,S,Indigo,Spring,4.9,Yes,2-Day Shipping,Yes,Yes,39,PayPal,Weekly,Middle-aged,7,52.14,3827.88,0
246,49,Male,Sandals,Footwear,53,Rhode Island,L,Charcoal,Summer,3.3,Yes,Next Day Air,Yes,Yes,45,Venmo,Fortnightly,Middle-aged,14,26.07,3766.71,0
247,35,Male,Sunglasses,Accessories,86,Nevada,XL,Beige,Spring,3.2,Yes,Express,Yes,Yes,20,Venmo,Bi-Weekly,Adult,14,26.07,3962.02,0
248,29,Male,Sweater,Clothing,66,Montana,XL,Brown,Spring,4.4,Yes,Standard,Yes,Yes,14,Debit Card,Weekly,Young Adult,7,52.14,4365.24,0
249,47,Male,Belt,Accessories,100,Pennsylvania,M,Blue,Winter,4.8,Yes,Express,Yes,Yes,33,PayPal,Weekly,Middle-aged,7,52.14,8514.0,0
250,53,Male,Handbag,Accessories,47,Alaska,S,Teal,Fall,4.2,Yes,Standard,Yes,Yes,18,Credit Card,Annually,Middle-aged,365,1.0,893.0,0
251,33,Male,Skirt,Clothing,25,Mississippi,L,Black,Fall,4.0,Yes,Express,Yes,Yes,9,Bank Transfer,Weekly,Adult,7,52.14,1528.5,0
252,21,Male,Handbag,Accessories,51,Wyoming,XL,Gold,Winter,2.5,Yes,Standard,Yes,Yes,34,PayPal,Annually,Young Adult,365,1.0,1785.0,0
253,32,Male,Shorts,Clothing,41,Delaware,M,Violet,Summer,3.9,Yes,Free Shipping,Yes,Yes,33,Venmo,Fortnightly,Adult,14,26.07,2421.87,0
254,52,Male,Boots,Footwear,73,Oklahoma,L,Cyan,Winter,4.9,Yes,2-Day Shipping,Yes,Yes,15,Bank Transfer,Bi-Weekly,Middle-aged,14,26.07,2998.11,0
255,67,Male,Sunglasses,Accessories,42,Indiana,M,White,Winter,3.5,Yes,Store Pickup,Yes,Yes,4,PayPal,Bi-Weekly,Senior,14,26.07,1262.94,0
256,43,Male,Scarf,Accessories,20,Maryland,M,Charcoal,Spring,4.2,Yes,Free Shipping,Yes,Yes,25,Debit Card,Annually,Adult,365,1.0,520.0,0
257,58,Male,Jewelry,Accessories,30,South Dakota,XL,Violet,Spring,4.7,Yes,Express,Yes,Yes,20,Credit Card,Every 3 Months,Senior,90,4.06,721.8,0
258,20,Male,Handbag,Accessories,53,West Virginia,M,Red,Summer,4.5,Yes,Express,Yes,Yes,5,Credit Card,Quarterly,Young Adult,90,4.06,480.18,0
259,61,Male,Gloves,Accessories,74,Alabama,S,Lavender,Spring,2.8,Yes,Express,Yes,Yes,16,Cash,Quarterly,Senior,90,4.06,1484.44,0
260,32,Male,Jeans,Clothing,57,Louisiana,M,Gold,Fall,2.9,Yes,Standard,Yes,Yes,13,Debit Card,Annually,Adult,365,1.0,798.0,0
261,38,Male,Hat,Accessories,57,Montana,S,Red,Winter,3.2,Yes,2-Day Shipping,Yes,Yes,11,Credit Card,Every 3 Months,Adult,90,4.06,858.42,0
262,21,Male,Jeans,Clothing,77,California,L,Magenta,Winter,4.9,Yes,Standard,Yes,Yes,21,Credit Card,Annually,Young Adult,365,1.0,1694.0,0
263,37,Male,Pants,Clothing,40,Hawaii,M,Teal,Summer,3.7,Yes,Next Day Air,Yes,Yes,6,Debit Card,Annually,Adult,365,1.0,280.0,0
264,27,Male,Shorts,Clothing,46,Iowa,M,Purple,Summer,4.3,Yes,Store Pickup,Yes,Yes,29,Venmo,Monthly,Young Adult,30,12.17,1893.82,0
265,36,Male,Pants,Clothing,78,Colorado,S,Charcoal,Fall,3.9,Yes,Store Pickup,Yes,Yes,15,Cash,Annually,Adult,365,1.0,1248.0,0
266,32,Male,Backpack,Accessories,59,Michigan,M,Gray,Spring,3.2,Yes,2-Day Shipping,Yes,Yes,17,Bank Transfer,Bi-Weekly,Adult,14,26.07,2541.13,0
267,51,Male,Jewelry,Accessories,75,Louisiana,L,White,Summer,3.1,Yes,Express,Yes,Yes,32,Credit Card,Weekly,Middle-aged,7,52.14,6310.5,0
268,64,Male,Sweater,Clothing,54,Maryland,M,Olive,Spring,3.9,Yes,2-Day Shipping,Yes,Yes,42,Venmo,Annually,Senior,365,1.0,2322.0,0
269,68,Male,Shoes,Footwear,42,Georgia,M,Charcoal,Spring,2.6,Yes,Store Pickup,Yes,Yes,21,Cash,Monthly,Senior,30,12.17,1393.14,0
270,68,Male,Blouse,Clothing,44,Georgia,M,Charcoal,Winter,3.3,Yes,Next Day Air,Yes,Yes,9,Cash,Bi-Weekly,Senior,14,26.07,1543.08,0
271,33,Male,Jeans,Clothing,52,North Dakota,XL,Orange,Fall,4.6,Yes,Free Shipping,Yes,Yes,16,Bank Transfer,Annually,Adult,365,1.0,884.0,0
272,65,Male,Sunglasses,Accessories,69,Maryland,XL,Yellow,Summer,4.6,Yes,Express,Yes,Yes,42,Credit Card,Fortnightly,Senior,14,26.07,4696.83,0
273,48,Male,Jewelry,Accessories,26,Oregon,M,Beige,Summer,4.4,Yes,2-Day Shipping,Yes,Yes,37,Debit Card,Bi-Weekly,Middle-aged,14,26.07,1639.82,0
274,69,Male,Coat,Outerwear,33,North Dakota,S,Silver,Spring,4.2,Yes,Express,Yes,Yes,32,Debit Card,Quarterly,Senior,90,4.06,1189.98,0
275,59,Male,Jewelry,Accessories,32,Maryland,M,Indigo,Spring,3.0,Yes,Express,Yes,Yes,28,Cash,Bi-Weekly,Senior,14,26.07,1730.24,0
276,48,Male,Backpack,Accessories,85,Virginia,XL,Lavender,Winter,4.0,Yes,Express,Yes,Yes,13,Credit Card,Weekly,Middle-aged,7,52.14,5536.9,0
277,25,Male,Skirt,Clothing,30,South Dakota,XL,Turquoise,Fall,3.5,Yes,Express,Yes,Yes,11,Bank Transfer,Fortnightly,Young Adult,14,26.07,1112.1,0
278,29,Male,Shirt,Clothing,29,Georgia,M,Green,Winter,3.0,Yes,Store Pickup,Yes,Yes,36,Bank Transfer,Bi-Weekly,Young Adult,14,26.07,1800.03,0
279,57,Male,Sweater,Clothing,95,Hawaii,M,Orange,Spring,3.7,Yes,Express,Yes,Yes,23,Debit Card,Annually,Middle-aged,365,1.0,2280.0,0
280,23,Male,Sneakers,Footwear,69,Arkansas,L,Turquoise,Summer,4.0,Yes,Standard,Yes,Yes,37,Bank Transfer,Monthly,Young Adult,30,12.17,3392.73,0
281,45,Male,Sandals,Footwear,69,Montana,S,Cyan,Fall,4.2,Yes,2-Day Shipping,Yes,Yes,21,Cash,Bi-Weekly,Middle-aged,14,26.07,3247.83,0
282,38,Male,Belt,Accessories,61,Oklahoma,XL,Charcoal,Spring,2.5,Yes,Standard,Yes,Yes,22,Debit Card,Bi-Weekly,Adult,14,26.07,2932.27,0
283,21,Male,Skirt,Clothing,94,Minnesota,M,Teal,Summer,3.0,Yes,2-Day Shipping,Yes,Yes,9,Cash,Monthly,Young Adult,30,12.17,1989.98,0
284,32,Male,Sweater,Clothing,30,Montana,S,Maroon,Fall,3.2,Yes,Next Day Air,Yes,Yes,16,Venmo,Annually,Adult,365,1.0,510.0,0
285,63,Male,Skirt,Clothing,45,Ohio,M,Red,Summer,3.5,Yes,Standard,Yes,Yes,4,PayPal,Quarterly,Senior,90,4.06,362.7,0
286,29,Male,Handbag,Accessories,39,Kentucky,XL,Yellow,Summer,4.8,Yes,Express,Yes,Yes,3,Debit Card,Bi-Weekly,Young Adult,14,26.07,1133.73,0
287,27,Male,Jewelry,Accessories,51,Nebraska,L,Gray,Summer,2.6,Yes,Store Pickup,Yes,Yes,6,Debit Card,Annually,Young Adult,365,1.0,357.0,0
288,56,Male,Scarf,Accessories,37,Delaware,L,Blue,Spring,3.4,Yes,2-Day Shipping,Yes,Yes,18,Venmo,Fortnightly,Middle-aged,14,26.07,1630.59,0
289,30,Male,T-shirt,Clothing,62,North Carolina,M,Lavender,Winter,3.7,Yes,2-Day Shipping,Yes,Yes,34,Venmo,Bi-Weekly,Young Adult,14,26.07,3724.34,0
290,49,Male,Coat,Outerwear,85,New York,M,Yellow,Fall,4.5,Yes,2-Day Shipping,Yes,Yes,26,Credit Card,Monthly,Middle-aged,30,12.17,3244.45,0
291,58,Male,T-shirt,Clothing,33,Colorado,M,Indigo,Winter,3.7,Yes,Standard,Yes,Yes,50,PayPal,Weekly,Senior,7,52.14,3370.62,0
292,57,Male,Dress,Clothing,26,Delaware,XL,Violet,Fall,3.3,Yes,Next Day Air,Yes,Yes,40,Bank Transfer,Monthly,Middle-aged,30,12.17,1356.42,0
293,60,Male,Shoes,Footwear,99,Utah,M,Green,Spring,4.7,Yes,Free Shipping,Yes,Yes,24,Cash,Quarterly,Senior,90,4.06,2777.94,0
294,69,Male,Handbag,Accessories,39,Connecticut,M,White,Spring,2.7,Yes,Express,Yes,Yes,33,PayPal,Annually,Senior,365,1.0,1326.0,0
295,70,Male,Skirt,Clothing,20,New Jersey,M,Gold,Spring,4.6,Yes,Store Pickup,Yes,Yes,19,Credit Card,Every 3 Months,Senior,90,4.06,461.2,0
296,53,Male,Sunglasses,Accessories,42,West Virginia,M,Indigo,Winter,2.7,Yes,Store Pickup,Yes,Yes,24,Credit Card,Quarterly,Middle-aged,90,4.06,1178.52,0
297,25,Male,Sandals,Footwear,74,Indiana,S,Lavender,Spring,4.8,Yes,2-Day Shipping,Yes,Yes,19,Credit Card,Weekly,Young Adult,7,52.14,5264.36,0
298,48,Male,Shoes,Footwear,26,Delaware,XL,Purple,Summer,4.4,Yes,Standard,Yes,Yes,4,Credit Card,Bi-Weekly,Middle-aged,14,26.07,781.82,0
299,69,Male,T-shirt,Clothing,53,Maryland,M,Lavender,Winter,4.0,Yes,Standard,Yes,Yes,11,Venmo,Every 3 Months,Senior,90,4.06,798.18,0
300,25,Male,Sneakers,Footwear,80,Pennsylvania,M,Maroon,Summer,3.2,Yes,Next Day Air,Yes,Yes,28,PayPal,Fortnightly,Young Adult,14,26.07,4325.6,0
301,29,Male,Hat,Accessories,98,Iowa,M,Teal,Spring,4.4,Yes,Store Pickup,Yes,Yes,24,PayPal,Weekly,Young Adult,7,52.14,7461.72,0
302,46,Male,Skirt,Clothing,95,Pennsylvania,M,Green,Spring,3.8,Yes,Standard,Yes,Yes,25,Credit Card,Every 3 Months,Middle-aged,90,4.06,2760.7,0
303,37,Male,Sweater,Clothing,44,Delaware,L,Olive,Summer,3.6,Yes,Express,Yes,Yes,27,Bank Transfer,Every 3 Months,Adult,90,4.06,1366.64,0
304,20,Male,Sandals,Footwear,60,Oregon,M,Turquoise,Summer,3.3,Yes,Next Day Air,Yes,Yes,49,Venmo,Weekly,Young Adult,7,52.14,6068.4,0
305,40,Male,Dress,Clothing,84,Oregon,M,Green,Winter,3.4,Yes,Next Day Air,Yes,Yes,45,Credit Card,Bi-Weekly,Adult,14,26.07,5969.88,0
306,60,Male,Sweater,Clothing,59,Utah,M,Teal,Fall,3.5,Yes,2-Day Shipping,Yes,Yes,26,PayPal,Annually,Senior,365,1.0,1593.0,0
307,26,Male,Jacket,Outerwear,49,North Dakota,S,White,Summer,3.6,Yes,Express,Yes,Yes,4,Cash,Annually,Young Adult,365,1.0,245.0,0
308,29,Male,Gloves,Accessories,32,Florida,M,Orange,Winter,3.2,Yes,Free Shipping,Yes,Yes,3,Credit Card,Every 3 Months,Young Adult,90,4.06,225.92,0
309,66,Male,Handbag,Accessories,29,Maryland,M,Beige,Fall,3.7,Yes,Standard,Yes,Yes,45,Venmo,Bi-Weekly,Senior,14,26.07,2061.03,0
310,66,Male,Dress,Clothing,22,Minnesota,M,Yellow,Spring,4.5,Yes,Standard,Yes,Yes,21,Cash,Fortnightly,Senior,14,26.07,1035.54,0
311,56,Male,Pants,Clothing,85,Montana,M,Charcoal,Winter,4.6,Yes,Standard,Yes,Yes,50,Cash,Fortnightly,Middle-aged,14,26.07,6465.95,0
312,69,Male,Jeans,Clothing,52,Rhode Island,L,Silver,Winter,4.1,Yes,Store Pickup,Yes,Yes,19,Bank Transfer,Monthly,Senior,30,12.17,1620.84,0
313,38,Male,Pants,Clothing,89,Massachusetts,L,Green,Spring,3.4,Yes,Next Day Air,Yes,Yes,6,PayPal,Annually,Adult,365,1.0,623.0,0
314,42,Male,Dress,Clothing,77,Vermont,M,Pink,Spring,3.7,Yes,Express,Yes,Yes,50,Credit Card,Every 3 Months,Adult,90,4.06,4162.62,0
315,30,Male,Pants,Clothing,24,New Jersey,M,Purple,Summer,3.3,Yes,Store Pickup,Yes,Yes,17,Debit Card,Every 3 Months,Young Adult,90,4.06,505.44,0
316,66,Male,Jewelry,Accessories,24,Wisconsin,XL,Orange,Spring,4.5,Yes,Express,Yes,Yes,24,Debit Card,Annually,Senior,365,1.0,600.0,0
317,36,Male,Handbag,Accessories,22,California,M,Charcoal,Fall,3.3,Yes,Free Shipping,Yes,Yes,46,Venmo,Monthly,Adult,30,12.17,1279.74,0
318,58,Male,Sweater,Clothing,82,West Virginia,L,Teal,Fall,4.3,Yes,Standard,Yes,Yes,42,Cash,Every 3 Months,Senior,90,4.06,3776.92,0
319,45,Male,Backpack,Accessories,67,South Dakota,M,Beige,Winter,2.5,Yes,Standard,Yes,Yes,10,Cash,Annually,Middle-aged,365,1.0,737.0,0
320,47,Male,Shorts,Clothing,74,Maine,XL,White,Spring,2.6,Yes,Standard,Yes,Yes,1,Cash,Every 3 Months,Middle-aged,90,4.06,374.44,0
321,66,Male,Jewelry,Accessories,72,Kansas,L,White,Summer,4.9,Yes,Standard,Yes,Yes,28,Debit Card,Quarterly,Senior,90,4.06,2308.32,0
322,41,Male,Sneakers,Footwear,36,Vermont,L,Orange,Summer,4.7,Yes,Free Shipping,Yes,Yes,48,Debit Card,Quarterly,Adult,90,4.06,1874.16,0
323,41,Male,Belt,Accessories,95,Tennessee,S,Cyan,Winter,3.0,Yes,Standard,Yes,Yes,47,Credit Card,Monthly,Adult,30,12.17,5621.15,0
324,66,Male,Hoodie,Clothing,78,Tennessee,M,Orange,Winter,3.5,Yes,Next Day Air,Yes,Yes,29,PayPal,Bi-Weekly,Senior,14,26.07,4295.46,0
325,37,Male,Shirt,Clothing,82,Wyoming,M,Olive,Summer,4.8,Yes,Standard,Yes,Yes,37,Venmo,Quarterly,Adult,90,4.06,3366.92,0
326,70,Male,Pants,Clothing,70,Vermont,M,Charcoal,Winter,4.3,Yes,Free Shipping,Yes,Yes,38,Debit Card,Annually,Senior,365,1.0,2730.0,0
327,62,Male,Scarf,Accessories,41,New Jersey,M,White,Fall,3.2,Yes,Store Pickup,Yes,Yes,48,Bank Transfer,Weekly,Senior,7,52.14,4105.74,0
328,61,Male,Coat,Outerwear,42,Iowa,M,Teal,Summer,3.1,Yes,Free Shipping,Yes,Yes,36,PayPal,Weekly,Senior,7,52.14,3701.88,0
329,48,Male,Coat,Outerwear,50,Florida,M,Yellow,Fall,2.8,Yes,Free Shipping,Yes,Yes,9,Credit Card,Weekly,Middle-aged,7,52.14,3057.0,0
330,70,Male,Socks,Clothing,31,Nevada,S,White,Summer,2.9,Yes,2-Day Shipping,Yes,Yes,34,Bank Transfer,Monthly,Senior,30,12.17,1431.27,0
331,46,Male,Sweater,Clothing,51,North Dakota,M,Beige,Winter,3.7,Yes,Express,Yes,Yes,43,Venmo,Bi-Weekly,Middle-aged,14,26.07,3522.57,0
332,31,Male,Shirt,Clothing,98,Florida,L,Beige,Fall,3.3,Yes,Store Pickup,Yes,Yes,46,PayPal,Quarterly,Young Adult,90,4.06,4905.88,0
333,19,Male,Shirt,Clothing,86,New York,M,Maroon,Winter,2.8,Yes,2-Day Shipping,Yes,Yes,5,Credit Card,Monthly,Young Adult,30,12.17,1476.62,0
334,39,Male,Sweater,Clothing,64,Alaska,M,Teal,Winter,4.5,Yes,Standard,Yes,Yes,15,Bank Transfer,Bi-Weekly,Adult,14,26.07,2628.48,0
335,41,Male,Blouse,Clothing,46,Kansas,M,Lavender,Fall,2.6,Yes,Next Day Air,Yes,Yes,30,Credit Card,Annually,Adult,365,1.0,1426.0,0
336,20,Male,Sweater,Clothing,85,Oregon,L,Maroon,Spring,3.7,Yes,Standard,Yes,Yes,44,Venmo,Every 3 Months,Young Adult,90,4.06,4085.1,0
337,36,Male,Hat,Accessories,81,Rhode Island,S,Orange,Fall,4.4,Yes,Express,Yes,Yes,16,PayPal,Annually,Adult,365,1.0,1377.0,0
338,32,Male,Sweater,Clothing,59,New Mexico,M,Cyan,Winter,4.3,Yes,2-Day Shipping,Yes,Yes,16,Bank Transfer,Annually,Adult,365,1.0,1003.0,0
339,69,Male,Hoodie,Clothing,79,Massachusetts,M,Silver,Winter,3.5,Yes,Express,Yes,Yes,16,Cash,Weekly,Senior,7,52.14,5383.06,0
340,40,Male,Shorts,Clothing,33,Pennsylvania,M,Teal,Spring,3.8,Yes,2-Day Shipping,Yes,Yes,21,Credit Card,Every 3 Months,Adult,90,4.06,826.98,0
341,40,Male,Shorts,Clothing,47,New Jersey,L,Blue,Summer,3.5,Yes,Express,Yes,Yes,39,Venmo,Every 3 Months,Adult,90,4.06,2023.82,0
342,20,Male,Hat,Accessories,20,Utah,S,Blue,Summer,4.6,Yes,Store Pickup,Yes,Yes,40,Debit Card,Bi-Weekly,Young Adult,14,26.07,1321.4,0
343,64,Male,Coat,Outerwear,36,Kentucky,M,Olive,Spring,2.6,Yes,Next Day Air,Yes,Yes,48,Credit Card,Every 3 Months,Senior,90,4.06,1874.16,0
344,27,Male,Sandals,Footwear,39,Nebraska,M,Purple,Summer,4.4,Yes,Next Day Air,Yes,Yes,26,Venmo,Monthly,Young Adult,30,12.17,1488.63,0
345,24,Male,Skirt,Clothing,71,Virginia,M,Charcoal,Winter,4.0,Yes,Standard,Yes,Yes,46,Debit Card,Monthly,Young Adult,30,12.17,4130.07,0
346,48,Male,Shoes,Footwear,59,Wyoming,S,Olive,Winter,4.4,Yes,Next Day Air,Yes,Yes,27,Bank Transfer,Annually,Middle-aged,365,1.0,1652.0,0
347,49,Male,Jeans,Clothing,50,New Mexico,L,Violet,Spring,4.7,Yes,Next Day Air,Yes,Yes,5,Cash,Weekly,Middle-aged,7,52.14,2857.0,0
348,36,Male,Sandals,Footwear,41,Oregon,L,Red,Fall,3.9,Yes,Store Pickup,Yes,Yes,43,PayPal,Fortnightly,Adult,14,26.07,2831.87,0
349,56,Male,Blouse,Clothing,59,South Carolina,M,Beige,Fall,2.7,Yes,Free Shipping,Yes,Yes,17,PayPal,Fortnightly,Middle-aged,14,26.07,2541.13,0
350,37,Male,Hat,Accessories,87,Arizona,M,Green,Winter,3.7,Yes,2-Day Shipping,Yes,Yes,3,Bank Transfer,Bi-Weekly,Adult,14,26.07,2529.09,0
351,42,Male,Sweater,Clothing,68,Kentucky,M,Violet,Spring,2.6,Yes,2-Day Shipping,Yes,Yes,47,Bank Transfer,Fortnightly,Adult,14,26.07,4968.76,0
352,28,Male,Skirt,Clothing,90,New York,M,Teal,Winter,3.9,Yes,Standard,Yes,Yes,24,Debit Card,Bi-Weekly,Young Adult,14,26.07,4506.3,0
353,27,Male,Jeans,Clothing,71,Texas,XL,Yellow,Fall,4.9,Yes,Next Day Air,Yes,Yes,12,Cash,Every 3 Months,Young Adult,90,4.06,1140.26,0
354,63,Male,Sneakers,Footwear,64,Missouri,L,Yellow,Fall,4.1,Yes,Store Pickup,Yes,Yes,35,Debit Card,Monthly,Senior,30,12.17,3018.88,0
355,58,Male,Jewelry,Accessories,76,Pennsylvania,S,Olive,Fall,3.0,Yes,Free Shipping,Yes,Yes,42,Venmo,Weekly,Senior,7,52.14,7154.64,0
356,37,Male,Jewelry,Accessories,42,Oregon,XL,Magenta,Fall,4.1,Yes,2-Day Shipping,Yes,Yes,1,PayPal,Every 3 Months,Adult,90,4.06,212.52,0
357,56,Male,Pants,Clothing,80,Nevada,L,Black,Spring,3.7,Yes,Standard,Yes,Yes,27,Cash,Weekly,Middle-aged,7,52.14,6331.2,0
358,18,Male,Belt,Accessories,56,Arkansas,M,Olive,Spring,4.0,Yes,Standard,Yes,Yes,16,Credit Card,Bi-Weekly,Young Adult,14,26.07,2355.92,0
359,48,Male,Hat,Accessories,25,Minnesota,XL,Magenta,Summer,3.6,Yes,Express,Yes,Yes,36,Credit Card,Every 3 Months,Middle-aged,90,4.06,1001.5,0
360,31,Male,Sneakers,Footwear,74,Georgia,M,Olive,Winter,3.0,Yes,Store Pickup,Yes,Yes,30,Credit Card,Every 3 Months,Young Adult,90,4.06,2520.44,0
361,51,Male,Pants,Clothing,30,Rhode Island,M,Teal,Summer,3.0,Yes,Standard,Yes,Yes,18,Debit Card,Fortnightly,Middle-aged,14,26.07,1322.1,0
362,65,Male,T-shirt,Clothing,96,Nevada,M,White,Spring,2.6,Yes,Free Shipping,Yes,Yes,45,Cash,Annually,Senior,365,1.0,4416.0,0
363,53,Male,Sneakers,Footwear,64,Texas,M,Charcoal,Fall,3.4,Yes,Free Shipping,Yes,Yes,1,Venmo,Fortnightly,Middle-aged,14,26.07,1732.48,0
364,55,Male,Shorts,Clothing,88,Florida,L,Yellow,Winter,3.1,Yes,Free Shipping,Yes,Yes,42,Bank Transfer,Fortnightly,Middle-aged,14,26.07,5990.16,0
365,62,Male,Shoes,Footwear,88,North Dakota,L,Charcoal,Summer,3.0,Yes,Free Shipping,Yes,Yes,7,Venmo,Every 3 Months,Senior,90,4.06,973.28,0
366,55,Male,Gloves,Accessories,88,West Virginia,XL,Gray,Summer,3.7,Yes,Standard,Yes,Yes,50,PayPal,Quarterly,Middle-aged,90,4.06,4757.28,0
367,64,Male,Socks,Clothing,36,Nebraska,M,Turquoise,Spring,3.5,Yes,Store Pickup,Yes,Yes,37,Venmo,Fortnightly,Senior,14,26.07,2270.52,0
368,52,Male,Dress,Clothing,40,Tennessee,XL,Cyan,Spring,2.8,Yes,Store Pickup,Yes,Yes,18,Bank Transfer,Monthly,Middle-aged,30,12.17,1206.8,0
369,24,Male,Handbag,Accessories,39,Oklahoma,M,Charcoal,Spring,4.5,Yes,Standard,Yes,Yes,29,Cash,Monthly,Young Adult,30,12.17,1605.63,0
370,38,Male,Belt,Accessories,40,Wisconsin,M,Silver,Summer,3.3,Yes,Store Pickup,Yes,Yes,45,PayPal,Quarterly,Adult,90,4.06,1962.4,0
371,59,Male,Scarf,Accessories,34,Oregon,M,Olive,Winter,3.4,Yes,Express,Yes,Yes,13,PayPal,Weekly,Senior,7,52.14,2214.76,0
372,27,Male,Sneakers,Footwear,83,North Carolina,S,Pink,Winter,3.2,Yes,2-Day Shipping,Yes,Yes,47,PayPal,Monthly,Young Adult,30,12.17,4911.11,0
373,24,Male,Sweater,Clothing,85,Pennsylvania,L,Orange,Summer,3.7,Yes,Standard,Yes,Yes,7,Debit Card,Weekly,Young Adult,7,52.14,5026.9,0
374,23,Male,Coat,Outerwear,27,North Dakota,L,White,Summer,4.6,Yes,Express,Yes,Yes,11,Venmo,Bi-Weekly,Young Adult,14,26.07,1000.89,0
375,69,Male,Jewelry,Accessories,78,Ohio,S,Purple,Spring,5.0,Yes,Store Pickup,Yes,Yes,39,Bank Transfer,Monthly,Senior,30,12.17,3991.26,0
376,59,Male,Sunglasses,Accessories,32,Oklahoma,M,Olive,Summer,4.4,Yes,Standard,Yes,Yes,6,Debit Card,Quarterly,Senior,90,4.06,321.92,0
377,51,Male,Shoes,Footwear,51,South Carolina,S,Gray,Fall,4.9,Yes,Express,Yes,Yes,2,Venmo,Bi-Weekly,Middle-aged,14,26.07,1431.57,0
378,63,Male,Scarf,Accessories,32,Maine,M,Silver,Spring,4.1,Yes,Standard,Yes,Yes,39,Credit Card,Every 3 Months,Senior,90,4.06,1377.92,0
379,54,Male,Dress,Clothing,62,Nevada,L,Orange,Winter,4.9,Yes,Next Day Air,Yes,Yes,23,Credit Card,Monthly,Middle-aged,30,12.17,2180.54,0
380,32,Male,T-shirt,Clothing,29,Montana,S,Magenta,Fall,4.7,Yes,2-Day Shipping,Yes,Yes,46,Debit Card,Bi-Weekly,Adult,14,26.07,2090.03,0
381,39,Male,Backpack,Accessories,69,New Hampshire,XL,Beige,Fall,3.0,Yes,Store Pickup,Yes,Yes,19,Bank Transfer,Weekly,Adult,7,52.14,4908.66,0
382,66,Male,Jewelry,Accessories,25,Maine,L,Lavender,Winter,3.4,Yes,Store Pickup,Yes,Yes,3,Credit Card,Every 3 Months,Senior,90,4.06,176.5,0
383,28,Male,Jeans,Clothing,76,California,M,Peach,Winter,3.2,Yes,Store Pickup,Yes,Yes,47,PayPal,Quarterly,Young Adult,90,4.06,3880.56,0
384,50,Male,Sunglasses,Accessories,77,West Virginia,S,Magenta,Fall,3.8,Yes,Standard,Yes,Yes,6,PayPal,Quarterly,Middle-aged,90,4.06,774.62,0
385,70,Male,Sweater,Clothing,33,California,M,Beige,Fall,4.5,Yes,2-Day Shipping,Yes,Yes,6,Venmo,Annually,Senior,365,1.0,231.0,0
386,67,Male,Shorts,Clothing,93,West Virginia,S,Yellow,Fall,2.7,Yes,Next Day Air,Yes,Yes,12,Credit Card,Bi-Weekly,Senior,14,26.07,3540.51,0
387,64,Male,Jewelry,Accessories,39,Louisiana,L,Brown,Spring,3.4,Yes,Express,Yes,Yes,40,PayPal,Quarterly,Senior,90,4.06,1718.34,0
388,45,Male,Coat,Outerwear,93,Georgia,L,Silver,Summer,4.6,Yes,Store Pickup,Yes,Yes,38,PayPal,Fortnightly,Middle-aged,14,26.07,5958.51,0
389,22,Male,Handbag,Accessories,82,Washington,M,Orange,Summer,2.7,Yes,Store Pickup,Yes,Yes,10,PayPal,Quarterly,Young Adult,90,4.06,1152.92,0
390,27,Male,Boots,Footwear,42,Virginia,L,Purple,Spring,4.2,Yes,Standard,Yes,Yes,28,Bank Transfer,Monthly,Young Adult,30,12.17,1687.14,0
391,25,Male,Gloves,Accessories,71,Indiana,M,Indigo,Winter,3.2,Yes,2-Day Shipping,Yes,Yes,19,PayPal,Annually,Young Adult,365,1.0,1420.0,0
392,37,Male,Sweater,Clothing,86,Minnesota,L,Gray,Spring,4.8,Yes,Standard,Yes,Yes,25,Cash,Fortnightly,Adult,14,26.07,4392.02,0
393,26,Male,T-shirt,Clothing,82,Idaho,XL,Black,Spring,3.3,Yes,Next Day Air,Yes,Yes,38,Credit Card,Annually,Young Adult,365,1.0,3198.0,0
394,33,Male,Shoes,Footwear,65,Vermont,L,Maroon,Fall,4.2,Yes,Standard,Yes,Yes,6,PayPal,Fortnightly,Adult,14,26.07,2084.55,0
395,43,Male,Scarf,Accessories,29,North Dakota,M,Beige,Spring,4.8,Yes,Store Pickup,Yes,Yes,7,Debit Card,Bi-Weekly,Adult,14,26.07,959.03,0
396,37,Male,Sneakers,Footwear,65,Rhode Island,L,Brown,Winter,4.9,Yes,Store Pickup,Yes,Yes,2,PayPal,Annually,Adult,365,1.0,195.0,0
397,46,Male,Dress,Clothing,88,South Carolina,S,Black,Fall,3.9,Yes,Standard,Yes,Yes,24,Bank Transfer,Annually,Middle-aged,365,1.0,2200.0,0
398,22,Male,Belt,Accessories,46,Mississippi,M,Indigo,Fall,3.0,Yes,Free Shipping,Yes,Yes,26,Cash,Annually,Young Adult,365,1.0,1242.0,0
399,20,Male,Boots,Footwear,67,Montana,S,Silver,Winter,4.6,Yes,Free Shipping,Yes,Yes,25,Debit Card,Every 3 Months,Young Adult,90,4.06,1947.02,0
400,60,Male,Scarf,Accessories,35,Idaho,L,Blue,Fall,3.5,Yes,2-Day Shipping,Yes,Yes,10,Debit Card,Monthly,Senior,30,12.17,775.95,0
401,39,Male,Boots,Footwear,66,Utah,M,Green,Winter,4.8,Yes,Free Shipping,Yes,Yes,14,PayPal,Fortnightly,Adult,14,26.07,2644.62,0
402,43,Male,T-shirt,Clothing,91,Oklahoma,L,Orange,Fall,4.8,Yes,Standard,Yes,Yes,21,Cash,Quarterly,Adult,90,4.06,2280.46,0
403,31,Male,Backpack,Accessories,78,California,L,Cyan,Fall,3.0,Yes,Express,Yes,Yes,26,PayPal,Monthly,Young Adult,30,12.17,2977.26,0
404,19,Male,Sneakers,Footwear,45,Nevada,M,Orange,Winter,4.5,Yes,Next Day Air,Yes,Yes,12,Bank Transfer,Annually,Young Adult,365,1.0,585.0,0
405,35,Male,T-shirt,Clothing,93,Delaware,M,Indigo,Spring,4.8,Yes,Store Pickup,Yes,Yes,11,Credit Card,Monthly,Adult,30,12.17,2154.81,0
406,41,Male,Jeans,Clothing,74,South Carolina,S,Silver,Summer,3.8,Yes,Standard,Yes,Yes,15,Cash,Annually,Adult,365,1.0,1184.0,0
407,52,Male,Gloves,Accessories,55,Maryland,M,Peach,Spring,4.6,Yes,Express,Yes,Yes,13,Cash,Monthly,Middle-aged,30,12.17,1384.35,0
408,45,Male,Hoodie,Clothing,76,North Carolina,XL,Teal,Spring,3.1,Yes,Next Day Air,Yes,Yes,5,Credit Card,Bi-Weekly,Middle-aged,14,26.07,2361.32,0
409,34,Male,Sneakers,Footwear,66,Alabama,L,White,Spring,3.4,Yes,Express,Yes,Yes,36,Cash,Fortnightly,Adult,14,26.07,4096.62,0
410,35,Male,Shorts,Clothing,51,Minnesota,M,Brown,Winter,3.3,Yes,2-Day Shipping,Yes,Yes,32,Bank Transfer,Monthly,Adult,30,12.17,2252.67,0
411,29,Male,Sweater,Clothing,26,Virginia,L,Lavender,Spring,4.8,Yes,2-Day Shipping,Yes,Yes,1,Credit Card,Quarterly,Young Adult,90,4.06,131.56,0
412,59,Male,Jeans,Clothing,29,Michigan,M,Indigo,Summer,2.8,Yes,Express,Yes,Yes,15,PayPal,Annually,Senior,365,1.0,464.0,0
413,24,Male,Jacket,Outerwear,74,Maine,M,Yellow,Summer,3.1,Yes,Store Pickup,Yes,Yes,3,Bank Transfer,Weekly,Young Adult,7,52.14,4080.36,0
414,70,Male,Jewelry,Accessories,99,Nevada,S,White,Summer,4.6,Yes,Free Shipping,Yes,Yes,48,Cash,Monthly,Senior,30,12.17,5956.83,0
415,29,Male,Backpack,Accessories,88,Wyoming,L,Violet,Winter,2.6,Yes,Store Pickup,Yes,Yes,30,Debit Card,Weekly,Young Adult,7,52.14,7228.32,0
416,67,Male,Coat,Outerwear,31,Connecticut,M,Lavender,Winter,2.6,Yes,Express,Yes,Yes,40,Bank Transfer,Monthly,Senior,30,12.17,1617.27,0
417,36,Male,Belt,Accessories,55,Oregon,L,Olive,Spring,3.8,Yes,Free Shipping,Yes,Yes,24,Bank Transfer,Fortnightly,Adult,14,26.07,2753.85,0
418,23,Male,Sandals,Footwear,81,Mississippi,L,Beige,Fall,4.5,Yes,Free Shipping,Yes,Yes,48,Debit Card,Quarterly,Young Adult,90,4.06,4216.86,0
419,18,Male,Sweater,Clothing,73,Illinois,L,Purple,Spring,3.0,Yes,Standard,Yes,Yes,27,Venmo,Bi-Weekly,Young Adult,14,26.07,3874.11,0
420,53,Male,Shorts,Clothing,91,Utah,S,Teal,Winter,3.7,Yes,Free Shipping,Yes,Yes,14,Credit Card,Every 3 Months,Middle-aged,90,4.06,1643.46,0
421,32,Male,Socks,Clothing,54,North Carolina,S,Peach,Spring,3.8,Yes,Free Shipping,Yes,Yes,18,Debit Card,Bi-Weekly,Adult,14,26.07,2379.78,0
422,38,Male,Shirt,Clothing,40,Kentucky,M,Violet,Winter,3.5,Yes,Standard,Yes,Yes,48,Cash,Bi-Weekly,Adult,14,26.07,2962.8,0
423,47,Male,Pants,Clothing,59,Minnesota,M,Purple,Fall,3.1,Yes,Store Pickup,Yes,Yes,32,Debit Card,Annually,Middle-aged,365,1.0,1947.0,0
424,46,Male,Scarf,Accessories,26,New York,L,Teal,Spring,3.0,Yes,Store Pickup,Yes,Yes,21,Credit Card,Bi-Weekly,Middle-aged,14,26.07,1223.82,0
425,66,Male,Sweater,Clothing,23,Illinois,M,Gold,Winter,4.3,Yes,Standard,Yes,Yes,42,PayPal,Fortnightly,Senior,14,26.07,1565.61,0
426,40,Male,Jeans,Clothing,87,North Dakota,S,Teal,Winter,3.3,Yes,Store Pickup,Yes,Yes,4,Credit Card,Quarterly,Adult,90,4.06,701.22,0
427,43,Male,Pants,Clothing,71,Louisiana,M,Violet,Winter,4.7,Yes,Express,Yes,Yes,19,Credit Card,Quarterly,Adult,90,4.06,1637.26,0
428,58,Male,Backpack,Accessories,91,Illinois,L,Black,Winter,4.5,Yes,Store Pickup,Yes,Yes,6,Credit Card,Quarterly,Senior,90,4.06,915.46,0
429,21,Male,Coat,Outerwear,64,Wyoming,XL,Gold,Winter,2.9,Yes,Free Shipping,Yes,Yes,2,Debit Card,Fortnightly,Young Adult,14,26.07,1796.48,0
430,42,Male,Sandals,Footwear,94,Washington,M,Gold,Winter,4.1,Yes,2-Day Shipping,Yes,Yes,21,Cash,Fortnightly,Adult,14,26.07,4424.58,0
431,24,Male,Shirt,Clothing,40,Texas,M,Brown,Summer,3.5,Yes,Store Pickup,Yes,Yes,40,Debit Card,Annually,Young Adult,365,1.0,1640.0,0
432,43,Male,Hat,Accessories,76,New Hampshire,L,Cyan,Winter,3.4,Yes,Store Pickup,Yes,Yes,33,Cash,Fortnightly,Adult,14,26.07,4489.32,0
433,47,Male,Shirt,Clothing,86,Indiana,S,Indigo,Fall,3.3,Yes,Free Shipping,Yes,Yes,26,Venmo,Weekly,Middle-aged,7,52.14,6720.04,0
434,49,Male,Skirt,Clothing,92,Alabama,M,Orange,Fall,3.2,Yes,Store Pickup,Yes,Yes,23,Credit Card,Fortnightly,Middle-aged,14,26.07,4514.44,0
435,50,Male,Shoes,Footwear,52,Oklahoma,L,Pink,Spring,4.0,Yes,Store Pickup,Yes,Yes,39,PayPal,Every 3 Months,Middle-aged,90,4.06,2239.12,0
436,51,Male,Coat,Outerwear,28,Montana,XL,Olive,Winter,3.6,Yes,Next Day Air,Yes,Yes,42,Bank Transfer,Monthly,Middle-aged,30,12.17,1516.76,0
437,40,Male,Pants,Clothing,46,Tennessee,L,Cyan,Summer,4.6,Yes,Free Shipping,Yes,Yes,41,Bank Transfer,Weekly,Adult,7,52.14,4284.44,0
438,45,Male,Jewelry,Accessories,50,New Mexico,M,Peach,Summer,2.6,Yes,Next Day Air,Yes,Yes,41,PayPal,Annually,Middle-aged,365,1.0,2100.0,0
439,52,Male,Belt,Accessories,23,Iowa,M,Turquoise,Winter,4.3,Yes,Express,Yes,Yes,12,Credit Card,Fortnightly,Middle-aged,14,26.07,875.61,0
440,62,Male,Jacket,Outerwear,50,Idaho,M,Turquoise,Summer,3.4,Yes,Free Shipping,Yes,Yes,31,Cash,Monthly,Senior,30,12.17,2158.5,0
441,20,Male,Shirt,Clothing,89,Oklahoma,XL,Maroon,Winter,3.5,Yes,Store Pickup,Yes,Yes,34,Debit Card,Fortnightly,Young Adult,14,26.07,5346.23,0
442,43,Male,Hoodie,Clothing,81,Florida,M,Maroon,Winter,4.2,Yes,Standard,Yes,Yes,32,Credit Card,Annually,Adult,365,1.0,2673.0,0
443,29,Male,Sunglasses,Accessories,69,Michigan,M,Olive,Fall,3.8,Yes,Store Pickup,Yes,Yes,31,Credit Card,Quarterly,Young Adult,90,4.06,2419.14,0
444,22,Male,Sunglasses,Accessories,67,Hawaii,M,Magenta,Summer,3.6,Yes,Free Shipping,Yes,Yes,24,PayPal,Annually,Young Adult,365,1.0,1675.0,0
445,48,Male,Dress,Clothing,20,California,M,Red,Summer,4.3,Yes,Store Pickup,Yes,Yes,31,Debit Card,Annually,Middle-aged,365,1.0,640.0,0
446,42,Male,Boots,Footwear,29,Iowa,M,Olive,Fall,4.9,Yes,Standard,Yes,Yes,18,Venmo,Annually,Adult,365,1.0,551.0,0
447,19,Male,Shirt,Clothing,74,West Virginia,M,Silver,Summer,4.1,Yes,Store Pickup,Yes,Yes,15,Venmo,Monthly,Young Adult,30,12.17,2010.58,0
448,60,Male,Shorts,Clothing,82,Washington,S,Turquoise,Spring,3.6,Yes,Standard,Yes,Yes,7,Bank Transfer,Every 3 Months,Senior,90,4.06,906.92,0
449,32,Male,Gloves,Accessories,23,Missouri,M,Yellow,Summer,3.4,Yes,Next Day Air,Yes,Yes,35,Bank Transfer,Fortnightly,Adult,14,26.07,1404.61,0
450,26,Male,Jewelry,Accessories,45,New York,L,Peach,Summer,2.9,Yes,2-Day Shipping,Yes,Yes,35,Bank Transfer,Monthly,Young Adult,30,12.17,2122.65,0
451,25,Male,Boots,Footwear,21,Connecticut,L,Beige,Summer,2.7,Yes,Store Pickup,Yes,Yes,19,Credit Card,Monthly,Young Adult,30,12.17,654.57,0
452,66,Male,Jewelry,Accessories,31,Virginia,M,Pink,Summer,4.3,Yes,Express,Yes,Yes,26,Credit Card,Fortnightly,Senior,14,26.07,1614.17,0
453,45,Male,Pants,Clothing,45,Missouri,M,Violet,Summer,3.7,Yes,Express,Yes,Yes,39,PayPal,Fortnightly,Middle-aged,14,26.07,2928.15,0
454,54,Male,Jewelry,Accessories,56,Nebraska,XL,Peach,Winter,2.8,Yes,Next Day Air,Yes,Yes,22,Credit Card,Weekly,Middle-aged,7,52.14,4151.84,0
455,37,Male,Jacket,Outerwear,97,New Jersey,S,Gold,Summer,3.2,Yes,Next Day Air,Yes,Yes,14,Cash,Bi-Weekly,Adult,14,26.07,3886.79,0
456,54,Male,Blouse,Clothing,100,Utah,XL,Gold,Fall,3.6,Yes,Store Pickup,Yes,Yes,50,Debit Card,Fortnightly,Middle-aged,14,26.07,7607.0,0
457,50,Male,Blouse,Clothing,96,North Carolina,S,Indigo,Fall,4.0,Yes,2-Day Shipping,Yes,Yes,33,Credit Card,Quarterly,Middle-aged,90,4.06,3557.76,0
458,25,Male,Gloves,Accessories,99,Rhode Island,M,Blue,Spring,4.9,Yes,Next Day Air,Yes,Yes,48,Debit Card,Every 3 Months,Young Adult,90,4.06,5153.94,0
459,47,Male,Shorts,Clothing,91,Arkansas,L,Black,Winter,4.0,Yes,2-Day Shipping,Yes,Yes,48,PayPal,Monthly,Middle-aged,30,12.17,5475.47,0
460,63,Male,Hat,Accessories,30,Maryland,L,Black,Winter,3.8,Yes,Standard,Yes,Yes,27,PayPal,Fortnightly,Senior,14,26.07,1592.1,0
461,64,Male,Shoes,Footwear,65,South Carolina,L,Teal,Summer,3.8,Yes,Store Pickup,Yes,Yes,27,Bank Transfer,Weekly,Senior,7,52.14,5144.1,0
462,18,Male,Boots,Footwear,93,Ohio,M,Yellow,Winter,3.9,Yes,Express,Yes,Yes,20,Venmo,Weekly,Young Adult,7,52.14,6709.02,0
463,59,Male,Jacket,Outerwear,81,Illinois,M,White,Fall,3.3,Yes,Express,Yes,Yes,48,Venmo,Every 3 Months,Senior,90,4.06,4216.86,0
464,37,Male,Jewelry,Accessories,81,Georgia,S,Orange,Summer,2.7,Yes,Standard,Yes,Yes,29,Venmo,Weekly,Adult,7,52.14,6572.34,0
465,23,Male,Sunglasses,Accessories,52,Alabama,M,Silver,Winter,4.7,Yes,Next Day Air,Yes,Yes,45,PayPal,Monthly,Young Adult,30,12.17,2972.84,0
466,54,Male,Skirt,Clothing,88,Oklahoma,M,Pink,Summer,2.8,Yes,Next Day Air,Yes,Yes,25,Cash,Quarterly,Middle-aged,90,4.06,2557.28,0
467,38,Male,Jeans,Clothing,24,Vermont,L,Turquoise,Winter,4.6,Yes,Free Shipping,Yes,Yes,25,PayPal,Weekly,Adult,7,52.14,1851.36,0
468,19,Male,Backpack,Accessories,51,Nebraska,S,Orange,Spring,4.5,Yes,2-Day Shipping,Yes,Yes,37,Debit Card,Every 3 Months,Young Adult,90,4.06,2094.06,0
469,34,Male,Backpack,Accessories,38,Georgia,S,Peach,Fall,5.0,Yes,Free Shipping,Yes,Yes,16,Cash,Quarterly,Adult,90,4.06,762.28,0
470,21,Male,Shorts,Clothing,46,Alabama,L,Pink,Fall,4.1,Yes,2-Day Shipping,Yes,Yes,30,Debit Card,Bi-Weekly,Young Adult,14,26.07,2579.22,0
471,50,Male,Dress,Clothing,63,Minnesota,L,Teal,Summer,4.6,Yes,Express,Yes,Yes,6,Cash,Every 3 Months,Middle-aged,90,4.06,633.78,0
472,55,Male,Scarf,Accessories,72,Missouri,XL,White,Winter,4.9,Yes,2-Day Shipping,Yes,Yes,36,Bank Transfer,Quarterly,Middle-aged,90,4.06,2884.32,0
473,20,Male,Jeans,Clothing,39,Georgia,L,Gray,Winter,3.9,Yes,Free Shipping,Yes,Yes,3,Bank Transfer,Quarterly,Young Adult,90,4.06,275.34,0
474,34,Male,Coat,Outerwear,42,West Virginia,L,Olive,Spring,3.9,Yes,Store Pickup,Yes,Yes,29,PayPal,Every 3 Months,Adult,90,4.06,1388.52,0
475,62,Male,Sweater,Clothing,76,Arkansas,XL,Maroon,Summer,2.6,Yes,2-Day Shipping,Yes,Yes,15,Cash,Quarterly,Senior,90,4.06,1448.56,0
476,21,Male,Sneakers,Footwear,66,Ohio,L,Magenta,Summer,2.7,Yes,Free Shipping,Yes,Yes,18,Debit Card,Annually,Young Adult,365,1.0,1254.0,0
477,21,Male,Scarf,Accessories,90,Connecticut,M,Magenta,Spring,3.5,Yes,Free Shipping,Yes,Yes,2,Debit Card,Fortnightly,Young Adult,14,26.07,2526.3,0
478,42,Male,Sweater,Clothing,56,North Dakota,M,Green,Summer,3.7,Yes,Free Shipping,Yes,Yes,49,Debit Card,Weekly,Adult,7,52.14,5663.84,0
479,35,Male,Jewelry,Accessories,43,Kansas,XL,Turquoise,Winter,3.2,Yes,Free Shipping,Yes,Yes,48,Venmo,Annually,Adult,365,1.0,2107.0,0
480,39,Male,Handbag,Accessories,84,Iowa,L,Yellow,Winter,3.3,Yes,Store Pickup,Yes,Yes,43,Venmo,Monthly,Adult,30,12.17,4634.28,0
481,68,Male,Hoodie,Clothing,88,Vermont,M,Gray,Summer,4.8,Yes,Standard,Yes,Yes,30,Debit Card,Bi-Weekly,Senior,14,26.07,4934.16,0
482,46,Male,Hat,Accessories,88,Wisconsin,L,Peach,Fall,3.2,Yes,2-Day Shipping,Yes,Yes,10,PayPal,Fortnightly,Middle-aged,14,26.07,3174.16,0
483,41,Male,Belt,Accessories,42,Connecticut,M,Yellow,Winter,2.5,Yes,2-Day Shipping,Yes,Yes,11,Venmo,Annually,Adult,365,1.0,504.0,0
484,23,Male,Hoodie,Clothing,73,Oklahoma,M,White,Fall,3.9,Yes,Store Pickup,Yes,Yes,12,Debit Card,Weekly,Young Adult,7,52.14,4682.22,0
485,68,Male,Hat,Accessories,73,Missouri,L,Lavender,Summer,4.7,Yes,Free Shipping,Yes,Yes,28,Bank Transfer,Quarterly,Senior,90,4.06,2340.38,0
486,48,Male,Shoes,Footwear,44,Tennessee,S,Blue,Spring,2.6,Yes,Next Day Air,Yes,Yes,36,Debit Card,Fortnightly,Middle-aged,14,26.07,2731.08,0
487,38,Male,Sandals,Footwear,63,New Mexico,M,Charcoal,Fall,2.8,Yes,Store Pickup,Yes,Yes,37,Venmo,Every 3 Months,Adult,90,4.06,2586.78,0
488,41,Male,Jacket,Outerwear,68,Iowa,L,Red,Winter,4.4,Yes,Store Pickup,Yes,Yes,22,Credit Card,Quarterly,Adult,90,4.06,1772.08,0
489,58,Male,Sweater,Clothing,29,Maine,L,Olive,Spring,4.6,Yes,Standard,Yes,Yes,32,Venmo,Weekly,Senior,7,52.14,2440.06,0
490,49,Male,Socks,Clothing,85,South Dakota,M,Green,Summer,3.2,Yes,Standard,Yes,Yes,40,PayPal,Annually,Middle-aged,365,1.0,3485.0,0
491,57,Male,Sneakers,Footwear,42,Colorado,M,Silver,Winter,4.2,Yes,2-Day Shipping,Yes,Yes,47,Cash,Monthly,Middle-aged,30,12.17,2485.14,0
492,49,Male,Coat,Outerwear,69,Vermont,M,Silver,Summer,3.8,Yes,2-Day Shipping,Yes,Yes,24,Credit Card,Bi-Weekly,Middle-aged,14,26.07,3454.83,0
493,50,Male,Shirt,Clothing,62,Michigan,M,Black,Fall,3.9,Yes,Standard,Yes,Yes,11,Debit Card,Weekly,Middle-aged,7,52.14,3914.68,0
494,28,Male,Backpack,Accessories,48,Nevada,XL,Red,Summer,4.7,Yes,Store Pickup,Yes,Yes,19,Cash,Bi-Weekly,Young Adult,14,26.07,2163.36,0
495,38,Male,Boots,Footwear,68,Indiana,M,Indigo,Winter,4.5,Yes,Express,Yes,Yes,42,Debit Card,Weekly,Adult,7,52.14,6401.52,0
496,33,Male,Handbag,Accessories,36,Michigan,XL,Cyan,Fall,3.3,Yes,Free Shipping,Yes,Yes,6,Debit Card,Fortnightly,Adult,14,26.07,1154.52,0
497,30,Male,Dress,Clothing,63,California,S,Maroon,Fall,3.3,Yes,Express,Yes,Yes,31,Venmo,Fortnightly,Young Adult,14,26.07,3595.41,0
498,43,Male,Sneakers,Footwear,39,Oklahoma,S,Silver,Winter,4.6,Yes,Free Shipping,Yes,Yes,31,Cash,Weekly,Adult,7,52.14,3242.46,0
499,43,Male,Boots,Footwear,78,Iowa,M,Lavender,Spring,3.6,Yes,Free Shipping,Yes,Yes,27,Bank Transfer,Monthly,Adult,30,12.17,3055.26,0
500,36,Male,Shoes,Footwear,99,Rhode Island,L,Silver,Winter,4.8,Yes,Express,Yes,Yes,24,PayPal,Monthly,Adult,30,12.17,3580.83,0
501,36,Male,T-shirt,Clothing,31,Washington,L,Purple,Fall,4.8,Yes,Next Day Air,Yes,Yes,35,Venmo,Every 3 Months,Adult,90,4.06,1210.86,0
502,64,Male,Boots,Footwear,45,Florida,M,Cyan,Spring,2.9,Yes,Next Day Air,Yes,Yes,21,Venmo,Annually,Senior,365,1.0,990.0,0
503,59,Male,Pants,Clothing,30,South Carolina,S,Cyan,Fall,2.8,Yes,Express,Yes,Yes,8,PayPal,Fortnightly,Senior,14,26.07,1022.1,0
504,55,Male,Shoes,Footwear,24,West Virginia,M,Lavender,Summer,3.2,Yes,Next Day Air,Yes,Yes,26,Bank Transfer,Quarterly,Middle-aged,90,4.06,721.44,0
505,42,Male,Shoes,Footwear,22,Missouri,M,Maroon,Winter,3.9,Yes,Free Shipping,Yes,Yes,26,PayPal,Annually,Adult,365,1.0,594.0,0
506,61,Male,T-shirt,Clothing,63,Maine,L,Gray,Spring,4.3,Yes,Express,Yes,Yes,9,Cash,Bi-Weekly,Senior,14,26.07,2209.41,0
507,28,Male,Scarf,Accessories,40,Georgia,M,Olive,Fall,2.7,Yes,2-Day Shipping,Yes,Yes,48,Debit Card,Annually,Young Adult,365,1.0,1960.0,0
508,65,Male,Shorts,Clothing,20,Maine,M,Magenta,Spring,5.0,Yes,Store Pickup,Yes,Yes,33,Debit Card,Fortnightly,Senior,14,26.07,1181.4,0
509,27,Male,Jewelry,Accessories,20,Illinois,S,Yellow,Winter,3.7,Yes,Store Pickup,Yes,Yes,31,PayPal,Quarterly,Young Adult,90,4.06,701.2,0
510,41,Male,T-shirt,Clothing,80,Delaware,L,Cyan,Summer,3.9,Yes,Free Shipping,Yes,Yes,17,Debit Card,Weekly,Adult,7,52.14,5531.2,0
511,21,Male,Shirt,Clothing,87,West Virginia,M,Teal,Fall,3.9,Yes,2-Day Shipping,Yes,Yes,22,Venmo,Annually,Young Adult,365,1.0,2001.0,0
512,61,Male,Shirt,Clothing,46,Hawaii,L,Yellow,Fall,3.1,Yes,Free Shipping,Yes,Yes,8,PayPal,Annually,Senior,365,1.0,414.0,0
513,19,Male,Gloves,Accessories,49,New York,L,Peach,Winter,3.8,Yes,Next Day Air,Yes,Yes,2,Bank Transfer,Monthly,Young Adult,30,12.17,694.33,0
514,22,Male,Scarf,Accessories,65,New Mexico,M,Peach,Fall,3.6,Yes,Store Pickup,Yes,Yes,45,Venmo,Annually,Young Adult,365,1.0,2990.0,0
515,64,Male,Skirt,Clothing,62,Indiana,S,Olive,Winter,4.3,Yes,Standard,Yes,Yes,47,PayPal,Quarterly,Senior,90,4.06,3165.72,0
516,28,Male,Hat,Accessories,67,Kentucky,L,Charcoal,Spring,4.5,Yes,Next Day Air,Yes,Yes,7,Cash,Monthly,Young Adult,30,12.17,1284.39,0
517,34,Male,Hoodie,Clothing,41,West Virginia,L,Indigo,Fall,2.8,Yes,2-Day Shipping,Yes,Yes,19,Debit Card,Bi-Weekly,Adult,14,26.07,1847.87,0
518,61,Male,Boots,Footwear,49,North Dakota,L,Silver,Fall,2.7,Yes,Free Shipping,Yes,Yes,44,Cash,Every 3 Months,Senior,90,4.06,2354.94,0
519,24,Male,Blouse,Clothing,100,Oregon,M,Beige,Fall,2.9,Yes,Next Day Air,Yes,Yes,16,Venmo,Every 3 Months,Young Adult,90,4.06,2006.0,0
520,19,Male,Belt,Accessories,54,Minnesota,L,Blue,Summer,4.4,Yes,2-Day Shipping,Yes,Yes,17,Bank Transfer,Quarterly,Young Adult,90,4.06,1137.24,0
521,51,Male,Sunglasses,Accessories,84,South Carolina,M,White,Spring,3.9,Yes,Free Shipping,Yes,Yes,20,Debit Card,Quarterly,Middle-aged,90,4.06,2021.04,0
522,36,Male,Shorts,Clothing,41,Vermont,L,Gold,Winter,3.5,Yes,Standard,Yes,Yes,50,Bank Transfer,Annually,Adult,365,1.0,2091.0,0
523,65,Male,Gloves,Accessories,88,Minnesota,M,Blue,Spring,2.5,Yes,Store Pickup,Yes,Yes,37,Cash,Quarterly,Senior,90,4.06,3613.28,0
524,46,Male,Sandals,Footwear,40,Delaware,M,Orange,Spring,4.9,Yes,Express,Yes,Yes,5,PayPal,Quarterly,Middle-aged,90,4.06,362.4,0
525,59,Male,Shirt,Clothing,39,Pennsylvania,M,Gold,Summer,4.8,Yes,Free Shipping,Yes,Yes,44,PayPal,Annually,Senior,365,1.0,1755.0,0
526,51,Male,Coat,Outerwear,37,Iowa,M,Cyan,Spring,3.2,Yes,Next Day Air,Yes,Yes,41,Debit Card,Monthly,Middle-aged,30,12.17,1967.29,0
527,51,Male,Pants,Clothing,52,New Jersey,S,Red,Winter,4.9,Yes,Standard,Yes,Yes,19,Cash,Monthly,Middle-aged,30,12.17,1620.84,0
528,21,Male,T-shirt,Clothing,23,South Carolina,L,Yellow,Winter,4.3,Yes,Next Day Air,Yes,Yes,47,Bank Transfer,Every 3 Months,Young Adult,90,4.06,1174.38,0
529,34,Male,Sneakers,Footwear,88,Maryland,S,Beige,Winter,3.2,Yes,Express,Yes,Yes,40,Cash,Annually,Adult,365,1.0,3608.0,0
530,32,Male,Shorts,Clothing,84,California,M,Orange,Fall,3.7,Yes,Standard,Yes,Yes,6,Credit Card,Monthly,Adult,30,12.17,1526.28,0
531,48,Male,Coat,Outerwear,37,Montana,XL,Magenta,Winter,3.2,Yes,Store Pickup,Yes,Yes,25,Credit Card,Bi-Weekly,Middle-aged,14,26.07,1889.59,0
532,50,Male,Sandals,Footwear,51,Vermont,L,Purple,Fall,3.4,Yes,Next Day Air,Yes,Yes,42,Cash,Weekly,Middle-aged,7,52.14,4801.14,0
533,26,Male,Pants,Clothing,76,Texas,L,Black,Winter,4.1,Yes,Express,Yes,Yes,35,Bank Transfer,Every 3 Months,Young Adult,90,4.06,2968.56,0
534,57,Male,Sandals,Footwear,60,North Carolina,L,Pink,Spring,4.5,Yes,Next Day Air,Yes,Yes,17,Debit Card,Weekly,Middle-aged,7,52.14,4148.4,0
535,65,Male,Gloves,Accessories,72,Florida,L,Pink,Fall,4.5,Yes,Next Day Air,Yes,Yes,4,PayPal,Quarterly,Senior,90,4.06,580.32,0
536,56,Male,T-shirt,Clothing,45,West Virginia,L,Maroon,Spring,3.2,Yes,Free Shipping,Yes,Yes,24,Bank Transfer,Weekly,Middle-aged,7,52.14,3426.3,0
537,44,Male,Jacket,Outerwear,84,Illinois,S,Maroon,Fall,4.4,Yes,Store Pickup,Yes,Yes,16,Debit Card,Every 3 Months,Adult,90,4.06,1685.04,0
538,50,Male,Blouse,Clothing,49,Virginia,S,Turquoise,Summer,3.0,Yes,Store Pickup,Yes,Yes,14,Debit Card,Annually,Middle-aged,365,1.0,735.0,0
539,27,Male,Socks,Clothing,22,Virginia,XL,Green,Spring,3.2,Yes,Free Shipping,Yes,Yes,43,Cash,Weekly,Young Adult,7,52.14,2093.08,0
540,49,Male,Coat,Outerwear,48,Wyoming,M,Violet,Winter,4.0,Yes,Store Pickup,Yes,Yes,49,Debit Card,Weekly,Middle-aged,7,52.14,4854.72,0
541,49,Male,Dress,Clothing,37,South Carolina,M,Lavender,Spring,3.1,Yes,Next Day Air,Yes,Yes,33,Cash,Every 3 Months,Middle-aged,90,4.06,1371.22,0
542,52,Male,Jacket,Outerwear,27,Connecticut,L,Gray,Fall,2.8,Yes,Next Day Air,Yes,Yes,45,Cash,Bi-Weekly,Middle-aged,14,26.07,1918.89,0
543,27,Male,Boots,Footwear,79,Illinois,XL,Teal,Spring,4.6,Yes,Next Day Air,Yes,Yes,35,Cash,Bi-Weekly,Young Adult,14,26.07,4824.53,0
544,53,Male,Skirt,Clothing,98,Alabama,S,Red,Spring,4.3,Yes,Express,Yes,Yes,11,Credit Card,Monthly,Middle-aged,30,12.17,2270.66,0
545,34,Male,Sandals,Footwear,64,Washington,S,Yellow,Summer,3.3,Yes,Standard,Yes,Yes,30,Bank Transfer,Every 3 Months,Adult,90,4.06,2179.84,0
546,33,Male,Coat,Outerwear,32,Alabama,L,Magenta,Summer,3.5,Yes,2-Day Shipping,Yes,Yes,48,Debit Card,Annually,Adult,365,1.0,1568.0,0
547,62,Male,Hoodie,Clothing,74,New Mexico,M,Brown,Winter,3.4,Yes,Free Shipping,Yes,Yes,45,Venmo,Bi-Weekly,Senior,14,26.07,5259.18,0
548,38,Male,Jacket,Outerwear,50,Nevada,M,Blue,Winter,2.8,Yes,Free Shipping,Yes,Yes,26,Venmo,Weekly,Adult,7,52.14,3907.0,0
549,36,Male,Backpack,Accessories,64,Nebraska,M,Black,Winter,4.6,Yes,Store Pickup,Yes,Yes,41,Debit Card,Every 3 Months,Adult,90,4.06,2883.84,0
550,31,Male,Backpack,Accessories,29,Arizona,S,Olive,Fall,3.6,Yes,Express,Yes,Yes,37,Venmo,Bi-Weekly,Young Adult,14,26.07,1829.03,0
551,62,Male,Belt,Accessories,62,Georgia,M,Olive,Summer,3.3,Yes,Store Pickup,Yes,Yes,12,PayPal,Weekly,Senior,7,52.14,3976.68,0
552,29,Male,Coat,Outerwear,78,Idaho,XL,Green,Fall,3.1,Yes,2-Day Shipping,Yes,Yes,27,Cash,Bi-Weekly,Young Adult,14,26.07,4139.46,0
553,24,Male,T-shirt,Clothing,94,Missouri,M,Peach,Fall,3.5,Yes,Express,Yes,Yes,18,Bank Transfer,Weekly,Young Adult,7,52.14,6593.16,0
554,63,Male,Sunglasses,Accessories,59,Florida,M,White,Winter,3.2,Yes,Express,Yes,Yes,15,Credit Card,Quarterly,Senior,90,4.06,1124.54,0
555,56,Male,Sneakers,Footwear,47,Minnesota,M,Red,Summer,3.0,Yes,Express,Yes,Yes,34,Bank Transfer,Weekly,Middle-aged,7,52.14,4048.58,0
556,63,Male,Gloves,Accessories,57,Maine,M,White,Fall,4.8,Yes,Express,Yes,Yes,37,Venmo,Annually,Senior,365,1.0,2166.0,0
557,40,Male,Coat,Outerwear,90,Montana,L,Indigo,Winter,5.0,Yes,Store Pickup,Yes,Yes,21,Cash,Fortnightly,Adult,14,26.07,4236.3,0
558,18,Male,Shirt,Clothing,60,Alaska,M,White,Spring,2.9,Yes,Free Shipping,Yes,Yes,31,Debit Card,Weekly,Young Adult,7,52.14,4988.4,0
559,50,Male,Sneakers,Footwear,77,Iowa,L,Teal,Fall,3.2,Yes,Express,Yes,Yes,43,Debit Card,Every 3 Months,Middle-aged,90,4.06,3623.62,0
560,66,Male,Scarf,Accessories,41,Arizona,M,Indigo,Fall,2.9,Yes,Store Pickup,Yes,Yes,22,Bank Transfer,Monthly,Senior,30,12.17,1400.97,0
561,25,Male,Jewelry,Accessories,48,Louisiana,L,Red,Fall,3.8,Yes,Free Shipping,Yes,Yes,12,Debit Card,Annually,Young Adult,365,1.0,624.0,0
562,65,Male,Jacket,Outerwear,65,Alabama,M,Blue,Fall,2.6,Yes,Next Day Air,Yes,Yes,25,PayPal,Fortnightly,Senior,14,26.07,3319.55,0
563,53,Male,Jeans,Clothing,62,Missouri,M,Blue,Summer,3.5,Yes,Standard,Yes,Yes,40,Debit Card,Annually,Middle-aged,365,1.0,2542.0,0
564,61,Male,Shoes,Footwear,99,Idaho,M,Black,Fall,4.4,Yes,Standard,Yes,Yes,16,Debit Card,Quarterly,Senior,90,4.06,1985.94,0
565,67,Male,Hoodie,Clothing,58,Florida,M,Olive,Winter,3.4,Yes,Next Day Air,Yes,Yes,30,Bank Transfer,Weekly,Senior,7,52.14,4764.12,0
566,59,Male,Backpack,Accessories,43,Idaho,L,Lavender,Fall,4.2,Yes,Store Pickup,Yes,Yes,10,Venmo,Weekly,Senior,7,52.14,2672.02,0
567,55,Male,Sneakers,Footwear,93,Alabama,M,Indigo,Spring,3.6,Yes,Store Pickup,Yes,Yes,1,Debit Card,Fortnightly,Middle-aged,14,26.07,2517.51,0
568,21,Male,Blouse,Clothing,50,New Hampshire,S,Red,Winter,3.0,Yes,Next Day Air,Yes,Yes,24,Venmo,Fortnightly,Young Adult,14,26.07,2503.5,0
569,44,Male,Pants,Clothing,88,Utah,L,Red,Summer,4.0,Yes,Free Shipping,Yes,Yes,36,PayPal,Monthly,Adult,30,12.17,4238.96,0
570,65,Male,Skirt,Clothing,33,Alabama,M,Pink,Fall,4.4,Yes,Express,Yes,Yes,46,Credit Card,Every 3 Months,Senior,90,4.06,1651.98,0
571,65,Male,T-shirt,Clothing,99,Iowa,XL,Purple,Fall,4.1,Yes,Standard,Yes,Yes,20,Cash,Annually,Senior,365,1.0,2079.0,0
572,54,Male,Jacket,Outerwear,76,Kentucky,XL,Cyan,Spring,3.6,Yes,Free Shipping,Yes,Yes,37,Venmo,Weekly,Middle-aged,7,52.14,6774.64,0
573,56,Male,Scarf,Accessories,97,South Carolina,XL,Cyan,Summer,4.6,Yes,Next Day Air,Yes,Yes,26,Bank Transfer,Annually,Middle-aged,365,1.0,2619.0,0
574,58,Male,Pants,Clothing,68,California,M,Charcoal,Summer,3.2,Yes,2-Day Shipping,Yes,Yes,23,Credit Card,Bi-Weekly,Senior,14,26.07,3336.76,0
575,54,Male,Sneakers,Footwear,79,Maine,L,Red,Fall,4.8,Yes,Free Shipping,Yes,Yes,20,Bank Transfer,Bi-Weekly,Middle-aged,14,26.07,3639.53,0
576,58,Male,Jeans,Clothing,86,Nebraska,M,Peach,Fall,4.8,Yes,Express,Yes,Yes,38,PayPal,Monthly,Senior,30,12.17,4314.62,0
577,48,Male,Hat,Accessories,68,Washington,M,Black,Winter,5.0,Yes,2-Day Shipping,Yes,Yes,5,Credit Card,Every 3 Months,Middle-aged,90,4.06,616.08,0
578,19,Male,Skirt,Clothing,52,Alabama,M,Black,Fall,3.7,Yes,Store Pickup,Yes,Yes,41,Venmo,Annually,Young Adult,365,1.0,2184.0,0
579,69,Male,Sandals,Footwear,90,Maine,M,Purple,Fall,4.6,Yes,Next Day Air,Yes,Yes,22,Credit Card,Fortnightly,Senior,14,26.07,4326.3,0
580,58,Male,Sandals,Footwear,41,California,M,Violet,Winter,3.7,Yes,Free Shipping,Yes,Yes,48,Credit Card,Annually,Senior,365,1.0,2009.0,0
581,49,Male,Sweater,Clothing,80,Iowa,M,Orange,Spring,4.1,Yes,Free Shipping,Yes,Yes,10,PayPal,Weekly,Middle-aged,7,52.14,4971.2,0
582,32,Male,Sweater,Clothing,100,Iowa,XL,Charcoal,Winter,2.7,Yes,Store Pickup,Yes,Yes,12,Bank Transfer,Every 3 Months,Adult,90,4.06,1606.0,0
583,40,Male,Jacket,Outerwear,77,Colorado,L,Turquoise,Spring,4.9,Yes,Store Pickup,Yes,Yes,2,Bank Transfer,Quarterly,Adult,90,4.06,466.62,0
584,25,Male,Shorts,Clothing,78,California,L,Yellow,Spring,4.0,Yes,Store Pickup,Yes,Yes,38,PayPal,Monthly,Young Adult,30,12.17,3913.26,0
585,70,Male,Socks,Clothing,94,Indiana,M,White,Spring,4.7,Yes,Free Shipping,Yes,Yes,20,Debit Card,Monthly,Senior,30,12.17,3023.98,0
586,69,Male,Socks,Clothing,23,South Carolina,M,Gray,Fall,2.8,Yes,Next Day Air,Yes,Yes,5,Cash,Every 3 Months,Senior,90,4.06,208.38,0
587,45,Male,Hoodie,Clothing,20,Wisconsin,S,Blue,Winter,4.9,Yes,2-Day Shipping,Yes,Yes,9,Venmo,Annually,Middle-aged,365,1.0,200.0,0
588,29,Male,Socks,Clothing,86,Washington,S,Maroon,Fall,4.2,Yes,Express,Yes,Yes,48,Debit Card,Every 3 Months,Young Adult,90,4.06,4477.16,0
589,47,Male,Boots,Footwear,60,South Dakota,M,Violet,Fall,3.0,Yes,Standard,Yes,Yes,9,Debit Card,Quarterly,Middle-aged,90,4.06,783.6,0
590,28,Male,Shirt,Clothing,70,Minnesota,M,Orange,Fall,3.4,Yes,2-Day Shipping,Yes,Yes,40,PayPal,Annually,Young Adult,365,1.0,2870.0,0
591,64,Male,Belt,Accessories,39,Alaska,S,Turquoise,Fall,4.6,Yes,Standard,Yes,Yes,30,Venmo,Fortnightly,Senior,14,26.07,2186.73,0
592,47,Male,Backpack,Accessories,37,Kentucky,L,Olive,Fall,4.2,Yes,Store Pickup,Yes,Yes,6,Debit Card,Bi-Weekly,Middle-aged,14,26.07,1186.59,0
593,60,Male,Boots,Footwear,29,North Dakota,M,Brown,Fall,3.2,Yes,Free Shipping,Yes,Yes,42,Venmo,Every 3 Months,Senior,90,4.06,1335.74,0
594,67,Male,Coat,Outerwear,35,Alaska,S,Green,Winter,4.4,Yes,Store Pickup,Yes,Yes,9,PayPal,Every 3 Months,Senior,90,4.06,457.1,0
595,35,Male,Hoodie,Clothing,83,Oklahoma,S,Brown,Winter,2.5,Yes,Next Day Air,Yes,Yes,6,Debit Card,Monthly,Adult,30,12.17,1508.11,0
596,30,Male,Shoes,Footwear,77,Delaware,M,Silver,Summer,3.6,Yes,Next Day Air,Yes,Yes,47,PayPal,Quarterly,Young Adult,90,4.06,3931.62,0
597,23,Male,Shoes,Footwear,37,Montana,XL,White,Summer,4.5,Yes,Store Pickup,Yes,Yes,36,Venmo,Annually,Young Adult,365,1.0,1369.0,0
598,70,Male,Jewelry,Accessories,69,Alaska,L,Gold,Summer,3.4,Yes,Standard,Yes,Yes,19,Bank Transfer,Fortnightly,Senior,14,26.07,3109.83,0
599,21,Male,Dress,Clothing,66,California,L,Green,Winter,3.2,Yes,2-Day Shipping,Yes,Yes,30,Cash,Every 3 Months,Young Adult,90,4.06,2247.96,0
600,51,Male,Boots,Footwear,26,Massachusetts,L,Teal,Spring,4.2,Yes,Standard,Yes,Yes,27,Debit Card,Every 3 Months,Middle-aged,90,4.06,807.56,0
601,22,Male,Hat,Accessories,63,South Carolina,M,Charcoal,Spring,5.0,Yes,2-Day Shipping,Yes,Yes,25,Venmo,Monthly,Young Adult,30,12.17,2341.71,0
602,32,Male,Backpack,Accessories,38,West Virginia,M,Maroon,Summer,4.7,Yes,Store Pickup,Yes,Yes,5,Cash,Fortnightly,Adult,14,26.07,1180.66,0
603,37,Male,Shoes,Footwear,58,Oregon,L,Lavender,Summer,4.2,Yes,Next Day Air,Yes,Yes,10,Cash,Every 3 Months,Adult,90,4.06,815.48,0
604,31,Male,Handbag,Accessories,46,Massachusetts,L,Green,Winter,3.4,Yes,2-Day Shipping,Yes,Yes,26,PayPal,Every 3 Months,Young Adult,90,4.06,1382.76,0
605,44,Male,Sunglasses,Accessories,92,West Virginia,S,Pink,Fall,4.4,Yes,Store Pickup,Yes,Yes,11,Credit Card,Every 3 Months,Adult,90,4.06,1385.52,0
606,40,Male,Hat,Accessories,32,California,XL,Charcoal,Winter,4.2,Yes,Standard,Yes,Yes,17,Bank Transfer,Weekly,Adult,7,52.14,2212.48,0
607,27,Male,Scarf,Accessories,90,Colorado,M,Blue,Spring,4.5,Yes,Standard,Yes,Yes,44,PayPal,Monthly,Young Adult,30,12.17,5055.3,0
608,47,Male,Hoodie,Clothing,23,Indiana,L,Purple,Fall,2.8,Yes,Next Day Air,Yes,Yes,44,Cash,Monthly,Middle-aged,30,12.17,1291.91,0
609,41,Male,Backpack,Accessories,25,Delaware,S,Gold,Fall,3.3,Yes,Next Day Air,Yes,Yes,21,Venmo,Every 3 Months,Adult,90,4.06,626.5,0
610,51,Male,Sweater,Clothing,54,Ohio,L,Purple,Fall,4.6,Yes,Next Day Air,Yes,Yes,49,Credit Card,Fortnightly,Middle-aged,14,26.07,4053.78,0
611,53,Male,Shorts,Clothing,72,Oklahoma,M,Charcoal,Summer,2.5,Yes,Free Shipping,Yes,Yes,27,Bank Transfer,Every 3 Months,Middle-aged,90,4.06,2236.32,0
612,43,Male,Scarf,Accessories,33,California,M,Black,Winter,4.7,Yes,Store Pickup,Yes,Yes,19,Cash,Monthly,Adult,30,12.17,1028.61,0
613,67,Male,Hat,Accessories,43,New Hampshire,L,Lavender,Fall,4.6,Yes,Express,Yes,Yes,33,Credit Card,Quarterly,Senior,90,4.06,1593.58,0
614,61,Male,Coat,Outerwear,51,Pennsylvania,L,Lavender,Fall,2.6,Yes,Standard,Yes,Yes,46,Cash,Bi-Weekly,Senior,14,26.07,3675.57,0
615,68,Male,Jewelry,Accessories,85,Idaho,M,Lavender,Winter,4.0,Yes,Standard,Yes,Yes,21,Credit Card,Bi-Weekly,Senior,14,26.07,4000.95,0
616,67,Male,Sandals,Footwear,100,Maryland,L,Olive,Summer,2.6,Yes,Next Day Air,Yes,Yes,23,Venmo,Annually,Senior,365,1.0,2400.0,0
617,29,Male,Gloves,Accessories,72,Pennsylvania,L,Teal,Spring,4.6,Yes,Free Shipping,Yes,Yes,38,Credit Card,Every 3 Months,Young Adult,90,4.06,3028.32,0
618,50,Male,Backpack,Accessories,57,Colorado,M,Maroon,Fall,2.6,Yes,Standard,Yes,Yes,2,Bank Transfer,Quarterly,Middle-aged,90,4.06,345.42,0
619,61,Male,Jacket,Outerwear,94,Indiana,L,Cyan,Spring,4.0,Yes,Express,Yes,Yes,21,Debit Card,Bi-Weekly,Senior,14,26.07,4424.58,0
620,19,Male,Backpack,Accessories,34,Nebraska,M,Charcoal,Summer,4.6,Yes,Store Pickup,Yes,Yes,1,Debit Card,Every 3 Months,Young Adult,90,4.06,172.04,0
621,33,Male,Backpack,Accessories,89,Rhode Island,M,Black,Fall,3.7,Yes,2-Day Shipping,Yes,Yes,10,Venmo,Every 3 Months,Adult,90,4.06,1251.34,0
622,51,Male,Sunglasses,Accessories,27,Kansas,S,Red,Fall,4.4,Yes,Store Pickup,Yes,Yes,45,Credit Card,Weekly,Middle-aged,7,52.14,2622.78,0
623,69,Male,Socks,Clothing,63,Georgia,S,Peach,Spring,4.0,Yes,Next Day Air,Yes,Yes,44,Bank Transfer,Fortnightly,Senior,14,26.07,4414.41,0
624,19,Male,Shoes,Footwear,70,Nevada,M,White,Fall,4.7,Yes,Standard,Yes,Yes,48,PayPal,Bi-Weekly,Young Adult,14,26.07,5184.9,0
625,55,Male,Pants,Clothing,87,South Carolina,XL,Pink,Fall,3.4,Yes,Express,Yes,Yes,21,PayPal,Annually,Middle-aged,365,1.0,1914.0,0
626,49,Male,Jewelry,Accessories,79,Delaware,M,Red,Fall,4.0,Yes,Next Day Air,Yes,Yes,1,Venmo,Weekly,Middle-aged,7,52.14,4198.06,0
627,31,Male,Sunglasses,Accessories,79,New Hampshire,M,Indigo,Spring,3.9,Yes,Standard,Yes,Yes,10,Venmo,Annually,Young Adult,365,1.0,869.0,0
628,42,Male,Sandals,Footwear,44,Oregon,L,Black,Winter,4.1,Yes,Express,Yes,Yes,24,PayPal,Monthly,Adult,30,12.17,1591.48,0
629,69,Male,Sweater,Clothing,85,Massachusetts,M,White,Fall,3.7,Yes,2-Day Shipping,Yes,Yes,29,Credit Card,Monthly,Senior,30,12.17,3499.45,0
630,26,Male,Shoes,Footwear,90,Vermont,L,Beige,Spring,4.7,Yes,Standard,Yes,Yes,11,Debit Card,Annually,Young Adult,365,1.0,1080.0,0
631,41,Male,Jewelry,Accessories,94,Mississippi,S,Silver,Fall,4.3,Yes,2-Day Shipping,Yes,Yes,33,Debit Card,Annually,Adult,365,1.0,3196.0,0
632,55,Male,Boots,Footwear,68,Washington,S,Violet,Summer,4.1,Yes,Store Pickup,Yes,Yes,27,Cash,Fortnightly,Middle-aged,14,26.07,3608.76,0
633,35,Male,Backpack,Accessories,51,Wyoming,M,Red,Winter,3.9,Yes,Next Day Air,Yes,Yes,19,Venmo,Fortnightly,Adult,14,26.07,2298.57,0
634,66,Male,Sandals,Footwear,33,Minnesota,M,Orange,Spring,2.9,Yes,Express,Yes,Yes,50,Debit Card,Quarterly,Senior,90,4.06,1783.98,0
635,36,Male,Sneakers,Footwear,60,Ohio,M,Teal,Summer,3.9,Yes,Standard,Yes,Yes,46,PayPal,Weekly,Adult,7,52.14,5888.4,0
636,27,Male,Hoodie,Clothing,59,South Carolina,M,Brown,Fall,4.3,Yes,2-Day Shipping,Yes,Yes,28,Cash,Quarterly,Young Adult,90,4.06,1891.54,0
637,41,Male,Handbag,Accessories,30,Wisconsin,M,Indigo,Summer,2.8,Yes,Store Pickup,Yes,Yes,14,Bank Transfer,Every 3 Months,Adult,90,4.06,541.8,0
638,21,Male,Sweater,Clothing,20,Tennessee,M,Cyan,Winter,3.4,Yes,2-Day Shipping,Yes,Yes,46,Cash,Fortnightly,Young Adult,14,26.07,1441.4,0
639,53,Male,Sandals,Footwear,20,Maryland,S,Blue,Summer,2.7,Yes,Express,Yes,Yes,41,PayPal,Monthly,Middle-aged,30,12.17,1063.4,0
640,54,Male,Dress,Clothing,24,Mississippi,L,Olive,Spring,4.0,Yes,2-Day Shipping,Yes,Yes,50,Credit Card,Annually,Middle-aged,365,1.0,1224.0,0
641,53,Male,Skirt,Clothing,88,Minnesota,M,Gray,Summer,4.4,Yes,Store Pickup,Yes,Yes,28,Debit Card,Fortnightly,Middle-aged,14,26.07,4758.16,0
642,47,Male,Blouse,Clothing,78,Alaska,M,Red,Winter,3.9,Yes,2-Day Shipping,Yes,Yes,23,Credit Card,Every 3 Months,Middle-aged,90,4.06,2110.68,0
643,64,Male,Skirt,Clothing,25,Arkansas,L,Red,Spring,2.8,Yes,2-Day Shipping,Yes,Yes,14,Debit Card,Bi-Weekly,Senior,14,26.07,1001.75,0
644,18,Male,Sweater,Clothing,57,Oregon,XL,Green,Winter,3.2,Yes,Next Day Air,Yes,Yes,10,Bank Transfer,Every 3 Months,Young Adult,90,4.06,801.42,0
645,68,Male,Backpack,Accessories,93,Louisiana,S,Blue,Summer,4.3,Yes,Next Day Air,Yes,Yes,37,Cash,Weekly,Senior,7,52.14,8290.02,0
646,62,Male,Hoodie,Clothing,42,Oklahoma,S,Purple,Summer,4.2,Yes,Express,Yes,Yes,15,Venmo,Bi-Weekly,Senior,14,26.07,1724.94,0
647,51,Male,Boots,Footwear,54,Indiana,XL,Pink,Spring,4.9,Yes,Standard,Yes,Yes,19,Venmo,Bi-Weekly,Middle-aged,14,26.07,2433.78,0
648,54,Male,Blouse,Clothing,70,Mississippi,XL,Charcoal,Summer,3.7,Yes,Express,Yes,Yes,23,Credit Card,Fortnightly,Middle-aged,14,26.07,3434.9,0
649,22,Male,Hoodie,Clothing,31,Michigan,M,Brown,Winter,4.1,Yes,Store Pickup,Yes,Yes,35,Credit Card,Weekly,Young Adult,7,52.14,2701.34,0
650,53,Male,Pants,Clothing,93,Delaware,L,Orange,Spring,4.2,Yes,Store Pickup,Yes,Yes,33,PayPal,Every 3 Months,Middle-aged,90,4.06,3446.58,0
651,34,Male,Gloves,Accessories,40,Florida,M,Magenta,Spring,3.9,Yes,Next Day Air,Yes,Yes,12,Bank Transfer,Annually,Adult,365,1.0,520.0,0
652,32,Male,Hat,Accessories,32,Arkansas,L,Yellow,Summer,2.9,Yes,Next Day Air,Yes,Yes,41,Venmo,Fortnightly,Adult,14,26.07,2146.24,0
653,64,Male,Sunglasses,Accessories,27,Minnesota,M,Beige,Winter,3.1,Yes,Free Shipping,Yes,Yes,27,Venmo,Weekly,Senior,7,52.14,2136.78,0
654,20,Male,Scarf,Accessories,68,North Dakota,M,Olive,Winter,3.6,Yes,2-Day Shipping,Yes,Yes,45,Cash,Fortnightly,Young Adult,14,26.07,4832.76,0
655,24,Male,Handbag,Accessories,59,California,L,Gray,Summer,4.4,Yes,2-Day Shipping,Yes,Yes,23,Venmo,Annually,Young Adult,365,1.0,1416.0,0
656,20,Male,Handbag,Accessories,36,Mississippi,S,Purple,Fall,3.1,Yes,Free Shipping,Yes,Yes,19,Venmo,Monthly,Young Adult,30,12.17,1122.12,0
657,42,Male,Jeans,Clothing,23,Pennsylvania,M,Beige,Summer,3.9,Yes,Standard,Yes,Yes,6,PayPal,Quarterly,Adult,90,4.06,231.38,0
658,48,Male,Jacket,Outerwear,80,Arizona,M,White,Winter,4.3,Yes,Free Shipping,Yes,Yes,6,PayPal,Quarterly,Middle-aged,90,4.06,804.8,0
659,62,Male,Backpack,Accessories,37,Louisiana,S,White,Fall,4.9,Yes,Store Pickup,Yes,Yes,20,Venmo,Weekly,Senior,7,52.14,2669.18,0
660,62,Male,Shorts,Clothing,52,Virginia,S,Gold,Spring,3.6,Yes,2-Day Shipping,Yes,Yes,8,Cash,Weekly,Senior,7,52.14,3127.28,0
661,50,Male,Coat,Outerwear,79,Montana,M,Olive,Fall,5.0,Yes,2-Day Shipping,Yes,Yes,39,Credit Card,Quarterly,Middle-aged,90,4.06,3401.74,0
662,57,Male,Shirt,Clothing,68,Iowa,XL,Green,Fall,4.1,Yes,Store Pickup,Yes,Yes,39,Credit Card,Quarterly,Middle-aged,90,4.06,2928.08,0
663,24,Male,Gloves,Accessories,98,Illinois,L,Magenta,Fall,2.8,Yes,Express,Yes,Yes,39,Venmo,Bi-Weekly,Young Adult,14,26.07,6376.86,0
664,59,Male,Dress,Clothing,83,Alaska,M,Charcoal,Fall,4.7,Yes,Express,Yes,Yes,23,Credit Card,Monthly,Senior,30,12.17,2919.11,0
665,63,Male,Pants,Clothing,83,Colorado,M,Indigo,Winter,4.4,Yes,Express,Yes,Yes,41,PayPal,Bi-Weekly,Senior,14,26.07,5566.81,0
666,41,Male,Pants,Clothing,55,New Mexico,M,Peach,Spring,4.9,Yes,2-Day Shipping,Yes,Yes,50,Credit Card,Annually,Adult,365,1.0,2805.0,0
667,35,Male,Hoodie,Clothing,26,Colorado,L,Turquoise,Winter,3.1,Yes,Free Shipping,Yes,Yes,30,Debit Card,Quarterly,Adult,90,4.06,885.56,0
668,34,Male,Sunglasses,Accessories,76,Arizona,S,Blue,Winter,2.6,Yes,Standard,Yes,Yes,32,Bank Transfer,Quarterly,Adult,90,4.06,2740.56,0
669,49,Male,T-shirt,Clothing,85,Hawaii,S,Turquoise,Fall,2.9,Yes,Express,Yes,Yes,35,Bank Transfer,Monthly,Middle-aged,30,12.17,4009.45,0
670,43,Male,Jacket,Outerwear,89,Illinois,M,Gray,Spring,3.3,Yes,Free Shipping,Yes,Yes,45,Venmo,Bi-Weekly,Adult,14,26.07,6325.23,0
671,63,Male,Sweater,Clothing,41,Louisiana,XL,Purple,Spring,4.8,Yes,Next Day Air,Yes,Yes,37,Cash,Bi-Weekly,Senior,14,26.07,2585.87,0
672,38,Male,Jacket,Outerwear,30,Iowa,L,Black,Winter,4.7,Yes,Express,Yes,Yes,45,Cash,Weekly,Adult,7,52.14,2914.2,0
673,59,Male,Socks,Clothing,53,Washington,M,Peach,Winter,3.3,Yes,2-Day Shipping,Yes,Yes,29,Cash,Quarterly,Senior,90,4.06,1752.18,0
674,35,Male,Shirt,Clothing,66,Oklahoma,M,Indigo,Spring,4.2,Yes,Free Shipping,Yes,Yes,27,Venmo,Bi-Weekly,Adult,14,26.07,3502.62,0
675,48,Male,Jewelry,Accessories,33,Washington,XL,Beige,Winter,4.7,Yes,Store Pickup,Yes,Yes,36,Bank Transfer,Annually,Middle-aged,365,1.0,1221.0,0
676,64,Male,Sunglasses,Accessories,86,Arkansas,M,Yellow,Spring,2.6,Yes,2-Day Shipping,Yes,Yes,9,Cash,Annually,Senior,365,1.0,860.0,0
677,28,Male,Pants,Clothing,60,Connecticut,M,Peach,Winter,2.9,Yes,2-Day Shipping,Yes,Yes,38,Venmo,Bi-Weekly,Young Adult,14,26.07,3844.2,0
678,60,Male,Socks,Clothing,62,Washington,S,Turquoise,Summer,2.7,Yes,Express,Yes,Yes,41,PayPal,Annually,Senior,365,1.0,2604.0,0
679,27,Male,Blouse,Clothing,74,Maine,M,Teal,Fall,3.3,Yes,Store Pickup,Yes,Yes,25,Debit Card,Every 3 Months,Young Adult,90,4.06,2150.44,0
680,56,Male,Sandals,Footwear,95,Michigan,M,Turquoise,Fall,3.4,Yes,Express,Yes,Yes,37,Venmo,Fortnightly,Middle-aged,14,26.07,5991.65,0
681,58,Male,Sneakers,Footwear,25,Tennessee,M,Magenta,Spring,4.2,Yes,Express,Yes,Yes,3,PayPal,Annually,Senior,365,1.0,100.0,0
682,30,Male,Shirt,Clothing,59,Louisiana,XL,Purple,Winter,3.8,Yes,2-Day Shipping,Yes,Yes,24,Credit Card,Every 3 Months,Young Adult,90,4.06,1655.54,0
683,23,Male,Jacket,Outerwear,29,Missouri,M,Brown,Summer,4.0,Yes,Standard,Yes,Yes,49,Credit Card,Bi-Weekly,Young Adult,14,26.07,2177.03,0
684,33,Male,Sandals,Footwear,36,Michigan,S,Violet,Winter,2.7,Yes,Free Shipping,Yes,Yes,3,Bank Transfer,Monthly,Adult,30,12.17,546.12,0
685,63,Male,Hat,Accessories,82,Alabama,M,Yellow,Summer,4.7,Yes,Express,Yes,Yes,42,Debit Card,Monthly,Senior,30,12.17,4441.94,0
686,70,Male,Blouse,Clothing,71,Massachusetts,XL,Magenta,Winter,3.5,Yes,Standard,Yes,Yes,32,Cash,Fortnightly,Senior,14,26.07,4122.97,0
687,70,Male,Sweater,Clothing,35,Indiana,L,Beige,Fall,3.0,Yes,2-Day Shipping,Yes,Yes,33,Venmo,Fortnightly,Senior,14,26.07,2067.45,0
688,19,Male,Gloves,Accessories,38,West Virginia,XL,Turquoise,Winter,3.3,Yes,Free Shipping,Yes,Yes,46,Bank Transfer,Quarterly,Young Adult,90,4.06,1902.28,0
689,25,Male,Scarf,Accessories,59,Michigan,S,Peach,Summer,4.7,Yes,Store Pickup,Yes,Yes,44,Venmo,Monthly,Young Adult,30,12.17,3314.03,0
690,19,Male,Hoodie,Clothing,91,Pennsylvania,M,Orange,Summer,4.7,Yes,Express,Yes,Yes,35,Credit Card,Every 3 Months,Young Adult,90,4.06,3554.46,0
691,25,Male,Shorts,Clothing,68,Alaska,XL,Red,Spring,4.8,Yes,Standard,Yes,Yes,45,Bank Transfer,Weekly,Young Adult,7,52.14,6605.52,0
692,60,Male,Backpack,Accessories,21,Massachusetts,L,Silver,Summer,2.9,Yes,Standard,Yes,Yes,37,PayPal,Bi-Weekly,Senior,14,26.07,1324.47,0
693,35,Male,Sunglasses,Accessories,95,North Dakota,M,Cyan,Spring,4.0,Yes,2-Day Shipping,Yes,Yes,40,Debit Card,Every 3 Months,Adult,90,4.06,4185.7,0
694,46,Male,Shorts,Clothing,52,Vermont,L,Turquoise,Spring,3.1,Yes,Free Shipping,Yes,Yes,30,Cash,Every 3 Months,Middle-aged,90,4.06,1771.12,0
695,41,Male,Dress,Clothing,21,Kentucky,S,Charcoal,Fall,3.5,Yes,2-Day Shipping,Yes,Yes,38,Venmo,Every 3 Months,Adult,90,4.06,883.26,0
696,30,Male,Shorts,Clothing,67,Nevada,XL,Peach,Summer,3.7,Yes,Next Day Air,Yes,Yes,15,Debit Card,Every 3 Months,Young Adult,90,4.06,1277.02,0
697,44,Male,Belt,Accessories,42,Utah,L,Green,Fall,2.8,Yes,Standard,Yes,Yes,49,Cash,Monthly,Adult,30,12.17,2569.14,0
698,61,Male,Scarf,Accessories,63,North Dakota,XL,Brown,Summer,4.6,Yes,Free Shipping,Yes,Yes,40,Debit Card,Quarterly,Senior,90,4.06,2775.78,0
699,55,Male,Boots,Footwear,41,Iowa,M,Yellow,Winter,3.8,Yes,Standard,Yes,Yes,40,Debit Card,Weekly,Middle-aged,7,52.14,3777.74,0
700,50,Male,Handbag,Accessories,46,Connecticut,M,Charcoal,Fall,2.6,Yes,2-Day Shipping,Yes,Yes,5,PayPal,Weekly,Middle-aged,7,52.14,2628.44,0
701,57,Male,Pants,Clothing,79,Wisconsin,L,Olive,Winter,4.1,Yes,Standard,Yes,Yes,5,PayPal,Monthly,Middle-aged,30,12.17,1356.43,0
702,51,Male,Boots,Footwear,90,Idaho,L,Red,Fall,3.3,Yes,Next Day Air,Yes,Yes,5,Debit Card,Every 3 Months,Middle-aged,90,4.06,815.4,0
703,18,Male,Shirt,Clothing,71,Montana,M,White,Winter,3.4,Yes,Store Pickup,Yes,Yes,1,Cash,Weekly,Young Adult,7,52.14,3772.94,0
704,63,Male,Dress,Clothing,87,Connecticut,L,Pink,Summer,3.0,Yes,Standard,Yes,Yes,21,Venmo,Weekly,Senior,7,52.14,6363.18,0
705,34,Male,Hoodie,Clothing,66,Idaho,S,Black,Spring,3.2,Yes,Express,Yes,Yes,18,PayPal,Annually,Adult,365,1.0,1254.0,0
706,25,Male,Pants,Clothing,90,Arkansas,XL,Indigo,Summer,4.5,Yes,Free Shipping,Yes,Yes,49,Cash,Quarterly,Young Adult,90,4.06,4775.4,0
707,46,Male,Jeans,Clothing,47,Iowa,L,Turquoise,Summer,4.8,Yes,Express,Yes,Yes,27,Debit Card,Weekly,Middle-aged,7,52.14,3719.58,0
708,59,Male,Shirt,Clothing,38,Louisiana,L,Purple,Spring,3.7,Yes,Next Day Air,Yes,Yes,21,Venmo,Annually,Senior,365,1.0,836.0,0
709,37,Male,Backpack,Accessories,50,Kentucky,L,Beige,Summer,3.4,Yes,Store Pickup,Yes,Yes,19,Cash,Fortnightly,Adult,14,26.07,2253.5,0
710,49,Male,Jacket,Outerwear,79,Massachusetts,L,Charcoal,Summer,4.6,Yes,Standard,Yes,Yes,23,Debit Card,Monthly,Middle-aged,30,12.17,2778.43,0
711,22,Male,Scarf,Accessories,91,Virginia,L,Turquoise,Spring,4.1,Yes,Standard,Yes,Yes,26,PayPal,Fortnightly,Young Adult,14,26.07,4738.37,0
712,64,Male,Boots,Footwear,60,New Hampshire,M,Maroon,Spring,3.5,Yes,2-Day Shipping,Yes,Yes,13,Bank Transfer,Bi-Weekly,Senior,14,26.07,2344.2,0
713,42,Male,Blouse,Clothing,81,New Hampshire,XL,Black,Summer,3.8,Yes,Next Day Air,Yes,Yes,36,Bank Transfer,Quarterly,Adult,90,4.06,3244.86,0
714,37,Male,Hoodie,Clothing,90,Oregon,M,Lavender,Summer,2.6,Yes,Express,Yes,Yes,39,Bank Transfer,Bi-Weekly,Adult,14,26.07,5856.3,0
715,26,Male,Jacket,Outerwear,70,South Dakota,M,Magenta,Fall,4.4,Yes,Store Pickup,Yes,Yes,40,Debit Card,Fortnightly,Young Adult,14,26.07,4624.9,0
716,33,Male,Jeans,Clothing,63,Delaware,L,Green,Spring,2.6,Yes,Express,Yes,Yes,37,Debit Card,Quarterly,Adult,90,4.06,2586.78,0
717,30,Male,Jewelry,Accessories,29,Missouri,M,Olive,Spring,3.6,Yes,Express,Yes,Yes,9,Venmo,Bi-Weekly,Young Adult,14,26.07,1017.03,0
718,21,Male,Socks,Clothing,90,Alaska,L,Green,Spring,4.2,Yes,Express,Yes,Yes,7,Venmo,Every 3 Months,Young Adult,90,4.06,995.4,0
719,22,Male,Shirt,Clothing,22,Florida,M,Peach,Summer,4.6,Yes,Standard,Yes,Yes,25,Bank Transfer,Annually,Young Adult,365,1.0,572.0,0
720,63,Male,Shorts,Clothing,22,Mississippi,L,Turquoise,Summer,3.3,Yes,Next Day Air,Yes,Yes,42,Venmo,Bi-Weekly,Senior,14,26.07,1497.54,0
721,33,Male,Jewelry,Accessories,62,New Mexico,L,Orange,Fall,3.4,Yes,Free Shipping,Yes,Yes,19,Debit Card,Weekly,Adult,7,52.14,4410.68,0
722,43,Male,Blouse,Clothing,57,California,L,Silver,Summer,4.4,Yes,Next Day Air,Yes,Yes,41,Debit Card,Every 3 Months,Adult,90,4.06,2568.42,0
723,27,Male,Sweater,Clothing,32,Wyoming,S,Blue,Summer,4.3,Yes,Store Pickup,Yes,Yes,50,Cash,Bi-Weekly,Young Adult,14,26.07,2434.24,0
724,35,Male,Jewelry,Accessories,53,Missouri,L,Cyan,Fall,3.5,Yes,Express,Yes,Yes,43,PayPal,Monthly,Adult,30,12.17,2924.01,0
725,37,Male,T-shirt,Clothing,79,New Hampshire,XL,Green,Fall,4.7,Yes,Store Pickup,Yes,Yes,36,Venmo,Every 3 Months,Adult,90,4.06,3164.74,0
726,61,Male,Hat,Accessories,61,Texas,L,Silver,Winter,3.1,Yes,Standard,Yes,Yes,33,Debit Card,Fortnightly,Senior,14,26.07,3603.27,0
727,32,Male,Shorts,Clothing,78,North Dakota,L,Yellow,Summer,3.6,Yes,Next Day Air,Yes,Yes,20,Bank Transfer,Every 3 Months,Adult,90,4.06,1876.68,0
728,62,Male,Sweater,Clothing,97,Arkansas,S,Gray,Winter,4.8,Yes,Next Day Air,Yes,Yes,37,Venmo,Every 3 Months,Senior,90,4.06,3982.82,0
729,29,Male,Jeans,Clothing,78,Nebraska,M,Pink,Winter,3.7,Yes,Next Day Air,Yes,Yes,12,PayPal,Every 3 Months,Young Adult,90,4.06,1252.68,0
730,41,Male,Sunglasses,Accessories,56,Minnesota,L,Beige,Summer,3.2,Yes,Express,Yes,Yes,46,PayPal,Every 3 Months,Adult,90,4.06,2803.36,0
731,48,Male,Boots,Footwear,25,Massachusetts,M,Indigo,Summer,3.9,Yes,Standard,Yes,Yes,28,Venmo,Fortnightly,Middle-aged,14,26.07,1351.75,0
732,43,Male,Coat,Outerwear,28,Arkansas,M,Red,Spring,3.5,Yes,Free Shipping,Yes,Yes,30,PayPal,Fortnightly,Adult,14,26.07,1569.96,0
733,34,Male,Shirt,Clothing,57,New Hampshire,L,Blue,Spring,2.8,Yes,Express,Yes,Yes,28,Cash,Bi-Weekly,Adult,14,26.07,3081.99,0
734,45,Male,Dress,Clothing,36,Rhode Island,L,Cyan,Fall,2.7,Yes,2-Day Shipping,Yes,Yes,20,Debit Card,Bi-Weekly,Middle-aged,14,26.07,1658.52,0
735,65,Male,Shirt,Clothing,69,New Jersey,S,Violet,Winter,3.1,Yes,Express,Yes,Yes,39,Bank Transfer,Every 3 Months,Senior,90,4.06,2971.14,0
736,61,Male,Sunglasses,Accessories,48,Montana,M,Orange,Fall,3.6,Yes,2-Day Shipping,Yes,Yes,48,Cash,Bi-Weekly,Senior,14,26.07,3555.36,0
737,18,Male,Dress,Clothing,58,Colorado,L,Maroon,Spring,2.9,Yes,2-Day Shipping,Yes,Yes,32,Credit Card,Every 3 Months,Young Adult,90,4.06,2091.48,0
738,47,Male,Sunglasses,Accessories,24,Nebraska,M,Teal,Spring,3.6,Yes,Store Pickup,Yes,Yes,28,PayPal,Annually,Middle-aged,365,1.0,696.0,0
739,56,Male,Sunglasses,Accessories,31,Minnesota,L,Orange,Winter,3.5,Yes,2-Day Shipping,Yes,Yes,27,Venmo,Quarterly,Middle-aged,90,4.06,962.86,0
740,64,Male,Shorts,Clothing,29,Minnesota,S,Purple,Summer,3.5,Yes,Free Shipping,Yes,Yes,26,Venmo,Bi-Weekly,Senior,14,26.07,1510.03,0
741,26,Male,Jeans,Clothing,69,South Dakota,M,Orange,Summer,2.8,Yes,Next Day Air,Yes,Yes,22,Credit Card,Fortnightly,Young Adult,14,26.07,3316.83,0
742,22,Male,T-shirt,Clothing,79,West Virginia,XL,Yellow,Summer,4.7,Yes,Free Shipping,Yes,Yes,23,Bank Transfer,Every 3 Months,Young Adult,90,4.06,2137.74,0
743,64,Male,Pants,Clothing,39,Nevada,M,Charcoal,Summer,3.1,Yes,Express,Yes,Yes,21,Debit Card,Quarterly,Senior,90,4.06,977.34,0
744,21,Male,Sunglasses,Accessories,84,North Carolina,L,Gray,Fall,4.9,Yes,Free Shipping,Yes,Yes,36,Cash,Weekly,Young Adult,7,52.14,7403.76,0
745,67,Male,Boots,Footwear,66,Illinois,S,Charcoal,Spring,4.1,Yes,Next Day Air,Yes,Yes,42,Debit Card,Bi-Weekly,Senior,14,26.07,4492.62,0
746,46,Male,T-shirt,Clothing,92,Michigan,L,Orange,Fall,4.7,Yes,Standard,Yes,Yes,4,Venmo,Monthly,Middle-aged,30,12.17,1487.64,0
747,40,Male,Sandals,Footwear,45,Michigan,M,Red,Winter,2.5,Yes,Free Shipping,Yes,Yes,47,Credit Card,Annually,Adult,365,1.0,2160.0,0
748,51,Male,Shorts,Clothing,74,Oklahoma,L,Gold,Spring,4.4,Yes,Next Day Air,Yes,Yes,13,Bank Transfer,Weekly,Middle-aged,7,52.14,4820.36,0
749,35,Male,Hat,Accessories,39,South Dakota,L,Brown,Fall,3.9,Yes,Free Shipping,Yes,Yes,8,Bank Transfer,Quarterly,Adult,90,4.06,470.34,0
750,56,Male,Scarf,Accessories,71,Oklahoma,M,Olive,Winter,3.7,Yes,Standard,Yes,Yes,11,Debit Card,Quarterly,Middle-aged,90,4.06,1069.26,0
751,25,Male,T-shirt,Clothing,95,Maryland,L,Violet,Fall,3.4,Yes,Free Shipping,Yes,Yes,5,Venmo,Annually,Young Adult,365,1.0,570.0,0
752,65,Male,Gloves,Accessories,72,Ohio,L,Indigo,Fall,4.8,Yes,Free Shipping,Yes,Yes,1,Credit Card,Monthly,Senior,30,12.17,948.24,0
753,39,Male,Scarf,Accessories,85,Ohio,L,Yellow,Fall,4.2,Yes,2-Day Shipping,Yes,Yes,17,PayPal,Every 3 Months,Adult,90,4.06,1790.1,0
754,47,Male,Boots,Footwear,54,Massachusetts,M,Teal,Fall,3.4,Yes,Store Pickup,Yes,Yes,27,Venmo,Quarterly,Middle-aged,90,4.06,1677.24,0
755,36,Male,Gloves,Accessories,41,North Carolina,L,Pink,Spring,2.9,Yes,Store Pickup,Yes,Yes,3,Debit Card,Quarterly,Adult,90,4.06,289.46,0
756,66,Male,Coat,Outerwear,24,Florida,M,Violet,Spring,3.3,Yes,Free Shipping,Yes,Yes,22,PayPal,Weekly,Senior,7,52.14,1779.36,0
757,62,Male,Belt,Accessories,99,Montana,S,Orange,Summer,4.8,Yes,Standard,Yes,Yes,24,Cash,Fortnightly,Senior,14,26.07,4956.93,0
758,41,Male,Hoodie,Clothing,32,Minnesota,M,Red,Fall,3.8,Yes,Store Pickup,Yes,Yes,18,Debit Card,Quarterly,Adult,90,4.06,705.92,0
759,66,Male,Shoes,Footwear,71,Massachusetts,L,Peach,Summer,4.6,Yes,2-Day Shipping,Yes,Yes,39,Bank Transfer,Every 3 Months,Senior,90,4.06,3057.26,0
760,51,Male,Dress,Clothing,49,Rhode Island,XL,Green,Winter,2.6,Yes,Next Day Air,Yes,Yes,25,Credit Card,Fortnightly,Middle-aged,14,26.07,2502.43,0
761,33,Male,Gloves,Accessories,50,Minnesota,XL,Violet,Fall,3.4,Yes,Free Shipping,Yes,Yes,6,Cash,Annually,Adult,365,1.0,350.0,0
762,57,Male,Jewelry,Accessories,91,Nevada,L,Yellow,Fall,4.2,Yes,Express,Yes,Yes,26,Bank Transfer,Weekly,Middle-aged,7,52.14,7110.74,0
763,45,Male,Belt,Accessories,46,New Mexico,M,Pink,Fall,3.9,Yes,Standard,Yes,Yes,43,Debit Card,Fortnightly,Middle-aged,14,26.07,3177.22,0
764,61,Male,Sweater,Clothing,50,North Carolina,M,Brown,Spring,2.9,Yes,2-Day Shipping,Yes,Yes,6,Credit Card,Monthly,Senior,30,12.17,908.5,0
765,55,Male,Skirt,Clothing,39,Virginia,XL,Silver,Fall,4.2,Yes,Free Shipping,Yes,Yes,6,Debit Card,Quarterly,Middle-aged,90,4.06,392.34,0
766,54,Male,Sneakers,Footwear,99,Alaska,M,Pink,Summer,3.0,Yes,Store Pickup,Yes,Yes,13,Cash,Quarterly,Middle-aged,90,4.06,1688.94,0
767,57,Male,Gloves,Accessories,48,Nevada,M,Cyan,Winter,3.6,Yes,Next Day Air,Yes,Yes,13,PayPal,Monthly,Middle-aged,30,12.17,1208.16,0
768,27,Male,Coat,Outerwear,77,Pennsylvania,M,Brown,Fall,2.5,Yes,Next Day Air,Yes,Yes,11,Cash,Annually,Young Adult,365,1.0,924.0,0
769,64,Male,Backpack,Accessories,95,Illinois,XL,Red,Spring,2.6,Yes,Express,Yes,Yes,45,Venmo,Weekly,Senior,7,52.14,9228.3,0
770,52,Male,Socks,Clothing,100,Delaware,M,Silver,Spring,4.3,Yes,Store Pickup,Yes,Yes,8,PayPal,Monthly,Middle-aged,30,12.17,2017.0,0
771,19,Male,Sneakers,Footwear,54,Vermont,M,Gray,Spring,3.3,Yes,Express,Yes,Yes,8,Credit Card,Annually,Young Adult,365,1.0,486.0,0
772,22,Male,Sweater,Clothing,68,Hawaii,L,Cyan,Fall,2.6,Yes,Next Day Air,Yes,Yes,34,Bank Transfer,Fortnightly,Young Adult,14,26.07,4084.76,0
773,18,Male,Jeans,Clothing,22,Illinois,L,Teal,Fall,3.6,Yes,Free Shipping,Yes,Yes,40,Debit Card,Bi-Weekly,Young Adult,14,26.07,1453.54,0
774,29,Male,Hat,Accessories,84,California,L,Indigo,Winter,2.6,Yes,Express,Yes,Yes,14,Debit Card,Bi-Weekly,Young Adult,14,26.07,3365.88,0
775,42,Male,Hat,Accessories,46,Nevada,M,Yellow,Summer,3.5,Yes,Standard,Yes,Yes,11,Credit Card,Quarterly,Adult,90,4.06,692.76,0
776,49,Male,Handbag,Accessories,53,Kentucky,S,Gold,Winter,3.0,Yes,Store Pickup,Yes,Yes,8,PayPal,Monthly,Middle-aged,30,12.17,1069.01,0
777,49,Male,Shirt,Clothing,60,Alabama,M,Maroon,Spring,5.0,Yes,Standard,Yes,Yes,8,Venmo,Every 3 Months,Middle-aged,90,4.06,723.6,0
778,55,Male,Socks,Clothing,32,Wyoming,XL,Silver,Spring,2.5,Yes,Express,Yes,Yes,37,Venmo,Weekly,Middle-aged,7,52.14,2852.48,0
779,29,Male,Socks,Clothing,50,Massachusetts,M,Yellow,Summer,2.9,Yes,Store Pickup,Yes,Yes,23,Debit Card,Annually,Young Adult,365,1.0,1200.0,0
780,60,Male,Dress,Clothing,94,Utah,M,Blue,Spring,4.6,Yes,Express,Yes,Yes,38,Cash,Annually,Senior,365,1.0,3666.0,0
781,34,Male,Shoes,Footwear,26,New York,M,Turquoise,Spring,3.6,Yes,Free Shipping,Yes,Yes,38,Cash,Quarterly,Adult,90,4.06,1093.56,0
782,30,Male,Scarf,Accessories,44,Vermont,L,Indigo,Winter,3.0,Yes,Store Pickup,Yes,Yes,12,Credit Card,Fortnightly,Young Adult,14,26.07,1675.08,0
783,28,Male,Hoodie,Clothing,57,Hawaii,M,Green,Summer,4.5,Yes,Standard,Yes,Yes,15,Cash,Weekly,Young Adult,7,52.14,3826.98,0
784,63,Male,T-shirt,Clothing,65,Louisiana,L,Purple,Winter,4.5,Yes,Next Day Air,Yes,Yes,38,PayPal,Fortnightly,Senior,14,26.07,4164.55,0
785,31,Male,Jeans,Clothing,72,Alabama,M,Peach,Winter,3.2,Yes,Store Pickup,Yes,Yes,41,Bank Transfer,Every 3 Months,Young Adult,90,4.06,3244.32,0
786,46,Male,Shorts,Clothing,62,Louisiana,S,Purple,Spring,4.0,Yes,Next Day Air,Yes,Yes,37,PayPal,Fortnightly,Middle-aged,14,26.07,3910.34,0
787,70,Male,Hat,Accessories,21,Indiana,S,Teal,Winter,4.8,Yes,Express,Yes,Yes,16,Bank Transfer,Every 3 Months,Senior,90,4.06,421.26,0
788,53,Male,Handbag,Accessories,85,Michigan,S,Green,Spring,3.7,Yes,Free Shipping,Yes,Yes,25,Venmo,Weekly,Middle-aged,7,52.14,6556.9,0
789,50,Male,Pants,Clothing,51,Rhode Island,XL,Yellow,Summer,3.8,Yes,Store Pickup,Yes,Yes,18,Bank Transfer,Quarterly,Middle-aged,90,4.06,1125.06,0
790,33,Male,Handbag,Accessories,84,Idaho,S,Purple,Fall,2.7,Yes,Standard,Yes,Yes,4,Credit Card,Bi-Weekly,Adult,14,26.07,2525.88,0
791,22,Male,Sweater,Clothing,37,Louisiana,M,Indigo,Summer,4.9,Yes,Store Pickup,Yes,Yes,12,Bank Transfer,Quarterly,Young Adult,90,4.06,594.22,0
792,50,Male,Scarf,Accessories,44,North Carolina,S,Magenta,Summer,3.1,Yes,2-Day Shipping,Yes,Yes,35,PayPal,Fortnightly,Middle-aged,14,26.07,2687.08,0
793,34,Male,Sneakers,Footwear,45,New Jersey,M,Violet,Spring,4.2,Yes,Next Day Air,Yes,Yes,45,Venmo,Weekly,Adult,7,52.14,4371.3,0
794,24,Male,Pants,Clothing,35,Alabama,L,Maroon,Summer,3.8,Yes,Free Shipping,Yes,Yes,16,Credit Card,Monthly,Young Adult,30,12.17,985.95,0
795,69,Male,Backpack,Accessories,50,Kentucky,XL,Yellow,Winter,4.2,Yes,Store Pickup,Yes,Yes,10,Debit Card,Fortnightly,Senior,14,26.07,1803.5,0
796,39,Male,Sandals,Footwear,26,New York,M,Beige,Summer,4.6,Yes,Store Pickup,Yes,Yes,34,Venmo,Annually,Adult,365,1.0,910.0,0
797,42,Male,Socks,Clothing,78,Arizona,XL,Black,Fall,4.0,Yes,2-Day Shipping,Yes,Yes,43,Credit Card,Annually,Adult,365,1.0,3432.0,0
798,42,Male,Coat,Outerwear,82,Maryland,M,Violet,Fall,4.0,Yes,2-Day Shipping,Yes,Yes,38,Debit Card,Weekly,Adult,7,52.14,7391.48,0
799,29,Male,Socks,Clothing,39,Alaska,M,Violet,Spring,3.8,Yes,2-Day Shipping,Yes,Yes,48,PayPal,Every 3 Months,Young Adult,90,4.06,2030.34,0
800,55,Male,Belt,Accessories,55,Nevada,L,Brown,Summer,3.8,Yes,Free Shipping,Yes,Yes,31,PayPal,Annually,Middle-aged,365,1.0,1760.0,0
801,32,Male,Socks,Clothing,20,Utah,S,Gold,Summer,2.6,Yes,Free Shipping,Yes,Yes,20,Cash,Every 3 Months,Adult,90,4.06,481.2,0
802,25,Male,Belt,Accessories,29,New Mexico,L,Blue,Fall,4.9,Yes,Express,Yes,Yes,12,Credit Card,Fortnightly,Young Adult,14,26.07,1104.03,0
803,38,Male,Pants,Clothing,41,Delaware,M,Teal,Winter,3.5,Yes,Next Day Air,Yes,Yes,2,Bank Transfer,Weekly,Adult,7,52.14,2219.74,0
804,32,Male,Shorts,Clothing,38,Connecticut,L,Silver,Winter,2.8,Yes,Express,Yes,Yes,30,Venmo,Every 3 Months,Adult,90,4.06,1294.28,0
805,43,Male,Boots,Footwear,47,Mississippi,M,Maroon,Summer,2.6,Yes,Store Pickup,Yes,Yes,28,Venmo,Quarterly,Adult,90,4.06,1506.82,0
806,41,Male,Dress,Clothing,30,Connecticut,L,White,Summer,3.7,Yes,Next Day Air,Yes,Yes,40,Debit Card,Monthly,Adult,30,12.17,1565.1,0
807,56,Male,Jeans,Clothing,56,Florida,L,Charcoal,Summer,2.7,Yes,Standard,Yes,Yes,46,PayPal,Quarterly,Middle-aged,90,4.06,2803.36,0
808,27,Male,T-shirt,Clothing,89,New York,S,Brown,Winter,3.3,Yes,Express,Yes,Yes,15,Credit Card,Weekly,Young Adult,7,52.14,5975.46,0
809,46,Male,Shoes,Footwear,96,Wisconsin,L,Lavender,Fall,4.6,Yes,Next Day Air,Yes,Yes,38,Cash,Every 3 Months,Middle-aged,90,4.06,4037.76,0
810,48,Male,Boots,Footwear,81,South Carolina,M,Violet,Fall,4.9,Yes,Next Day Air,Yes,Yes,30,PayPal,Bi-Weekly,Middle-aged,14,26.07,4541.67,0
811,52,Male,Scarf,Accessories,83,South Dakota,S,Lavender,Fall,4.9,Yes,Store Pickup,Yes,Yes,32,Debit Card,Bi-Weekly,Middle-aged,14,26.07,4819.81,0
812,18,Male,Sneakers,Footwear,35,Illinois,M,Green,Winter,2.7,Yes,Free Shipping,Yes,Yes,36,Venmo,Quarterly,Young Adult,90,4.06,1402.1,0
813,64,Male,Boots,Footwear,56,Alaska,M,Olive,Summer,3.2,Yes,Standard,Yes,Yes,32,Credit Card,Weekly,Senior,7,52.14,4711.84,0
814,54,Male,Handbag,Accessories,45,Montana,S,Olive,Summer,2.9,Yes,Store Pickup,Yes,Yes,14,Debit Card,Annually,Middle-aged,365,1.0,675.0,0
815,31,Male,Shirt,Clothing,62,Minnesota,M,Pink,Winter,3.8,Yes,Express,Yes,Yes,8,PayPal,Monthly,Young Adult,30,12.17,1250.54,0
816,30,Male,Hat,Accessories,84,West Virginia,L,Teal,Spring,3.0,Yes,Next Day Air,Yes,Yes,27,Venmo,Bi-Weekly,Young Adult,14,26.07,4457.88,0
817,26,Male,Sweater,Clothing,24,Illinois,L,Cyan,Summer,3.9,Yes,Store Pickup,Yes,Yes,24,Debit Card,Monthly,Young Adult,30,12.17,868.08,0
818,25,Male,Handbag,Accessories,21,Nevada,S,Gray,Spring,4.7,Yes,Store Pickup,Yes,Yes,30,PayPal,Fortnightly,Young Adult,14,26.07,1177.47,0
819,59,Male,Shirt,Clothing,91,Idaho,M,Peach,Winter,4.9,Yes,Store Pickup,Yes,Yes,34,Debit Card,Monthly,Senior,30,12.17,4201.47,0
820,55,Male,Sunglasses,Accessories,36,Colorado,S,Teal,Winter,4.8,Yes,Next Day Air,Yes,Yes,28,Debit Card,Quarterly,Middle-aged,90,4.06,1154.16,0
821,56,Male,Sneakers,Footwear,39,Louisiana,M,Turquoise,Spring,2.5,Yes,2-Day Shipping,Yes,Yes,27,Debit Card,Monthly,Middle-aged,30,12.17,1527.63,0
822,62,Male,Hoodie,Clothing,39,Vermont,M,Green,Spring,3.9,Yes,Standard,Yes,Yes,31,Credit Card,Bi-Weekly,Senior,14,26.07,2225.73,0
823,35,Male,Shirt,Clothing,59,Mississippi,L,Magenta,Winter,3.4,Yes,Standard,Yes,Yes,23,Bank Transfer,Annually,Adult,365,1.0,1416.0,0
824,51,Male,Sunglasses,Accessories,27,Georgia,M,Green,Winter,2.5,Yes,Free Shipping,Yes,Yes,11,Credit Card,Quarterly,Middle-aged,90,4.06,406.62,0
825,61,Male,Blouse,Clothing,94,Georgia,M,White,Spring,3.0,Yes,Store Pickup,Yes,Yes,48,Cash,Quarterly,Senior,90,4.06,4893.64,0
826,27,Male,Belt,Accessories,94,Nebraska,XL,Brown,Fall,3.6,Yes,Next Day Air,Yes,Yes,17,Cash,Monthly,Young Adult,30,12.17,2741.98,0
827,54,Male,Dress,Clothing,94,Massachusetts,M,Purple,Winter,3.6,Yes,Standard,Yes,Yes,36,PayPal,Weekly,Middle-aged,7,52.14,8285.16,0
828,31,Male,Shoes,Footwear,51,Colorado,S,Green,Fall,4.1,Yes,Free Shipping,Yes,Yes,33,Bank Transfer,Fortnightly,Young Adult,14,26.07,3012.57,0
829,24,Male,Socks,Clothing,62,Nevada,M,Peach,Fall,3.7,Yes,2-Day Shipping,Yes,Yes,27,PayPal,Bi-Weekly,Young Adult,14,26.07,3290.34,0
830,42,Male,Socks,Clothing,57,Idaho,S,Silver,Spring,3.7,Yes,2-Day Shipping,Yes,Yes,14,Credit Card,Fortnightly,Adult,14,26.07,2283.99,0
831,41,Male,Shorts,Clothing,76,Wyoming,M,Maroon,Fall,4.2,Yes,Express,Yes,Yes,5,Credit Card,Annually,Adult,365,1.0,456.0,0
832,66,Male,Gloves,Accessories,63,Washington,M,Red,Summer,4.3,Yes,Express,Yes,Yes,47,Cash,Every 3 Months,Senior,90,4.06,3216.78,0
833,58,Male,Jacket,Outerwear,80,California,L,Blue,Fall,2.5,Yes,Express,Yes,Yes,28,Cash,Bi-Weekly,Senior,14,26.07,4325.6,0
834,43,Male,Handbag,Accessories,68,Oklahoma,M,Purple,Fall,3.5,Yes,Standard,Yes,Yes,11,Credit Card,Annually,Adult,365,1.0,816.0,0
835,52,Male,Backpack,Accessories,89,Nevada,M,Indigo,Summer,3.1,Yes,Free Shipping,Yes,Yes,18,Credit Card,Weekly,Middle-aged,7,52.14,6242.46,0
836,35,Male,Boots,Footwear,26,Maryland,L,Indigo,Summer,2.5,Yes,Next Day Air,Yes,Yes,21,Debit Card,Weekly,Adult,7,52.14,1901.64,0
837,23,Male,Gloves,Accessories,90,West Virginia,L,Violet,Winter,3.9,Yes,Store Pickup,Yes,Yes,22,Cash,Bi-Weekly,Young Adult,14,26.07,4326.3,0
838,25,Male,Hoodie,Clothing,28,Illinois,L,Brown,Spring,4.9,Yes,Express,Yes,Yes,33,Cash,Every 3 Months,Young Adult,90,4.06,1037.68,0
839,33,Male,Coat,Outerwear,29,Kentucky,M,Gray,Spring,4.3,Yes,Express,Yes,Yes,49,Credit Card,Annually,Adult,365,1.0,1450.0,0
840,48,Male,Shirt,Clothing,31,Illinois,L,Teal,Spring,2.6,Yes,Free Shipping,Yes,Yes,10,Debit Card,Every 3 Months,Middle-aged,90,4.06,435.86,0
841,42,Male,Shirt,Clothing,24,Alabama,L,Teal,Summer,4.2,Yes,2-Day Shipping,Yes,Yes,18,PayPal,Weekly,Adult,7,52.14,1683.36,0
842,55,Male,Sweater,Clothing,88,Texas,M,Beige,Summer,2.6,Yes,Store Pickup,Yes,Yes,28,PayPal,Fortnightly,Middle-aged,14,26.07,4758.16,0
843,59,Male,Shirt,Clothing,87,Missouri,M,Violet,Spring,3.6,Yes,Express,Yes,Yes,25,PayPal,Weekly,Senior,7,52.14,6711.18,0
844,65,Male,Hoodie,Clothing,80,Pennsylvania,S,Beige,Summer,3.2,Yes,Express,Yes,Yes,6,PayPal,Weekly,Senior,7,52.14,4651.2,0
845,59,Male,Sandals,Footwear,48,Missouri,L,Purple,Winter,4.4,Yes,Express,Yes,Yes,44,Venmo,Bi-Weekly,Senior,14,26.07,3363.36,0
846,31,Male,Belt,Accessories,21,Michigan,XL,Charcoal,Winter,3.7,Yes,Standard,Yes,Yes,30,Venmo,Monthly,Young Adult,30,12.17,885.57,0
847,49,Male,Boots,Footwear,72,Kentucky,M,Pink,Spring,3.7,Yes,Express,Yes,Yes,42,Debit Card,Quarterly,Middle-aged,90,4.06,3316.32,0
848,53,Male,Hoodie,Clothing,44,New Jersey,L,Blue,Fall,4.1,Yes,Standard,Yes,Yes,30,PayPal,Monthly,Middle-aged,30,12.17,1855.48,0
849,48,Male,Sandals,Footwear,73,Delaware,M,Lavender,Fall,3.6,Yes,Store Pickup,Yes,Yes,33,Credit Card,Bi-Weekly,Middle-aged,14,26.07,4312.11,0
850,23,Male,Jeans,Clothing,61,Missouri,S,Charcoal,Spring,4.3,Yes,Express,Yes,Yes,24,PayPal,Quarterly,Young Adult,90,4.06,1711.66,0
851,68,Male,Shoes,Footwear,20,Connecticut,L,Turquoise,Winter,2.6,Yes,Store Pickup,Yes,Yes,13,Venmo,Monthly,Senior,30,12.17,503.4,0
852,35,Male,Sandals,Footwear,86,Massachusetts,M,Red,Summer,2.9,Yes,Express,Yes,Yes,19,Debit Card,Monthly,Adult,30,12.17,2680.62,0
853,34,Male,Dress,Clothing,60,Florida,L,Yellow,Spring,4.2,Yes,Next Day Air,Yes,Yes,23,Debit Card,Every 3 Months,Adult,90,4.06,1623.6,0
854,62,Male,Hat,Accessories,43,Delaware,L,Orange,Winter,4.0,Yes,Free Shipping,Yes,Yes,35,Cash,Monthly,Senior,30,12.17,2028.31,0
855,21,Male,Pants,Clothing,44,California,L,Blue,Spring,4.3,Yes,Free Shipping,Yes,Yes,22,Venmo,Monthly,Young Adult,30,12.17,1503.48,0
856,70,Male,Socks,Clothing,76,Oregon,L,Gold,Spring,3.0,Yes,2-Day Shipping,Yes,Yes,14,Credit Card,Quarterly,Senior,90,4.06,1372.56,0
857,55,Male,Shirt,Clothing,33,Alaska,M,Gold,Summer,3.5,Yes,Express,Yes,Yes,47,Debit Card,Fortnightly,Middle-aged,14,26.07,2411.31,0
858,43,Male,Shorts,Clothing,60,Missouri,L,Cyan,Fall,3.0,Yes,Standard,Yes,Yes,50,Debit Card,Every 3 Months,Adult,90,4.06,3243.6,0
859,19,Male,Jacket,Outerwear,26,Oklahoma,L,Olive,Fall,3.1,Yes,Free Shipping,Yes,Yes,33,PayPal,Weekly,Young Adult,7,52.14,2213.64,0
860,47,Male,Hoodie,Clothing,73,Wisconsin,M,Teal,Winter,4.0,Yes,Next Day Air,Yes,Yes,7,Debit Card,Monthly,Middle-aged,30,12.17,1399.41,0
861,26,Male,Shoes,Footwear,87,South Carolina,M,Maroon,Spring,4.1,Yes,Standard,Yes,Yes,3,Cash,Monthly,Young Adult,30,12.17,1319.79,0
862,46,Male,Skirt,Clothing,100,Virginia,XL,Green,Spring,3.7,Yes,2-Day Shipping,Yes,Yes,35,Credit Card,Every 3 Months,Middle-aged,90,4.06,3906.0,0
863,19,Male,Coat,Outerwear,84,Arkansas,M,Charcoal,Winter,4.9,Yes,Standard,Yes,Yes,13,PayPal,Fortnightly,Young Adult,14,26.07,3281.88,0
864,49,Male,Sneakers,Footwear,41,Vermont,M,Cyan,Summer,3.9,Yes,Standard,Yes,Yes,42,PayPal,Fortnightly,Middle-aged,14,26.07,2790.87,0
865,51,Male,Jeans,Clothing,59,Kentucky,S,Charcoal,Winter,3.9,Yes,Next Day Air,Yes,Yes,5,PayPal,Annually,Middle-aged,365,1.0,354.0,0
866,64,Male,Blouse,Clothing,26,Colorado,L,Charcoal,Winter,4.8,Yes,Store Pickup,Yes,Yes,23,Venmo,Annually,Senior,365,1.0,624.0,0
867,67,Male,Sunglasses,Accessories,69,New Mexico,M,Lavender,Summer,2.7,Yes,Free Shipping,Yes,Yes,11,PayPal,Bi-Weekly,Senior,14,26.07,2557.83,0
868,37,Male,Jacket,Outerwear,20,Colorado,M,Turquoise,Spring,3.1,Yes,Free Shipping,Yes,Yes,23,Bank Transfer,Fortnightly,Adult,14,26.07,981.4,0
869,40,Male,Dress,Clothing,83,North Carolina,M,Green,Summer,3.2,Yes,Next Day Air,Yes,Yes,2,Credit Card,Every 3 Months,Adult,90,4.06,502.98,0
870,38,Male,Hat,Accessories,54,New Hampshire,M,Silver,Spring,2.7,Yes,2-Day Shipping,Yes,Yes,33,PayPal,Weekly,Adult,7,52.14,4597.56,0
871,66,Male,Hoodie,Clothing,66,West Virginia,M,Blue,Fall,2.5,Yes,Standard,Yes,Yes,6,Bank Transfer,Bi-Weekly,Senior,14,26.07,2116.62,0
872,47,Male,Handbag,Accessories,42,Hawaii,M,Charcoal,Spring,2.6,Yes,Next Day Air,Yes,Yes,45,Debit Card,Quarterly,Middle-aged,90,4.06,2060.52,0
873,56,Male,Jeans,Clothing,33,North Dakota,M,Pink,Spring,2.9,Yes,Standard,Yes,Yes,25,Cash,Quarterly,Middle-aged,90,4.06,958.98,0
874,51,Male,Boots,Footwear,77,Mississippi,M,Pink,Summer,4.2,Yes,Free Shipping,Yes,Yes,24,Venmo,Quarterly,Middle-aged,90,4.06,2160.62,0
875,25,Male,Jacket,Outerwear,65,Maine,M,Magenta,Fall,4.4,Yes,Free Shipping,Yes,Yes,10,Venmo,Every 3 Months,Young Adult,90,4.06,913.9,0
876,37,Male,Sandals,Footwear,39,North Dakota,L,Gray,Summer,4.1,Yes,Free Shipping,Yes,Yes,7,Bank Transfer,Every 3 Months,Adult,90,4.06,431.34,0
877,41,Male,Belt,Accessories,51,Nebraska,L,Gray,Summer,3.8,Yes,2-Day Shipping,Yes,Yes,1,Debit Card,Weekly,Adult,7,52.14,2710.14,0
878,64,Male,Handbag,Accessories,65,Nebraska,M,Orange,Winter,4.9,Yes,Next Day Air,Yes,Yes,45,Venmo,Every 3 Months,Senior,90,4.06,3188.9,0
879,23,Male,Sunglasses,Accessories,89,Tennessee,S,Black,Summer,4.9,Yes,Express,Yes,Yes,37,Debit Card,Weekly,Young Adult,7,52.14,7933.46,0
880,62,Male,Skirt,Clothing,76,Wyoming,S,Lavender,Spring,4.1,Yes,Free Shipping,Yes,Yes,14,PayPal,Quarterly,Senior,90,4.06,1372.56,0
881,39,Male,Backpack,Accessories,75,Nevada,L,Red,Spring,3.1,Yes,Express,Yes,Yes,25,Debit Card,Monthly,Adult,30,12.17,2787.75,0
882,52,Male,Sandals,Footwear,61,South Carolina,M,Silver,Summer,2.7,Yes,Next Day Air,Yes,Yes,18,Venmo,Annually,Middle-aged,365,1.0,1159.0,0
883,50,Male,Boots,Footwear,35,Virginia,M,Cyan,Fall,3.8,Yes,Next Day Air,Yes,Yes,37,Cash,Every 3 Months,Middle-aged,90,4.06,1437.1,0
884,28,Male,Sneakers,Footwear,37,Pennsylvania,S,Gold,Fall,4.3,Yes,Free Shipping,Yes,Yes,30,Bank Transfer,Monthly,Young Adult,30,12.17,1560.29,0
885,67,Male,Skirt,Clothing,91,Hawaii,L,Yellow,Winter,4.1,Yes,Express,Yes,Yes,34,Bank Transfer,Weekly,Senior,7,52.14,7838.74,0
886,41,Male,Dress,Clothing,99,Ohio,L,Purple,Fall,4.4,Yes,Free Shipping,Yes,Yes,49,Debit Card,Every 3 Months,Adult,90,4.06,5252.94,0
887,19,Male,Shorts,Clothing,54,Utah,S,Brown,Summer,3.6,Yes,Express,Yes,Yes,48,Bank Transfer,Monthly,Young Adult,30,12.17,3249.18,0
888,70,Male,Handbag,Accessories,47,Minnesota,L,Turquoise,Winter,3.3,Yes,2-Day Shipping,Yes,Yes,33,PayPal,Fortnightly,Senior,14,26.07,2776.29,0
889,49,Male,Scarf,Accessories,77,New Hampshire,S,Gold,Spring,3.8,Yes,Express,Yes,Yes,44,Cash,Annually,Middle-aged,365,1.0,3465.0,0
890,59,Male,Belt,Accessories,84,Arizona,S,Olive,Fall,2.8,Yes,Free Shipping,Yes,Yes,50,Venmo,Weekly,Senior,7,52.14,8579.76,0
891,52,Male,Gloves,Accessories,51,New York,S,Purple,Spring,4.3,Yes,2-Day Shipping,Yes,Yes,47,Credit Card,Monthly,Middle-aged,30,12.17,3017.67,0
892,20,Male,Skirt,Clothing,26,Pennsylvania,S,Lavender,Summer,3.9,Yes,Store Pickup,Yes,Yes,24,PayPal,Every 3 Months,Young Adult,90,4.06,729.56,0
893,31,Male,Shorts,Clothing,64,New Mexico,L,Gray,Summer,2.7,Yes,Free Shipping,Yes,Yes,43,Debit Card,Monthly,Young Adult,30,12.17,3530.88,0
894,33,Male,Backpack,Accessories,51,Nebraska,M,Red,Spring,4.7,Yes,Express,Yes,Yes,14,Venmo,Monthly,Adult,30,12.17,1334.67,0
895,44,Male,Hoodie,Clothing,60,Wyoming,L,Purple,Spring,3.8,Yes,Free Shipping,Yes,Yes,3,Debit Card,Quarterly,Adult,90,4.06,423.6,0
896,40,Male,Hat,Accessories,69,Mississippi,XL,Olive,Spring,4.7,Yes,Next Day Air,Yes,Yes,33,Debit Card,Quarterly,Adult,90,4.06,2557.14,0
897,69,Male,Jewelry,Accessories,29,Arkansas,M,Lavender,Spring,4.7,Yes,Express,Yes,Yes,38,Cash,Fortnightly,Senior,14,26.07,1858.03,0
898,29,Male,Shirt,Clothing,91,Illinois,M,Gray,Spring,3.4,Yes,Express,Yes,Yes,46,Venmo,Weekly,Young Adult,7,52.14,8930.74,0
899,54,Male,Belt,Accessories,70,Nevada,L,Red,Spring,3.5,Yes,2-Day Shipping,Yes,Yes,19,Bank Transfer,Every 3 Months,Middle-aged,90,4.06,1614.2,0
900,65,Male,Sweater,Clothing,58,Rhode Island,M,Peach,Summer,4.0,Yes,Standard,Yes,Yes,20,PayPal,Annually,Senior,365,1.0,1218.0,0
901,54,Male,Hat,Accessories,98,West Virginia,L,Gray,Fall,3.3,Yes,Free Shipping,Yes,Yes,42,Bank Transfer,Quarterly,Middle-aged,90,4.06,4513.88,0
902,60,Male,Scarf,Accessories,68,Missouri,L,Violet,Summer,4.7,Yes,2-Day Shipping,Yes,Yes,34,Cash,Monthly,Senior,30,12.17,3139.56,0
903,43,Male,Hat,Accessories,44,Kentucky,M,Beige,Summer,2.8,Yes,Next Day Air,Yes,Yes,5,Cash,Monthly,Adult,30,12.17,755.48,0
904,44,Male,Jacket,Outerwear,45,Washington,M,Blue,Winter,3.3,Yes,Express,Yes,Yes,3,PayPal,Quarterly,Adult,90,4.06,317.7,0
905,69,Male,T-shirt,Clothing,99,Alaska,L,Magenta,Spring,2.9,Yes,Free Shipping,Yes,Yes,46,PayPal,Every 3 Months,Senior,90,4.06,4955.94,0
906,46,Male,Dress,Clothing,68,Mississippi,S,Cyan,Spring,2.8,Yes,Standard,Yes,Yes,16,Venmo,Annually,Middle-aged,365,1.0,1156.0,0
907,41,Male,Pants,Clothing,56,South Carolina,M,Red,Spring,4.2,Yes,Standard,Yes,Yes,21,Debit Card,Bi-Weekly,Adult,14,26.07,2635.92,0
908,32,Male,Sweater,Clothing,43,Missouri,L,Cyan,Winter,4.4,Yes,Express,Yes,Yes,34,Credit Card,Bi-Weekly,Adult,14,26.07,2583.01,0
909,26,Male,Sunglasses,Accessories,99,New Jersey,M,Turquoise,Winter,3.6,Yes,Free Shipping,Yes,Yes,9,PayPal,Every 3 Months,Young Adult,90,4.06,1292.94,0
910,61,Male,Belt,Accessories,56,Louisiana,L,Silver,Fall,2.7,Yes,Express,Yes,Yes,36,PayPal,Weekly,Senior,7,52.14,4935.84,0
911,49,Male,Hoodie,Clothing,25,South Carolina,S,Pink,Spring,3.4,Yes,Express,Yes,Yes,22,Credit Card,Monthly,Middle-aged,30,12.17,854.25,0
912,53,Male,Pants,Clothing,74,Vermont,M,Black,Winter,2.8,Yes,2-Day Shipping,Yes,Yes,2,Bank Transfer,Quarterly,Middle-aged,90,4.06,448.44,0
913,24,Male,Hoodie,Clothing,56,Arkansas,M,Green,Winter,3.4,Yes,Next Day Air,Yes,Yes,32,Bank Transfer,Monthly,Young Adult,30,12.17,2473.52,0
914,37,Male,Sneakers,Footwear,47,Utah,M,Yellow,Fall,2.6,Yes,Next Day Air,Yes,Yes,29,Cash,Every 3 Months,Adult,90,4.06,1553.82,0
915,43,Male,Dress,Clothing,67,Washington,L,Purple,Summer,4.1,Yes,Standard,Yes,Yes,27,Venmo,Every 3 Months,Adult,90,4.06,2081.02,0
916,31,Male,Dress,Clothing,22,Rhode Island,L,Purple,Winter,2.9,Yes,Store Pickup,Yes,Yes,33,Credit Card,Fortnightly,Young Adult,14,26.07,1299.54,0
917,49,Male,Jeans,Clothing,34,Illinois,S,Blue,Spring,2.7,Yes,Standard,Yes,Yes,16,Venmo,Monthly,Middle-aged,30,12.17,957.78,0
918,69,Male,Sweater,Clothing,64,Missouri,M,Maroon,Spring,3.7,Yes,Standard,Yes,Yes,11,Bank Transfer,Quarterly,Senior,90,4.06,963.84,0
919,65,Male,Shorts,Clothing,42,North Carolina,M,Orange,Spring,4.3,Yes,2-Day Shipping,Yes,Yes,11,Cash,Fortnightly,Senior,14,26.07,1556.94,0
920,41,Male,Shirt,Clothing,82,Massachusetts,L,Green,Winter,2.6,Yes,2-Day Shipping,Yes,Yes,17,Debit Card,Bi-Weekly,Adult,14,26.07,3531.74,0
921,37,Male,Belt,Accessories,81,Arkansas,XL,Gold,Summer,4.3,Yes,Free Shipping,Yes,Yes,37,Cash,Weekly,Adult,7,52.14,7220.34,0
922,70,Male,Coat,Outerwear,24,South Dakota,L,Silver,Summer,4.1,Yes,Express,Yes,Yes,18,PayPal,Weekly,Senior,7,52.14,1683.36,0
923,63,Male,Sneakers,Footwear,60,Georgia,M,Cyan,Fall,4.2,Yes,Standard,Yes,Yes,13,Credit Card,Monthly,Senior,30,12.17,1510.2,0
924,55,Male,Shirt,Clothing,24,Arkansas,M,Silver,Spring,4.2,Yes,2-Day Shipping,Yes,Yes,7,PayPal,Weekly,Middle-aged,7,52.14,1419.36,0
925,52,Male,Socks,Clothing,78,Kansas,XL,Beige,Winter,3.1,Yes,Standard,Yes,Yes,37,Cash,Quarterly,Middle-aged,90,4.06,3202.68,0
926,22,Male,Jeans,Clothing,88,Arizona,L,Teal,Winter,4.9,Yes,Express,Yes,Yes,8,Cash,Monthly,Young Adult,30,12.17,1774.96,0
927,54,Male,Jeans,Clothing,63,Massachusetts,XL,Green,Spring,4.4,Yes,Express,Yes,Yes,11,Cash,Bi-Weekly,Middle-aged,14,26.07,2335.41,0
928,28,Male,Sneakers,Footwear,78,New Mexico,L,Black,Summer,4.4,Yes,Standard,Yes,Yes,8,Venmo,Bi-Weekly,Young Adult,14,26.07,2657.46,0
929,67,Male,Dress,Clothing,37,Arkansas,XL,Yellow,Winter,3.4,Yes,Store Pickup,Yes,Yes,31,Cash,Every 3 Months,Senior,90,4.06,1297.22,0
930,59,Male,Boots,Footwear,94,Nebraska,M,White,Fall,4.5,Yes,2-Day Shipping,Yes,Yes,26,Debit Card,Fortnightly,Senior,14,26.07,4894.58,0
931,26,Male,T-shirt,Clothing,78,Hawaii,L,Green,Fall,4.5,Yes,Store Pickup,Yes,Yes,20,Credit Card,Bi-Weekly,Young Adult,14,26.07,3593.46,0
932,24,Male,Coat,Outerwear,36,Nebraska,M,Silver,Winter,4.1,Yes,Standard,Yes,Yes,24,Bank Transfer,Fortnightly,Young Adult,14,26.07,1802.52,0
933,62,Male,Skirt,Clothing,24,Indiana,L,Blue,Winter,3.2,Yes,Standard,Yes,Yes,45,Debit Card,Bi-Weekly,Senior,14,26.07,1705.68,0
934,70,Male,Sneakers,Footwear,84,Colorado,M,Magenta,Spring,2.7,Yes,Store Pickup,Yes,Yes,33,Debit Card,Monthly,Senior,30,12.17,3794.28,0
935,45,Male,Jeans,Clothing,47,Oregon,S,Yellow,Spring,3.7,Yes,Express,Yes,Yes,21,Bank Transfer,Monthly,Middle-aged,30,12.17,1558.99,0
936,58,Male,Hoodie,Clothing,51,Ohio,L,White,Fall,2.6,Yes,Store Pickup,Yes,Yes,2,Bank Transfer,Fortnightly,Senior,14,26.07,1431.57,0
937,31,Male,Shoes,Footwear,84,Maine,M,Pink,Summer,2.7,Yes,Free Shipping,Yes,Yes,28,Cash,Weekly,Young Adult,7,52.14,6731.76,0
938,32,Male,Shorts,Clothing,24,Iowa,M,Magenta,Summer,2.7,Yes,Express,Yes,Yes,18,Venmo,Quarterly,Adult,90,4.06,529.44,0
939,36,Male,Blouse,Clothing,97,Wisconsin,S,Teal,Fall,4.8,Yes,Free Shipping,Yes,Yes,21,Debit Card,Fortnightly,Adult,14,26.07,4565.79,0
940,25,Male,T-shirt,Clothing,89,New York,L,Indigo,Winter,4.8,Yes,Next Day Air,Yes,Yes,24,Credit Card,Monthly,Young Adult,30,12.17,3219.13,0
941,48,Male,Belt,Accessories,44,Colorado,S,Maroon,Spring,2.6,Yes,Store Pickup,Yes,Yes,15,PayPal,Every 3 Months,Middle-aged,90,4.06,838.64,0
942,39,Male,Handbag,Accessories,35,Illinois,L,Black,Winter,4.5,Yes,2-Day Shipping,Yes,Yes,38,PayPal,Every 3 Months,Adult,90,4.06,1472.1,0
943,26,Male,Dress,Clothing,91,Arizona,M,Cyan,Winter,3.2,Yes,Express,Yes,Yes,38,PayPal,Bi-Weekly,Young Adult,14,26.07,5830.37,0
944,32,Male,Hat,Accessories,63,Oklahoma,L,Cyan,Winter,3.8,Yes,Next Day Air,Yes,Yes,13,Venmo,Fortnightly,Adult,14,26.07,2461.41,0
945,54,Male,Belt,Accessories,97,Indiana,S,Gray,Spring,4.8,Yes,Express,Yes,Yes,39,Cash,Bi-Weekly,Middle-aged,14,26.07,6311.79,0
946,38,Male,Boots,Footwear,38,Minnesota,M,Violet,Summer,4.1,Yes,Store Pickup,Yes,Yes,8,Venmo,Every 3 Months,Adult,90,4.06,458.28,0
947,46,Male,Coat,Outerwear,24,Pennsylvania,XL,Blue,Spring,2.8,Yes,Next Day Air,Yes,Yes,4,PayPal,Quarterly,Middle-aged,90,4.06,193.44,0
948,57,Male,Blouse,Clothing,32,Indiana,M,Charcoal,Winter,3.9,Yes,Store Pickup,Yes,Yes,6,Cash,Every 3 Months,Middle-aged,90,4.06,321.92,0
949,49,Male,Hat,Accessories,90,Alabama,L,Olive,Summer,4.9,Yes,Express,Yes,Yes,11,Venmo,Every 3 Months,Middle-aged,90,4.06,1355.4,0
950,33,Male,Jeans,Clothing,36,Montana,M,Olive,Summer,3.4,Yes,Standard,Yes,Yes,49,Venmo,Monthly,Adult,30,12.17,2202.12,0
951,54,Male,Backpack,Accessories,37,New Mexico,XL,Turquoise,Winter,4.1,Yes,Free Shipping,Yes,Yes,30,PayPal,Quarterly,Middle-aged,90,4.06,1260.22,0
952,47,Male,Dress,Clothing,51,Alaska,M,Cyan,Summer,2.9,Yes,Express,Yes,Yes,34,Bank Transfer,Monthly,Middle-aged,30,12.17,2354.67,0
953,36,Male,Hat,Accessories,71,Idaho,S,Red,Fall,3.1,Yes,2-Day Shipping,Yes,Yes,28,PayPal,Monthly,Adult,30,12.17,2852.07,0
954,68,Male,Sunglasses,Accessories,50,Utah,S,Cyan,Spring,3.6,Yes,2-Day Shipping,Yes,Yes,36,Venmo,Quarterly,Senior,90,4.06,2003.0,0
955,60,Male,Hat,Accessories,74,Louisiana,S,Turquoise,Fall,3.5,Yes,Standard,Yes,Yes,18,Credit Card,Every 3 Months,Senior,90,4.06,1632.44,0
956,55,Male,Dress,Clothing,75,Mississippi,L,Lavender,Summer,3.4,Yes,Free Shipping,Yes,Yes,4,PayPal,Monthly,Middle-aged,30,12.17,1212.75,0
957,29,Male,Shirt,Clothing,99,Mississippi,XL,Cyan,Spring,2.9,Yes,2-Day Shipping,Yes,Yes,42,Debit Card,Quarterly,Young Adult,90,4.06,4559.94,0
958,38,Male,Scarf,Accessories,23,Indiana,XL,Violet,Spring,4.7,Yes,Store Pickup,Yes,Yes,11,Cash,Quarterly,Adult,90,4.06,346.38,0
959,70,Male,Sneakers,Footwear,53,Washington,XL,Beige,Winter,4.4,Yes,Free Shipping,Yes,Yes,31,Credit Card,Bi-Weekly,Senior,14,26.07,3024.71,0
960,36,Male,Skirt,Clothing,99,Nevada,M,Cyan,Spring,2.6,Yes,Standard,Yes,Yes,12,Cash,Fortnightly,Adult,14,26.07,3768.93,0
961,18,Male,Jewelry,Accessories,48,Louisiana,XL,Indigo,Spring,4.4,Yes,Standard,Yes,Yes,20,Venmo,Quarterly,Young Adult,90,4.06,1154.88,0
962,62,Male,Boots,Footwear,72,Pennsylvania,L,Olive,Fall,3.7,Yes,Next Day Air,Yes,Yes,37,Debit Card,Quarterly,Senior,90,4.06,2956.32,0
963,29,Male,Sunglasses,Accessories,64,Michigan,L,Green,Spring,4.4,Yes,Standard,Yes,Yes,26,Debit Card,Fortnightly,Young Adult,14,26.07,3332.48,0
964,21,Male,Boots,Footwear,63,South Carolina,L,Green,Spring,2.5,Yes,2-Day Shipping,Yes,Yes,14,Credit Card,Weekly,Young Adult,7,52.14,4166.82,0
965,42,Male,Sandals,Footwear,51,Arizona,M,Beige,Spring,2.6,Yes,Next Day Air,Yes,Yes,12,Venmo,Bi-Weekly,Adult,14,26.07,1941.57,0
966,43,Male,Boots,Footwear,55,Delaware,L,Black,Spring,5.0,Yes,Store Pickup,Yes,Yes,10,Credit Card,Annually,Adult,365,1.0,605.0,0
967,58,Male,Dress,Clothing,55,Kentucky,M,Brown,Spring,4.9,Yes,Express,Yes,Yes,19,Cash,Annually,Senior,365,1.0,1100.0,0
968,27,Male,Hoodie,Clothing,26,Georgia,S,Silver,Summer,3.7,Yes,Store Pickup,Yes,Yes,4,Cash,Weekly,Young Adult,7,52.14,1459.64,0
969,57,Male,Shorts,Clothing,67,North Carolina,L,Gray,Summer,3.1,Yes,Next Day Air,Yes,Yes,48,Bank Transfer,Quarterly,Middle-aged,90,4.06,3488.02,0
970,40,Male,Coat,Outerwear,31,California,S,Pink,Fall,3.2,Yes,Express,Yes,Yes,37,PayPal,Monthly,Adult,30,12.17,1524.27,0
971,45,Male,Jeans,Clothing,66,California,S,Maroon,Winter,4.4,Yes,Free Shipping,Yes,Yes,4,Cash,Monthly,Middle-aged,30,12.17,1067.22,0
972,47,Male,Sunglasses,Accessories,67,Indiana,M,Cyan,Summer,4.3,Yes,Next Day Air,Yes,Yes,15,Credit Card,Weekly,Middle-aged,7,52.14,4498.38,0
973,61,Male,Sneakers,Footwear,61,Colorado,L,Gold,Winter,3.0,Yes,Standard,Yes,Yes,33,Credit Card,Weekly,Senior,7,52.14,5193.54,0
974,60,Male,Jacket,Outerwear,75,Colorado,M,Teal,Fall,3.5,Yes,2-Day Shipping,Yes,Yes,30,Bank Transfer,Quarterly,Senior,90,4.06,2554.5,0
975,69,Male,Skirt,Clothing,90,North Carolina,M,Beige,Spring,3.6,Yes,2-Day Shipping,Yes,Yes,23,Bank Transfer,Monthly,Senior,30,12.17,3165.3,0
976,58,Male,Sweater,Clothing,40,Washington,M,Olive,Summer,3.8,Yes,2-Day Shipping,Yes,Yes,2,Bank Transfer,Weekly,Senior,7,52.14,2165.6,0
977,34,Male,T-shirt,Clothing,90,Florida,M,Gray,Fall,3.6,Yes,Express,Yes,Yes,50,Credit Card,Every 3 Months,Adult,90,4.06,4865.4,0
978,20,Male,Belt,Accessories,20,Washington,M,Black,Spring,4.6,Yes,Express,Yes,Yes,34,Cash,Bi-Weekly,Young Adult,14,26.07,1201.4,0
979,56,Male,Gloves,Accessories,40,Colorado,M,Turquoise,Summer,2.5,Yes,Standard,Yes,Yes,33,Credit Card,Weekly,Middle-aged,7,52.14,3405.6,0
980,64,Male,Hat,Accessories,33,New Hampshire,S,Brown,Fall,3.5,Yes,Store Pickup,Yes,Yes,34,Debit Card,Monthly,Senior,30,12.17,1523.61,0
981,56,Male,Boots,Footwear,98,Maryland,S,Magenta,Spring,4.0,Yes,Free Shipping,Yes,Yes,39,PayPal,Every 3 Months,Middle-aged,90,4.06,4219.88,0
982,27,Male,Belt,Accessories,42,Maryland,M,Silver,Spring,3.5,Yes,Next Day Air,Yes,Yes,47,Credit Card,Quarterly,Young Adult,90,4.06,2144.52,0
983,35,Male,Coat,Outerwear,62,Texas,S,Red,Summer,3.2,Yes,Standard,Yes,Yes,37,PayPal,Monthly,Adult,30,12.17,3048.54,0
984,24,Male,Hat,Accessories,45,New Mexico,L,Indigo,Winter,3.5,Yes,Free Shipping,Yes,Yes,40,Venmo,Bi-Weekly,Young Adult,14,26.07,2973.15,0
985,26,Male,Shoes,Footwear,78,Utah,M,Green,Summer,3.4,Yes,Free Shipping,Yes,Yes,8,Credit Card,Bi-Weekly,Young Adult,14,26.07,2657.46,0
986,32,Male,Handbag,Accessories,80,West Virginia,M,Gray,Fall,5.0,Yes,Express,Yes,Yes,12,Bank Transfer,Annually,Adult,365,1.0,1040.0,0
987,54,Male,Scarf,Accessories,96,Connecticut,S,Peach,Spring,4.5,Yes,Store Pickup,Yes,Yes,36,Bank Transfer,Monthly,Middle-aged,30,12.17,4624.32,0
988,62,Male,Handbag,Accessories,47,West Virginia,M,Charcoal,Summer,2.8,Yes,Express,Yes,Yes,48,PayPal,Weekly,Senior,7,52.14,4706.58,0
989,50,Male,Pants,Clothing,84,Ohio,M,Orange,Winter,4.9,Yes,2-Day Shipping,Yes,Yes,47,PayPal,Fortnightly,Middle-aged,14,26.07,6137.88,0
990,70,Male,Shoes,Footwear,31,Texas,M,Beige,Spring,3.1,Yes,Store Pickup,Yes,Yes,2,Bank Transfer,Monthly,Senior,30,12.17,439.27,0
991,48,Male,Sunglasses,Accessories,63,Washington,S,Yellow,Spring,4.8,Yes,Store Pickup,Yes,Yes,24,Cash,Weekly,Middle-aged,7,52.14,4796.82,0
992,20,Male,Shorts,Clothing,97,Wisconsin,XL,White,Spring,2.7,Yes,Standard,Yes,Yes,40,Bank Transfer,Bi-Weekly,Young Adult,14,26.07,6408.79,0
993,46,Male,Jacket,Outerwear,99,Louisiana,M,Gray,Winter,4.6,Yes,Express,Yes,Yes,50,Debit Card,Weekly,Middle-aged,7,52.14,10111.86,0
994,51,Male,Sandals,Footwear,90,Iowa,M,Peach,Winter,4.4,Yes,Store Pickup,Yes,Yes,25,Cash,Weekly,Middle-aged,7,52.14,6942.6,0
995,53,Male,Shoes,Footwear,68,New York,L,Violet,Fall,3.2,Yes,Express,Yes,Yes,20,Debit Card,Monthly,Middle-aged,30,12.17,2187.56,0
996,44,Male,Jewelry,Accessories,80,Idaho,M,Magenta,Spring,3.0,Yes,2-Day Shipping,Yes,Yes,10,Venmo,Weekly,Adult,7,52.14,4971.2,0
997,29,Male,Sandals,Footwear,91,Delaware,L,Maroon,Summer,4.9,Yes,Standard,Yes,Yes,32,Bank Transfer,Quarterly,Young Adult,90,4.06,3281.46,0
998,64,Male,Pants,Clothing,30,Kentucky,M,Cyan,Spring,3.6,Yes,Express,Yes,Yes,31,Cash,Fortnightly,Senior,14,26.07,1712.1,0
999,51,Male,Shoes,Footwear,90,Connecticut,M,White,Spring,3.8,Yes,Next Day Air,Yes,Yes,48,Bank Transfer,Bi-Weekly,Middle-aged,14,26.07,6666.3,0
1000,50,Male,Socks,Clothing,28,New Mexico,L,Brown,Spring,2.9,Yes,Standard,Yes,Yes,23,Debit Card,Monthly,Middle-aged,30,12.17,984.76,0
1001,43,Male,Socks,Clothing,46,Georgia,M,Red,Winter,3.9,Yes,Express,Yes,Yes,1,Bank Transfer,Bi-Weekly,Adult,14,26.07,1245.22,0
1002,61,Male,Dress,Clothing,60,Washington,M,Orange,Fall,3.6,Yes,Standard,Yes,Yes,4,Debit Card,Fortnightly,Senior,14,26.07,1804.2,0
1003,55,Male,Shoes,Footwear,59,North Dakota,M,White,Spring,3.5,Yes,Store Pickup,Yes,Yes,3,Bank Transfer,Bi-Weekly,Middle-aged,14,26.07,1715.13,0
1004,56,Male,Hat,Accessories,68,Ohio,M,Green,Fall,4.0,Yes,Store Pickup,Yes,Yes,3,Cash,Bi-Weekly,Middle-aged,14,26.07,1976.76,0
1005,33,Male,Backpack,Accessories,79,Tennessee,M,Black,Summer,4.8,Yes,2-Day Shipping,Yes,Yes,44,Cash,Annually,Adult,365,1.0,3555.0,0
1006,43,Male,Backpack,Accessories,94,New York,M,Gold,Winter,3.9,Yes,Store Pickup,Yes,Yes,5,Debit Card,Bi-Weekly,Adult,14,26.07,2920.58,0
1007,21,Male,Pants,Clothing,83,Michigan,S,Lavender,Summer,4.5,Yes,Next Day Air,Yes,Yes,50,Venmo,Quarterly,Young Adult,90,4.06,4486.98,0
1008,58,Male,Gloves,Accessories,62,Georgia,XL,Turquoise,Spring,4.8,Yes,Standard,Yes,Yes,2,Credit Card,Annually,Senior,365,1.0,186.0,0
1009,41,Male,Scarf,Accessories,85,New Mexico,M,Pink,Spring,2.6,Yes,Store Pickup,Yes,Yes,29,PayPal,Annually,Adult,365,1.0,2550.0,0
1010,39,Male,Hoodie,Clothing,30,Louisiana,M,Silver,Summer,3.1,Yes,Express,Yes,Yes,11,Venmo,Annually,Adult,365,1.0,360.0,0
1011,54,Male,Jeans,Clothing,24,South Dakota,XL,Gray,Spring,4.7,Yes,2-Day Shipping,Yes,Yes,37,Credit Card,Fortnightly,Middle-aged,14,26.07,1513.68,0
1012,43,Male,Backpack,Accessories,25,Montana,L,Indigo,Spring,2.9,Yes,Next Day Air,Yes,Yes,32,Debit Card,Fortnightly,Adult,14,26.07,1451.75,0
1013,28,Male,Sandals,Footwear,37,New Mexico,L,Teal,Summer,3.8,Yes,Express,Yes,Yes,27,Credit Card,Annually,Young Adult,365,1.0,1036.0,0
1014,59,Male,Belt,Accessories,69,South Carolina,XL,Green,Summer,3.8,Yes,2-Day Shipping,Yes,Yes,31,Venmo,Bi-Weekly,Senior,14,26.07,3937.83,0
1015,28,Male,Shoes,Footwear,97,Ohio,M,Violet,Summer,3.0,Yes,Standard,Yes,Yes,36,Debit Card,Fortnightly,Young Adult,14,26.07,6020.79,0
1016,68,Male,Gloves,Accessories,24,North Carolina,M,Cyan,Summer,4.1,Yes,Standard,Yes,Yes,34,Cash,Weekly,Senior,7,52.14,2067.36,0
1017,20,Male,Belt,Accessories,30,Idaho,XL,Blue,Summer,3.4,Yes,Express,Yes,Yes,15,Bank Transfer,Every 3 Months,Young Adult,90,4.06,571.8,0
1018,21,Male,Jacket,Outerwear,53,Oklahoma,L,Orange,Fall,2.5,Yes,Express,Yes,Yes,14,Credit Card,Annually,Young Adult,365,1.0,795.0,0
1019,50,Male,Dress,Clothing,70,Georgia,XL,Charcoal,Spring,4.9,Yes,Next Day Air,Yes,Yes,46,Cash,Weekly,Middle-aged,7,52.14,6869.8,0
1020,32,Male,Shirt,Clothing,76,Kentucky,S,Beige,Winter,2.8,Yes,Standard,Yes,Yes,33,Venmo,Bi-Weekly,Adult,14,26.07,4489.32,0
1021,24,Male,Scarf,Accessories,95,Delaware,M,Black,Fall,4.5,Yes,Express,Yes,Yes,41,Debit Card,Annually,Young Adult,365,1.0,3990.0,0
1022,55,Male,Coat,Outerwear,51,Massachusetts,S,Lavender,Winter,4.9,Yes,2-Day Shipping,Yes,Yes,39,PayPal,Weekly,Middle-aged,7,52.14,4648.14,0
1023,61,Male,Handbag,Accessories,41,Nebraska,M,Lavender,Winter,4.9,Yes,Store Pickup,Yes,Yes,7,Cash,Annually,Senior,365,1.0,328.0,0
1024,61,Male,Sunglasses,Accessories,71,Maine,S,Turquoise,Winter,3.5,Yes,Free Shipping,Yes,Yes,29,Bank Transfer,Every 3 Months,Senior,90,4.06,2347.26,0
1025,28,Male,T-shirt,Clothing,66,Pennsylvania,M,Purple,Summer,3.5,Yes,Free Shipping,Yes,Yes,18,Venmo,Quarterly,Young Adult,90,4.06,1455.96,0
1026,60,Male,Shirt,Clothing,84,Nebraska,M,Olive,Winter,4.9,Yes,Free Shipping,Yes,Yes,15,Credit Card,Annually,Senior,365,1.0,1344.0,0
1027,49,Male,Handbag,Accessories,95,Virginia,L,Turquoise,Winter,3.0,Yes,Express,Yes,Yes,39,PayPal,Bi-Weekly,Middle-aged,14,26.07,6181.65,0
1028,33,Male,Jewelry,Accessories,90,Ohio,L,Teal,Summer,2.8,Yes,Next Day Air,Yes,Yes,11,Cash,Monthly,Adult,30,12.17,2085.3,0
1029,45,Male,Hoodie,Clothing,36,Nebraska,S,Lavender,Summer,3.7,Yes,Standard,Yes,Yes,4,Cash,Fortnightly,Middle-aged,14,26.07,1082.52,0
1030,29,Male,Gloves,Accessories,22,Ohio,M,Purple,Spring,3.6,Yes,2-Day Shipping,Yes,Yes,33,Venmo,Bi-Weekly,Young Adult,14,26.07,1299.54,0
1031,58,Male,Coat,Outerwear,89,Kentucky,L,Blue,Winter,3.3,Yes,Next Day Air,Yes,Yes,37,Debit Card,Quarterly,Senior,90,4.06,3654.34,0
1032,22,Male,Sandals,Footwear,50,Tennessee,M,Teal,Spring,3.4,Yes,Free Shipping,Yes,Yes,32,Cash,Quarterly,Young Adult,90,4.06,1803.0,0
1033,55,Male,Boots,Footwear,36,Maine,M,Lavender,Fall,4.0,Yes,Free Shipping,Yes,Yes,44,Credit Card,Quarterly,Middle-aged,90,4.06,1730.16,0
1034,19,Male,Pants,Clothing,52,Montana,S,Silver,Spring,4.6,Yes,Free Shipping,Yes,Yes,41,Bank Transfer,Quarterly,Young Adult,90,4.06,2343.12,0
1035,68,Male,Socks,Clothing,29,Maryland,M,Olive,Fall,4.2,Yes,Next Day Air,Yes,Yes,44,Bank Transfer,Weekly,Senior,7,52.14,2788.06,0
1036,61,Male,Blouse,Clothing,89,Georgia,M,Brown,Fall,2.8,Yes,Express,Yes,Yes,32,Venmo,Annually,Senior,365,1.0,2937.0,0
1037,68,Male,Handbag,Accessories,47,Hawaii,M,Yellow,Fall,3.7,Yes,2-Day Shipping,Yes,Yes,13,Bank Transfer,Monthly,Senior,30,12.17,1182.99,0
1038,52,Male,Jewelry,Accessories,25,Rhode Island,XL,Brown,Spring,3.4,Yes,Standard,Yes,Yes,48,Debit Card,Quarterly,Middle-aged,90,4.06,1301.5,0
1039,41,Male,Pants,Clothing,74,Nebraska,XL,Cyan,Fall,3.0,Yes,Express,Yes,Yes,3,Bank Transfer,Weekly,Adult,7,52.14,4080.36,0
1040,29,Male,Belt,Accessories,46,Michigan,M,Magenta,Fall,4.8,Yes,Standard,Yes,Yes,39,Venmo,Monthly,Young Adult,30,12.17,2353.82,0
1041,68,Male,Jeans,Clothing,22,North Carolina,S,Magenta,Fall,4.0,Yes,Next Day Air,Yes,Yes,7,Cash,Fortnightly,Senior,14,26.07,727.54,0
1042,36,Male,Shirt,Clothing,25,Minnesota,M,Orange,Summer,4.9,Yes,Next Day Air,Yes,Yes,11,Cash,Fortnightly,Adult,14,26.07,926.75,0
1043,55,Male,Belt,Accessories,80,Maryland,M,Maroon,Spring,4.9,Yes,Next Day Air,Yes,Yes,47,Credit Card,Weekly,Middle-aged,7,52.14,7931.2,0
1044,28,Male,Jeans,Clothing,76,Hawaii,M,Green,Spring,3.3,Yes,2-Day Shipping,Yes,Yes,28,Debit Card,Fortnightly,Young Adult,14,26.07,4109.32,0
1045,39,Male,Jeans,Clothing,30,Oregon,L,Teal,Summer,4.4,Yes,Next Day Air,Yes,Yes,17,Bank Transfer,Every 3 Months,Adult,90,4.06,631.8,0
1046,54,Male,Sweater,Clothing,79,New Mexico,L,Black,Fall,3.5,Yes,2-Day Shipping,Yes,Yes,11,PayPal,Bi-Weekly,Middle-aged,14,26.07,2928.53,0
1047,40,Male,Sneakers,Footwear,22,Illinois,M,Magenta,Winter,4.2,Yes,Standard,Yes,Yes,12,Venmo,Annually,Adult,365,1.0,286.0,0
1048,31,Male,Socks,Clothing,36,Utah,S,Olive,Fall,4.2,Yes,Standard,Yes,Yes,7,Credit Card,Fortnightly,Young Adult,14,26.07,1190.52,0
1049,30,Male,Socks,Clothing,77,Maine,L,Yellow,Fall,2.7,Yes,Standard,Yes,Yes,19,Venmo,Fortnightly,Young Adult,14,26.07,3470.39,0
1050,45,Male,Sunglasses,Accessories,33,Virginia,S,Purple,Fall,2.8,Yes,Store Pickup,Yes,Yes,24,Cash,Quarterly,Middle-aged,90,4.06,925.98,0
1051,48,Male,Sneakers,Footwear,64,Florida,M,Beige,Winter,3.8,Yes,Next Day Air,Yes,Yes,19,Venmo,Monthly,Middle-aged,30,12.17,1994.88,0
1052,45,Male,Socks,Clothing,53,Ohio,M,Indigo,Fall,2.6,Yes,Free Shipping,Yes,Yes,39,PayPal,Annually,Middle-aged,365,1.0,2120.0,0
1053,60,Male,Shoes,Footwear,36,Virginia,XL,Pink,Fall,3.0,Yes,2-Day Shipping,Yes,Yes,1,Credit Card,Fortnightly,Senior,14,26.07,974.52,0
1054,59,Male,Blouse,Clothing,70,Kansas,M,Blue,Spring,3.3,No,2-Day Shipping,Yes,Yes,10,Debit Card,Bi-Weekly,Senior,14,26.07,2524.9,0
1055,18,Male,Shorts,Clothing,96,Arkansas,L,Cyan,Winter,4.9,No,Express,Yes,Yes,48,PayPal,Quarterly,Young Adult,90,4.06,4997.76,0
1056,70,Male,Jacket,Outerwear,27,Massachusetts,M,Orange,Spring,3.3,No,Next Day Air,Yes,Yes,24,Debit Card,Annually,Senior,365,1.0,675.0,1
1057,20,Male,Sweater,Clothing,64,Idaho,L,Black,Winter,2.9,No,2-Day Shipping,Yes,Yes,42,Venmo,Fortnightly,Young Adult,14,26.07,4356.48,0
1058,65,Male,Jacket,Outerwear,23,Wisconsin,S,Maroon,Spring,4.4,No,2-Day Shipping,Yes,Yes,20,Credit Card,Weekly,Senior,7,52.14,1659.22,0
1059,29,Male,Scarf,Accessories,33,New Mexico,L,Violet,Summer,3.1,No,Next Day Air,Yes,Yes,49,Bank Transfer,Every 3 Months,Young Adult,90,4.06,1750.98,0
1060,22,Male,Jacket,Outerwear,34,North Carolina,M,Beige,Winter,2.5,No,Standard,Yes,Yes,25,Debit Card,Monthly,Young Adult,30,12.17,1263.78,0
1061,27,Male,Sweater,Clothing,35,Iowa,S,Gray,Summer,2.6,No,Next Day Air,Yes,Yes,21,Debit Card,Every 3 Months,Young Adult,90,4.06,877.1,1
1062,36,Male,Coat,Outerwear,62,Idaho,M,Gray,Summer,4.4,No,Free Shipping,Yes,Yes,12,Venmo,Every 3 Months,Adult,90,4.06,995.72,1
1063,59,Male,Boots,Footwear,75,Ohio,M,Brown,Fall,2.6,No,Next Day Air,Yes,Yes,21,Debit Card,Every 3 Months,Senior,90,4.06,1879.5,1
1064,62,Male,Hoodie,Clothing,29,Alabama,S,Indigo,Summer,3.3,No,Free Shipping,Yes,Yes,35,Cash,Monthly,Senior,30,12.17,1367.93,0
1065,34,Male,Hat,Accessories,28,Wyoming,M,Violet,Spring,3.5,No,Express,Yes,Yes,42,Credit Card,Every 3 Months,Adult,90,4.06,1289.68,0
1066,59,Male,T-shirt,Clothing,20,Alabama,XL,Blue,Spring,4.1,No,Store Pickup,Yes,Yes,3,PayPal,Every 3 Months,Senior,90,4.06,141.2,1
1067,49,Male,Coat,Outerwear,96,Mississippi,M,Red,Winter,4.0,No,Store Pickup,Yes,Yes,11,PayPal,Bi-Weekly,Middle-aged,14,26.07,3558.72,0
1068,18,Male,Dress,Clothing,43,Pennsylvania,S,Peach,Summer,2.7,No,2-Day Shipping,Yes,Yes,22,PayPal,Quarterly,Young Adult,90,4.06,1120.58,1
1069,55,Male,Shirt,Clothing,94,Wyoming,M,Olive,Fall,2.5,No,Standard,Yes,Yes,47,Credit Card,Weekly,Middle-aged,7,52.14,9319.16,0
1070,38,Male,Skirt,Clothing,81,Maryland,XL,White,Fall,4.3,No,Next Day Air,Yes,Yes,33,Venmo,Every 3 Months,Adult,90,4.06,3001.86,0
1071,50,Male,Jewelry,Accessories,75,North Carolina,M,Magenta,Summer,3.3,No,Free Shipping,Yes,Yes,50,Debit Card,Weekly,Middle-aged,7,52.14,7660.5,0
1072,61,Male,Hat,Accessories,81,Pennsylvania,M,Beige,Summer,2.6,No,Express,Yes,Yes,46,Credit Card,Monthly,Senior,30,12.17,4711.77,0
1073,48,Male,Shorts,Clothing,92,Idaho,L,Gold,Fall,3.7,No,Express,Yes,Yes,34,Debit Card,Fortnightly,Middle-aged,14,26.07,5526.44,0
1074,22,Male,Scarf,Accessories,96,California,XL,Purple,Spring,4.0,No,Store Pickup,Yes,Yes,33,Credit Card,Monthly,Young Adult,30,12.17,4336.32,0
1075,48,Male,Jewelry,Accessories,71,Tennessee,S,White,Fall,2.6,No,Standard,Yes,Yes,45,Bank Transfer,Fortnightly,Middle-aged,14,26.07,5045.97,0
1076,57,Male,Sunglasses,Accessories,50,Missouri,L,Indigo,Summer,4.9,No,Next Day Air,Yes,Yes,32,Debit Card,Bi-Weekly,Middle-aged,14,26.07,2903.5,0
1077,33,Male,Coat,Outerwear,72,North Dakota,L,Charcoal,Spring,2.9,No,Standard,Yes,Yes,47,Venmo,Bi-Weekly,Adult,14,26.07,5261.04,0
1078,58,Male,Jacket,Outerwear,28,West Virginia,M,Pink,Winter,3.7,No,Standard,Yes,Yes,5,PayPal,Quarterly,Senior,90,4.06,253.68,1
1079,37,Male,Sweater,Clothing,59,Arizona,M,Silver,Fall,4.4,No,Express,Yes,Yes,49,Credit Card,Fortnightly,Adult,14,26.07,4429.13,0
1080,18,Male,Coat,Outerwear,33,Oklahoma,S,Blue,Summer,4.4,No,Free Shipping,Yes,Yes,48,Bank Transfer,Monthly,Young Adult,30,12.17,1985.61,0
1081,65,Male,Scarf,Accessories,59,Pennsylvania,L,Blue,Fall,3.8,No,Express,Yes,Yes,22,Cash,Every 3 Months,Senior,90,4.06,1537.54,1
1082,62,Male,Belt,Accessories,30,Idaho,XL,Brown,Spring,4.5,No,Standard,Yes,Yes,45,Credit Card,Annually,Senior,365,1.0,1380.0,0
1083,54,Male,Hat,Accessories,85,South Carolina,XL,Cyan,Winter,2.6,No,Next Day Air,Yes,Yes,30,Venmo,Quarterly,Middle-aged,90,4.06,2895.1,0
1084,35,Male,Backpack,Accessories,97,Washington,L,Teal,Summer,3.3,No,Store Pickup,Yes,Yes,43,Cash,Weekly,Adult,7,52.14,9228.58,0
1085,34,Male,T-shirt,Clothing,36,Arkansas,S,Purple,Fall,4.1,No,Next Day Air,Yes,Yes,48,Cash,Quarterly,Adult,90,4.06,1874.16,0
1086,25,Male,Jewelry,Accessories,85,Utah,M,Turquoise,Winter,3.0,No,Store Pickup,Yes,Yes,23,Venmo,Fortnightly,Young Adult,14,26.07,4170.95,0
1087,53,Male,Sunglasses,Accessories,62,Alaska,M,Olive,Winter,3.0,No,Free Shipping,Yes,Yes,27,PayPal,Bi-Weekly,Middle-aged,14,26.07,3290.34,0
1088,45,Male,Jeans,Clothing,71,West Virginia,S,White,Winter,3.4,No,Next Day Air,Yes,Yes,7,Bank Transfer,Monthly,Middle-aged,30,12.17,1361.07,0
1089,49,Male,Pants,Clothing,21,Louisiana,M,Turquoise,Winter,2.7,No,Free Shipping,Yes,Yes,2,PayPal,Weekly,Middle-aged,7,52.14,1136.94,0
1090,40,Male,Backpack,Accessories,61,Arizona,M,Silver,Spring,3.8,No,Next Day Air,Yes,Yes,33,PayPal,Bi-Weekly,Adult,14,26.07,3603.27,0
1091,38,Male,Scarf,Accessories,58,Connecticut,M,Violet,Spring,4.2,No,Store Pickup,Yes,Yes,27,Cash,Fortnightly,Adult,14,26.07,3078.06,0
1092,44,Male,Sweater,Clothing,80,North Carolina,L,Lavender,Spring,4.7,No,Store Pickup,Yes,Yes,6,Credit Card,Fortnightly,Adult,14,26.07,2565.6,0
1093,68,Male,Jewelry,Accessories,50,South Dakota,L,Magenta,Spring,4.1,No,2-Day Shipping,Yes,Yes,20,Venmo,Quarterly,Senior,90,4.06,1203.0,1
1094,60,Male,Sneakers,Footwear,48,Delaware,S,Indigo,Winter,4.2,No,2-Day Shipping,Yes,Yes,46,Venmo,Every 3 Months,Senior,90,4.06,2402.88,0
1095,25,Male,Jewelry,Accessories,40,Connecticut,M,Black,Winter,4.8,No,Next Day Air,Yes,Yes,25,Cash,Quarterly,Young Adult,90,4.06,1162.4,1
1096,19,Male,Coat,Outerwear,34,Tennessee,S,Peach,Summer,3.0,No,Free Shipping,Yes,Yes,30,Bank Transfer,Quarterly,Young Adult,90,4.06,1158.04,0
1097,57,Male,Coat,Outerwear,46,New Hampshire,S,Beige,Fall,2.6,No,Standard,Yes,Yes,48,Credit Card,Annually,Middle-aged,365,1.0,2254.0,0
1098,58,Male,Sunglasses,Accessories,27,Vermont,M,Black,Summer,3.2,No,Store Pickup,Yes,Yes,47,Bank Transfer,Weekly,Senior,7,52.14,2676.78,0
1099,49,Male,Handbag,Accessories,98,Idaho,S,Turquoise,Spring,3.6,No,Next Day Air,Yes,Yes,27,Credit Card,Weekly,Middle-aged,7,52.14,7755.72,0
1100,19,Male,Sweater,Clothing,73,North Carolina,M,Peach,Fall,2.6,No,Next Day Air,Yes,Yes,45,Bank Transfer,Fortnightly,Young Adult,14,26.07,5188.11,0
1101,50,Male,Pants,Clothing,28,Nevada,L,Gold,Spring,4.4,No,Express,Yes,Yes,2,Credit Card,Weekly,Middle-aged,7,52.14,1515.92,0
1102,30,Male,Gloves,Accessories,76,Delaware,XL,Silver,Fall,3.0,No,Free Shipping,Yes,Yes,39,Cash,Fortnightly,Young Adult,14,26.07,4945.32,0
1103,52,Male,Sweater,Clothing,83,Texas,M,Peach,Fall,2.9,No,Express,Yes,Yes,24,Cash,Fortnightly,Middle-aged,14,26.07,4155.81,0
1104,35,Male,Hoodie,Clothing,23,Tennessee,S,Charcoal,Spring,4.3,No,Free Shipping,Yes,Yes,8,Debit Card,Bi-Weekly,Adult,14,26.07,783.61,0
1105,35,Male,Hat,Accessories,28,Delaware,M,Beige,Fall,3.1,No,Express,Yes,Yes,8,Bank Transfer,Quarterly,Adult,90,4.06,337.68,1
1106,33,Male,T-shirt,Clothing,83,Massachusetts,S,Olive,Spring,3.0,No,Next Day Air,Yes,Yes,6,Venmo,Every 3 Months,Adult,90,4.06,834.98,1
1107,52,Male,Skirt,Clothing,96,Minnesota,L,Violet,Winter,3.6,No,Store Pickup,Yes,Yes,12,Venmo,Fortnightly,Middle-aged,14,26.07,3654.72,0
1108,69,Male,Sneakers,Footwear,62,Texas,M,Peach,Fall,2.8,No,Store Pickup,Yes,Yes,26,Bank Transfer,Weekly,Senior,7,52.14,4844.68,0
1109,27,Male,Shorts,Clothing,25,Nebraska,M,Teal,Fall,2.8,No,Standard,Yes,Yes,50,Cash,Fortnightly,Young Adult,14,26.07,1901.75,0
1110,66,Male,Hoodie,Clothing,97,Oklahoma,L,Violet,Winter,3.7,No,Next Day Air,Yes,Yes,2,Venmo,Weekly,Senior,7,52.14,5251.58,0
1111,28,Male,Hoodie,Clothing,61,Texas,L,Cyan,Fall,3.0,No,Standard,Yes,Yes,31,Cash,Bi-Weekly,Young Adult,14,26.07,3481.27,0
1112,22,Male,Shoes,Footwear,66,New York,S,Olive,Summer,4.1,No,Next Day Air,Yes,Yes,4,Credit Card,Bi-Weekly,Young Adult,14,26.07,1984.62,0
1113,69,Male,Hoodie,Clothing,67,Washington,XL,Pink,Spring,4.6,No,Free Shipping,Yes,Yes,32,PayPal,Quarterly,Senior,90,4.06,2416.02,0
1114,28,Male,Sunglasses,Accessories,80,Maryland,M,Purple,Summer,4.8,No,Next Day Air,Yes,Yes,11,PayPal,Bi-Weekly,Young Adult,14,26.07,2965.6,0
1115,55,Male,Skirt,Clothing,25,New Hampshire,L,Violet,Fall,2.6,No,Next Day Air,Yes,Yes,47,Bank Transfer,Every 3 Months,Middle-aged,90,4.06,1276.5,0
1116,30,Male,Hat,Accessories,58,New York,S,Peach,Fall,4.0,No,2-Day Shipping,Yes,Yes,37,Cash,Weekly,Young Adult,7,52.14,5170.12,0
1117,67,Male,Backpack,Accessories,96,Hawaii,M,Charcoal,Winter,4.2,No,Express,Yes,Yes,39,PayPal,Fortnightly,Senior,14,26.07,6246.72,0
1118,25,Male,Sunglasses,Accessories,77,California,L,Lavender,Spring,4.5,No,Store Pickup,Yes,Yes,24,Credit Card,Monthly,Young Adult,30,12.17,2785.09,0
1119,49,Male,Belt,Accessories,65,Indiana,M,Purple,Summer,4.9,No,Standard,Yes,Yes,11,PayPal,Every 3 Months,Middle-aged,90,4.06,978.9,1
1120,34,Male,Jewelry,Accessories,36,Louisiana,M,Indigo,Spring,3.1,No,Standard,Yes,Yes,36,Credit Card,Weekly,Adult,7,52.14,3173.04,0
1121,22,Male,Sneakers,Footwear,84,Pennsylvania,M,Magenta,Winter,4.0,No,Next Day Air,Yes,Yes,40,Debit Card,Monthly,Young Adult,30,12.17,4382.28,0
1122,63,Male,T-shirt,Clothing,58,Florida,XL,Peach,Fall,3.2,No,Express,Yes,Yes,25,Cash,Quarterly,Senior,90,4.06,1685.48,1
1123,70,Male,Handbag,Accessories,62,North Carolina,S,Charcoal,Spring,4.3,No,2-Day Shipping,Yes,Yes,12,Credit Card,Annually,Senior,365,1.0,806.0,1
1124,36,Male,Hat,Accessories,67,Massachusetts,S,Purple,Fall,2.5,No,Store Pickup,Yes,Yes,38,Cash,Monthly,Adult,30,12.17,3361.39,0
1125,42,Male,Sweater,Clothing,20,Iowa,M,Orange,Spring,3.7,No,Express,Yes,Yes,40,Cash,Quarterly,Adult,90,4.06,881.2,0
1126,27,Male,Sandals,Footwear,90,North Dakota,M,Lavender,Summer,2.7,No,2-Day Shipping,Yes,Yes,10,Bank Transfer,Weekly,Young Adult,7,52.14,5592.6,0
1127,23,Male,Scarf,Accessories,58,Iowa,L,Beige,Winter,3.4,No,Standard,Yes,Yes,47,Venmo,Fortnightly,Young Adult,14,26.07,4238.06,0
1128,50,Male,Shirt,Clothing,53,Delaware,XL,Maroon,Spring,4.8,No,Store Pickup,Yes,Yes,22,Debit Card,Monthly,Middle-aged,30,12.17,1811.01,0
1129,56,Male,Gloves,Accessories,30,New York,L,Charcoal,Winter,4.7,No,Next Day Air,Yes,Yes,35,Debit Card,Monthly,Middle-aged,30,12.17,1415.1,0
1130,37,Male,Hoodie,Clothing,65,New Hampshire,XL,White,Winter,4.7,No,Express,Yes,Yes,46,Venmo,Fortnightly,Adult,14,26.07,4684.55,0
1131,67,Male,Jewelry,Accessories,41,Kentucky,M,Lavender,Summer,3.9,No,Standard,Yes,Yes,30,PayPal,Bi-Weekly,Senior,14,26.07,2298.87,0
1132,67,Male,Shirt,Clothing,73,Illinois,M,Black,Spring,3.7,No,Express,Yes,Yes,20,Bank Transfer,Monthly,Senior,30,12.17,2348.41,0
1133,50,Male,Hoodie,Clothing,98,North Carolina,S,Teal,Spring,4.3,No,Store Pickup,Yes,Yes,25,Cash,Fortnightly,Middle-aged,14,26.07,5004.86,0
1134,36,Male,Shoes,Footwear,36,Connecticut,XL,Magenta,Winter,4.1,No,2-Day Shipping,Yes,Yes,29,Cash,Weekly,Adult,7,52.14,2921.04,0
1135,62,Male,T-shirt,Clothing,81,Wisconsin,M,Brown,Summer,3.7,No,Express,Yes,Yes,2,Venmo,Every 3 Months,Senior,90,4.06,490.86,1
1136,65,Male,Skirt,Clothing,90,Massachusetts,L,Peach,Winter,3.6,No,2-Day Shipping,Yes,Yes,32,Bank Transfer,Quarterly,Senior,90,4.06,3245.4,0
1137,23,Male,Handbag,Accessories,83,Illinois,S,Cyan,Summer,4.8,No,Free Shipping,Yes,Yes,37,Cash,Monthly,Young Adult,30,12.17,4081.11,0
1138,46,Male,Shirt,Clothing,91,New Mexico,XL,Pink,Winter,2.8,No,2-Day Shipping,Yes,Yes,16,Bank Transfer,Every 3 Months,Middle-aged,90,4.06,1825.46,1
1139,18,Male,Pants,Clothing,36,Iowa,M,Purple,Summer,4.7,No,Express,Yes,Yes,32,Venmo,Fortnightly,Young Adult,14,26.07,2090.52,0
1140,58,Male,Coat,Outerwear,53,Alabama,L,Purple,Spring,3.9,No,Standard,Yes,Yes,42,Debit Card,Bi-Weekly,Senior,14,26.07,3607.71,0
1141,31,Male,Jeans,Clothing,39,Maryland,M,White,Winter,2.6,No,Store Pickup,Yes,Yes,6,Credit Card,Every 3 Months,Young Adult,90,4.06,392.34,1
1142,39,Male,Gloves,Accessories,33,Ohio,S,Silver,Winter,4.7,No,Next Day Air,Yes,Yes,23,PayPal,Fortnightly,Adult,14,26.07,1619.31,0
1143,69,Male,T-shirt,Clothing,76,Ohio,L,Green,Spring,3.5,No,Store Pickup,Yes,Yes,27,Venmo,Bi-Weekly,Senior,14,26.07,4033.32,0
1144,68,Male,Boots,Footwear,23,Nevada,L,Teal,Winter,4.4,No,Standard,Yes,Yes,43,PayPal,Quarterly,Senior,90,4.06,1082.38,0
1145,41,Male,Jeans,Clothing,54,South Carolina,S,Indigo,Fall,4.4,No,2-Day Shipping,Yes,Yes,25,Bank Transfer,Fortnightly,Adult,14,26.07,2757.78,0
1146,31,Male,Sneakers,Footwear,89,Nevada,L,Pink,Summer,3.0,No,Express,Yes,Yes,30,Cash,Every 3 Months,Young Adult,90,4.06,3031.34,0
1147,48,Male,Sneakers,Footwear,38,Wisconsin,M,Indigo,Summer,4.2,No,Standard,Yes,Yes,7,Bank Transfer,Every 3 Months,Middle-aged,90,4.06,420.28,1
1148,59,Male,Hat,Accessories,36,Tennessee,XL,Red,Winter,4.3,No,Next Day Air,Yes,Yes,17,Debit Card,Annually,Senior,365,1.0,648.0,1
1149,34,Male,Pants,Clothing,66,Florida,M,Violet,Spring,2.6,No,Store Pickup,Yes,Yes,10,PayPal,Fortnightly,Adult,14,26.07,2380.62,0
1150,21,Male,Jewelry,Accessories,42,Georgia,L,Cyan,Spring,3.3,No,Store Pickup,Yes,Yes,40,Venmo,Annually,Young Adult,365,1.0,1722.0,0
1151,29,Male,Jewelry,Accessories,36,Kentucky,S,Red,Winter,2.7,No,Next Day Air,Yes,Yes,50,Venmo,Bi-Weekly,Young Adult,14,26.07,2738.52,0
1152,41,Male,Blouse,Clothing,86,Ohio,M,Gray,Spring,3.7,No,Express,Yes,Yes,24,Credit Card,Weekly,Adult,7,52.14,6548.04,0
1153,62,Male,Handbag,Accessories,49,Connecticut,M,Gold,Fall,4.0,No,Standard,Yes,Yes,8,PayPal,Every 3 Months,Senior,90,4.06,590.94,1
1154,27,Male,Shirt,Clothing,41,Idaho,M,Pink,Summer,4.0,No,Free Shipping,Yes,Yes,6,Bank Transfer,Quarterly,Young Adult,90,4.06,412.46,1
1155,49,Male,Dress,Clothing,82,Georgia,L,Cyan,Spring,2.9,No,2-Day Shipping,Yes,Yes,44,Credit Card,Bi-Weekly,Middle-aged,14,26.07,5745.74,0
1156,67,Male,T-shirt,Clothing,53,Tennessee,S,Red,Fall,2.6,No,Express,Yes,Yes,47,PayPal,Quarterly,Senior,90,4.06,2706.18,0
1157,20,Male,Shoes,Footwear,21,Hawaii,M,Gold,Summer,4.8,No,Express,Yes,Yes,6,Venmo,Every 3 Months,Young Adult,90,4.06,211.26,1
1158,37,Male,Belt,Accessories,66,Maryland,M,Charcoal,Fall,4.4,No,Standard,Yes,Yes,11,Cash,Quarterly,Adult,90,4.06,993.96,1
1159,69,Male,Belt,Accessories,89,Nevada,L,Orange,Summer,4.0,No,2-Day Shipping,Yes,Yes,41,Bank Transfer,Annually,Senior,365,1.0,3738.0,0
1160,66,Male,Handbag,Accessories,55,New Hampshire,L,Blue,Fall,3.6,No,2-Day Shipping,Yes,Yes,46,Venmo,Every 3 Months,Senior,90,4.06,2753.3,0
1161,37,Male,Scarf,Accessories,42,North Dakota,S,Blue,Summer,3.2,No,Next Day Air,Yes,Yes,9,Venmo,Bi-Weekly,Adult,14,26.07,1472.94,0
1162,63,Male,Shorts,Clothing,52,Oklahoma,S,Orange,Fall,3.1,No,2-Day Shipping,Yes,Yes,37,PayPal,Monthly,Senior,30,12.17,2556.84,0
1163,47,Male,Sandals,Footwear,92,North Carolina,M,Blue,Winter,4.2,No,Express,Yes,Yes,13,PayPal,Weekly,Middle-aged,7,52.14,5992.88,0
1164,26,Male,Pants,Clothing,56,Tennessee,L,White,Summer,3.0,No,2-Day Shipping,Yes,Yes,24,Debit Card,Monthly,Young Adult,30,12.17,2025.52,0
1165,68,Male,Dress,Clothing,96,Montana,M,Green,Winter,4.2,No,Standard,Yes,Yes,47,PayPal,Quarterly,Senior,90,4.06,4901.76,0
1166,51,Male,T-shirt,Clothing,64,Wisconsin,M,Silver,Winter,2.9,No,Next Day Air,Yes,Yes,21,Venmo,Every 3 Months,Middle-aged,90,4.06,1603.84,1
1167,48,Male,Dress,Clothing,48,Connecticut,S,Lavender,Winter,3.7,No,Store Pickup,Yes,Yes,22,Venmo,Fortnightly,Middle-aged,14,26.07,2307.36,0
1168,60,Male,Socks,Clothing,83,New Jersey,XL,Beige,Summer,3.6,No,Free Shipping,Yes,Yes,16,PayPal,Quarterly,Senior,90,4.06,1664.98,1
1169,68,Male,Scarf,Accessories,91,Mississippi,L,Violet,Summer,3.6,No,Standard,Yes,Yes,37,Debit Card,Fortnightly,Senior,14,26.07,5739.37,0
1170,25,Male,Backpack,Accessories,94,Wyoming,S,Gray,Fall,4.5,No,2-Day Shipping,Yes,Yes,3,Cash,Annually,Young Adult,365,1.0,376.0,1
1171,57,Male,Skirt,Clothing,62,Illinois,S,Red,Spring,3.2,No,Express,Yes,Yes,33,Cash,Bi-Weekly,Middle-aged,14,26.07,3662.34,0
1172,41,Male,Socks,Clothing,55,Louisiana,M,Lavender,Spring,3.9,No,Next Day Air,Yes,Yes,15,Debit Card,Annually,Adult,365,1.0,880.0,1
1173,59,Male,Coat,Outerwear,68,Oregon,L,Peach,Spring,4.6,No,Store Pickup,Yes,Yes,42,Bank Transfer,Bi-Weekly,Senior,14,26.07,4628.76,0
1174,44,Male,Jewelry,Accessories,76,South Dakota,M,Indigo,Winter,2.5,No,Express,Yes,Yes,42,Cash,Bi-Weekly,Adult,14,26.07,5173.32,0
1175,42,Male,Backpack,Accessories,31,Michigan,M,Black,Winter,4.3,No,Express,Yes,Yes,19,Bank Transfer,Bi-Weekly,Adult,14,26.07,1397.17,0
1176,35,Male,Belt,Accessories,81,New Jersey,M,Beige,Spring,4.1,No,Store Pickup,Yes,Yes,26,PayPal,Quarterly,Adult,90,4.06,2434.86,0
1177,36,Male,Dress,Clothing,83,Oregon,M,Red,Winter,3.7,No,Free Shipping,Yes,Yes,39,PayPal,Quarterly,Adult,90,4.06,3573.98,0
1178,54,Male,Skirt,Clothing,21,Iowa,M,Black,Spring,4.8,No,Standard,Yes,Yes,24,Debit Card,Monthly,Middle-aged,30,12.17,759.57,0
1179,37,Male,Dress,Clothing,22,South Carolina,M,Teal,Spring,4.9,No,Express,Yes,Yes,23,Debit Card,Annually,Adult,365,1.0,528.0,1
1180,20,Male,T-shirt,Clothing,33,Indiana,M,Blue,Summer,2.8,No,Free Shipping,Yes,Yes,44,Bank Transfer,Annually,Young Adult,365,1.0,1485.0,0
1181,23,Male,Skirt,Clothing,23,Oregon,S,Beige,Spring,4.9,No,Standard,Yes,Yes,34,Cash,Monthly,Young Adult,30,12.17,1061.91,0
1182,61,Male,Shorts,Clothing,96,New York,L,Teal,Summer,3.5,No,Free Shipping,Yes,Yes,43,Bank Transfer,Quarterly,Senior,90,4.06,4517.76,0
1183,37,Male,Jewelry,Accessories,21,New Mexico,M,Maroon,Spring,3.8,No,Express,Yes,Yes,45,PayPal,Quarterly,Adult,90,4.06,1030.26,0
1184,23,Male,Pants,Clothing,39,Louisiana,M,Yellow,Spring,4.5,No,2-Day Shipping,Yes,Yes,4,Credit Card,Weekly,Young Adult,7,52.14,2189.46,0
1185,63,Male,Belt,Accessories,73,South Carolina,S,Indigo,Fall,3.4,No,Express,Yes,Yes,19,Credit Card,Annually,Senior,365,1.0,1460.0,1
1186,47,Male,Jeans,Clothing,64,Maine,M,Magenta,Spring,3.9,No,Standard,Yes,Yes,29,Credit Card,Monthly,Middle-aged,30,12.17,2634.88,0
1187,63,Male,Jeans,Clothing,68,Indiana,M,Beige,Summer,4.1,No,2-Day Shipping,Yes,Yes,27,Credit Card,Annually,Senior,365,1.0,1904.0,0
1188,56,Male,Hat,Accessories,89,Iowa,L,Maroon,Fall,3.0,No,Express,Yes,Yes,37,Credit Card,Every 3 Months,Middle-aged,90,4.06,3654.34,0
1189,68,Male,Blouse,Clothing,29,Mississippi,M,Magenta,Summer,3.3,No,Next Day Air,Yes,Yes,11,Credit Card,Weekly,Senior,7,52.14,1831.06,0
1190,64,Male,Shirt,Clothing,97,Arkansas,XL,Teal,Summer,3.7,No,Free Shipping,Yes,Yes,28,Debit Card,Annually,Senior,365,1.0,2813.0,0
1191,62,Male,Shirt,Clothing,45,South Carolina,M,Orange,Winter,4.3,No,Next Day Air,Yes,Yes,31,Credit Card,Weekly,Senior,7,52.14,3741.3,0
1192,34,Male,T-shirt,Clothing,70,Indiana,L,Charcoal,Winter,4.1,No,Free Shipping,Yes,Yes,50,Venmo,Quarterly,Adult,90,4.06,3784.2,0
1193,49,Male,Coat,Outerwear,56,Florida,M,Turquoise,Summer,4.0,No,2-Day Shipping,Yes,Yes,42,Venmo,Quarterly,Middle-aged,90,4.06,2579.36,0
1194,40,Male,Jacket,Outerwear,55,Alaska,L,Pink,Fall,5.0,No,2-Day Shipping,Yes,Yes,18,Credit Card,Fortnightly,Adult,14,26.07,2423.85,0
1195,50,Male,Hoodie,Clothing,46,New York,S,Teal,Winter,3.1,No,2-Day Shipping,Yes,Yes,6,Credit Card,Fortnightly,Middle-aged,14,26.07,1475.22,0
1196,25,Male,Scarf,Accessories,95,Texas,M,White,Winter,4.0,No,2-Day Shipping,Yes,Yes,33,Venmo,Monthly,Young Adult,30,12.17,4291.15,0
1197,30,Male,Belt,Accessories,88,North Dakota,M,Maroon,Winter,3.2,No,2-Day Shipping,Yes,Yes,13,Bank Transfer,Bi-Weekly,Young Adult,14,26.07,3438.16,0
1198,54,Male,Sneakers,Footwear,92,Vermont,L,Violet,Fall,3.9,No,Standard,Yes,Yes,26,PayPal,Annually,Middle-aged,365,1.0,2484.0,0
1199,40,Male,Socks,Clothing,49,New Jersey,M,Brown,Summer,3.9,No,2-Day Shipping,Yes,Yes,17,Cash,Annually,Adult,365,1.0,882.0,1
1200,49,Male,Sandals,Footwear,89,Maryland,M,Indigo,Fall,4.5,No,Free Shipping,Yes,Yes,3,Debit Card,Weekly,Middle-aged,7,52.14,4907.46,0
1201,27,Male,Coat,Outerwear,22,Connecticut,XL,Black,Winter,4.4,No,Store Pickup,Yes,Yes,7,PayPal,Weekly,Young Adult,7,52.14,1301.08,0
1202,27,Male,Shoes,Footwear,61,Illinois,XL,Black,Summer,3.1,No,2-Day Shipping,Yes,Yes,46,Venmo,Fortnightly,Young Adult,14,26.07,4396.27,0
1203,48,Male,Scarf,Accessories,29,Maryland,S,Olive,Spring,2.9,No,Standard,Yes,Yes,14,Venmo,Every 3 Months,Middle-aged,90,4.06,523.74,1
1204,40,Male,Sneakers,Footwear,82,Minnesota,M,Orange,Winter,3.7,No,Free Shipping,Yes,Yes,23,Bank Transfer,Annually,Adult,365,1.0,1968.0,1
1205,67,Male,Belt,Accessories,94,Florida,M,Pink,Spring,3.2,No,2-Day Shipping,Yes,Yes,20,Credit Card,Every 3 Months,Senior,90,4.06,2261.64,1
1206,52,Male,Handbag,Accessories,99,California,M,Olive,Spring,3.5,No,Standard,Yes,Yes,38,Bank Transfer,Fortnightly,Middle-aged,14,26.07,6342.93,0
1207,22,Male,Handbag,Accessories,59,Mississippi,S,Cyan,Fall,3.0,No,Free Shipping,Yes,Yes,16,Venmo,Every 3 Months,Young Adult,90,4.06,1183.54,1
1208,62,Male,Boots,Footwear,90,Washington,M,White,Summer,4.1,No,Next Day Air,Yes,Yes,48,Credit Card,Every 3 Months,Senior,90,4.06,4685.4,0
1209,20,Male,Boots,Footwear,100,Wisconsin,S,Red,Winter,3.8,No,2-Day Shipping,Yes,Yes,8,Debit Card,Annually,Young Adult,365,1.0,900.0,1
1210,41,Male,Pants,Clothing,62,Pennsylvania,M,Blue,Winter,3.8,No,Next Day Air,Yes,Yes,16,Bank Transfer,Monthly,Adult,30,12.17,1746.54,0
1211,34,Male,Sunglasses,Accessories,78,Missouri,M,Olive,Fall,4.1,No,Next Day Air,Yes,Yes,5,Cash,Quarterly,Adult,90,4.06,706.68,1
1212,23,Male,Hoodie,Clothing,94,Oklahoma,M,Green,Spring,4.6,No,Store Pickup,Yes,Yes,14,Venmo,Every 3 Months,Young Adult,90,4.06,1697.64,1
1213,32,Male,Shoes,Footwear,74,Pennsylvania,M,Yellow,Summer,2.5,No,Free Shipping,Yes,Yes,18,Credit Card,Weekly,Adult,7,52.14,5190.36,0
1214,68,Male,Handbag,Accessories,52,Kentucky,XL,Black,Spring,3.7,No,Express,Yes,Yes,14,Debit Card,Every 3 Months,Senior,90,4.06,939.12,1
1215,30,Male,Jacket,Outerwear,81,Vermont,M,Blue,Fall,3.8,No,Free Shipping,Yes,Yes,5,Cash,Every 3 Months,Young Adult,90,4.06,733.86,1
1216,66,Male,Blouse,Clothing,20,Oregon,L,Pink,Winter,2.6,No,2-Day Shipping,Yes,Yes,15,Credit Card,Every 3 Months,Senior,90,4.06,381.2,1
1217,62,Male,Pants,Clothing,32,Utah,XL,Lavender,Summer,3.7,No,Free Shipping,Yes,Yes,3,Venmo,Every 3 Months,Senior,90,4.06,225.92,1
1218,50,Male,Boots,Footwear,63,Nebraska,XL,Cyan,Fall,2.6,No,Free Shipping,Yes,Yes,12,Cash,Every 3 Months,Middle-aged,90,4.06,1011.78,1
1219,55,Male,Boots,Footwear,79,Pennsylvania,M,Cyan,Spring,3.1,No,Store Pickup,Yes,Yes,43,Cash,Every 3 Months,Middle-aged,90,4.06,3717.74,0
1220,19,Male,Sweater,Clothing,23,Vermont,M,Gold,Winter,2.5,No,Next Day Air,Yes,Yes,35,Credit Card,Bi-Weekly,Young Adult,14,26.07,1404.61,0
1221,67,Male,Gloves,Accessories,64,Kentucky,M,Green,Winter,3.8,No,Express,Yes,Yes,36,Bank Transfer,Quarterly,Senior,90,4.06,2563.84,0
1222,18,Male,Socks,Clothing,69,Iowa,M,Red,Winter,4.5,No,Standard,Yes,Yes,3,Cash,Quarterly,Young Adult,90,4.06,487.14,1
1223,58,Male,Jeans,Clothing,69,Indiana,L,Magenta,Fall,3.4,No,Store Pickup,Yes,Yes,27,Bank Transfer,Annually,Senior,365,1.0,1932.0,0
1224,69,Male,Pants,Clothing,24,Kansas,L,Red,Winter,3.9,No,Free Shipping,Yes,Yes,21,Bank Transfer,Weekly,Senior,7,52.14,1755.36,0
1225,62,Male,Shorts,Clothing,50,Illinois,M,Yellow,Summer,3.7,No,Store Pickup,Yes,Yes,18,Venmo,Weekly,Senior,7,52.14,3507.0,0
1226,28,Male,Gloves,Accessories,97,North Carolina,S,Turquoise,Fall,2.6,No,Free Shipping,Yes,Yes,16,Debit Card,Weekly,Young Adult,7,52.14,6609.58,0
1227,53,Male,Sandals,Footwear,91,Ohio,S,Cyan,Fall,3.4,No,Store Pickup,Yes,Yes,18,Venmo,Bi-Weekly,Middle-aged,14,26.07,4010.37,0
1228,27,Male,Blouse,Clothing,37,Illinois,L,Yellow,Spring,4.9,No,Store Pickup,Yes,Yes,19,Bank Transfer,Bi-Weekly,Young Adult,14,26.07,1667.59,0
1229,55,Male,Jacket,Outerwear,55,Indiana,S,Yellow,Winter,3.9,No,Express,Yes,Yes,1,Cash,Annually,Middle-aged,365,1.0,110.0,1
1230,34,Male,Jewelry,Accessories,52,Kansas,XL,Maroon,Winter,3.6,No,Express,Yes,Yes,39,Bank Transfer,Annually,Adult,365,1.0,2080.0,0
1231,25,Male,Hat,Accessories,80,Illinois,L,Brown,Spring,3.8,No,Standard,Yes,Yes,49,Venmo,Monthly,Young Adult,30,12.17,4893.6,0
1232,66,Male,Socks,Clothing,79,Pennsylvania,M,Gold,Spring,4.0,No,2-Day Shipping,Yes,Yes,43,Credit Card,Fortnightly,Senior,14,26.07,5456.53,0
1233,57,Male,Handbag,Accessories,23,New York,M,Charcoal,Summer,3.6,No,Free Shipping,Yes,Yes,31,Debit Card,Every 3 Months,Middle-aged,90,4.06,806.38,0
1234,46,Male,Pants,Clothing,73,Utah,L,Beige,Winter,3.5,No,Next Day Air,Yes,Yes,40,Venmo,Every 3 Months,Middle-aged,90,4.06,3216.38,0
1235,38,Male,Gloves,Accessories,99,New Jersey,M,Indigo,Fall,4.1,No,Store Pickup,Yes,Yes,2,Bank Transfer,Bi-Weekly,Adult,14,26.07,2778.93,0
1236,23,Male,Sweater,Clothing,22,Idaho,M,Red,Spring,3.0,No,Store Pickup,Yes,Yes,46,PayPal,Every 3 Months,Young Adult,90,4.06,1101.32,0
1237,42,Male,Hat,Accessories,68,New Mexico,M,White,Summer,4.4,No,Store Pickup,Yes,Yes,35,Debit Card,Every 3 Months,Adult,90,4.06,2656.08,0
1238,25,Male,Dress,Clothing,92,Michigan,S,Charcoal,Spring,4.4,No,2-Day Shipping,Yes,Yes,42,Credit Card,Quarterly,Young Adult,90,4.06,4237.52,0
1239,55,Male,Pants,Clothing,77,Wyoming,M,Violet,Winter,3.7,No,Express,Yes,Yes,3,Venmo,Fortnightly,Middle-aged,14,26.07,2238.39,0
1240,62,Male,Coat,Outerwear,37,New Jersey,XL,Magenta,Spring,4.8,No,Standard,Yes,Yes,32,Debit Card,Every 3 Months,Senior,90,4.06,1334.22,0
1241,41,Male,Scarf,Accessories,79,New Jersey,L,White,Winter,2.9,No,Store Pickup,Yes,Yes,48,Debit Card,Annually,Adult,365,1.0,3871.0,0
1242,58,Male,Hoodie,Clothing,51,Hawaii,XL,Pink,Winter,3.1,No,Express,Yes,Yes,34,Credit Card,Weekly,Senior,7,52.14,4393.14,0
1243,56,Male,Socks,Clothing,27,Nevada,M,Lavender,Summer,4.0,No,Next Day Air,Yes,Yes,15,Bank Transfer,Quarterly,Middle-aged,90,4.06,514.62,1
1244,25,Male,Blouse,Clothing,23,New Hampshire,S,Pink,Spring,3.0,No,Store Pickup,Yes,Yes,22,Debit Card,Annually,Young Adult,365,1.0,529.0,1
1245,70,Male,Socks,Clothing,76,Indiana,S,Silver,Summer,3.9,No,2-Day Shipping,Yes,Yes,2,Cash,Monthly,Senior,30,12.17,1076.92,0
1246,42,Male,Dress,Clothing,31,New York,M,Violet,Fall,3.4,No,Standard,Yes,Yes,30,Bank Transfer,Weekly,Adult,7,52.14,2546.34,0
1247,27,Male,Hoodie,Clothing,60,Louisiana,M,Charcoal,Winter,2.7,No,Standard,Yes,Yes,27,Cash,Monthly,Young Adult,30,12.17,2350.2,0
1248,65,Male,T-shirt,Clothing,99,Virginia,M,Charcoal,Spring,3.7,No,Express,Yes,Yes,18,Venmo,Bi-Weekly,Senior,14,26.07,4362.93,0
1249,62,Male,Hat,Accessories,37,Wisconsin,XL,Red,Winter,3.0,No,Free Shipping,Yes,Yes,8,Credit Card,Annually,Senior,365,1.0,333.0,1
1250,62,Male,Boots,Footwear,50,Oregon,M,Peach,Winter,4.5,No,Express,Yes,Yes,48,Venmo,Fortnightly,Senior,14,26.07,3703.5,0
1251,52,Male,Jeans,Clothing,26,New Hampshire,XL,Purple,Winter,4.1,No,Free Shipping,Yes,Yes,24,Cash,Monthly,Middle-aged,30,12.17,940.42,0
1252,56,Male,Shorts,Clothing,86,Indiana,XL,Orange,Spring,5.0,No,Next Day Air,Yes,Yes,43,Credit Card,Monthly,Middle-aged,30,12.17,4744.62,0
1253,28,Male,Sandals,Footwear,41,Massachusetts,L,Magenta,Fall,4.0,No,Standard,Yes,Yes,8,Cash,Quarterly,Young Adult,90,4.06,494.46,1
1254,39,Male,Sandals,Footwear,23,Montana,XL,Red,Winter,4.9,No,Express,Yes,Yes,49,PayPal,Annually,Adult,365,1.0,1150.0,0
1255,54,Male,Sneakers,Footwear,56,California,XL,Black,Spring,3.3,No,2-Day Shipping,Yes,Yes,2,Credit Card,Bi-Weekly,Middle-aged,14,26.07,1571.92,0
1256,30,Male,Hat,Accessories,68,Indiana,M,Peach,Fall,4.1,No,Standard,Yes,Yes,38,Cash,Fortnightly,Young Adult,14,26.07,4356.76,0
1257,45,Male,Coat,Outerwear,48,West Virginia,S,Olive,Winter,3.6,No,Express,Yes,Yes,4,Cash,Fortnightly,Middle-aged,14,26.07,1443.36,0
1258,68,Male,Dress,Clothing,67,Minnesota,L,Gold,Spring,3.0,No,Free Shipping,Yes,Yes,31,Cash,Every 3 Months,Senior,90,4.06,2349.02,0
1259,47,Male,Boots,Footwear,87,Ohio,XL,Gold,Spring,4.1,No,2-Day Shipping,Yes,Yes,34,Debit Card,Every 3 Months,Middle-aged,90,4.06,3311.22,0
1260,68,Male,Skirt,Clothing,64,Minnesota,M,Turquoise,Fall,3.9,No,Standard,Yes,Yes,45,Credit Card,Monthly,Senior,30,12.17,3658.88,0
1261,63,Male,Shirt,Clothing,93,Virginia,XL,Green,Spring,4.1,No,Store Pickup,Yes,Yes,30,Debit Card,Quarterly,Senior,90,4.06,3167.58,0
1262,20,Male,Shirt,Clothing,29,Connecticut,L,Maroon,Summer,2.8,No,Next Day Air,Yes,Yes,2,Credit Card,Fortnightly,Young Adult,14,26.07,814.03,0
1263,29,Male,Boots,Footwear,62,Tennessee,L,Brown,Winter,4.8,No,Store Pickup,Yes,Yes,44,Venmo,Monthly,Young Adult,30,12.17,3482.54,0
1264,41,Male,Hoodie,Clothing,70,Delaware,L,Brown,Winter,4.6,No,2-Day Shipping,Yes,Yes,1,Credit Card,Bi-Weekly,Adult,14,26.07,1894.9,0
1265,52,Male,Sweater,Clothing,92,Vermont,S,Blue,Winter,2.5,No,Next Day Air,Yes,Yes,1,Venmo,Bi-Weekly,Middle-aged,14,26.07,2490.44,0
1266,32,Male,Shirt,Clothing,79,Louisiana,M,Lavender,Spring,2.7,No,Next Day Air,Yes,Yes,27,Bank Transfer,Weekly,Adult,7,52.14,6252.06,0
1267,20,Male,Blouse,Clothing,31,North Dakota,M,Peach,Fall,4.0,No,Standard,Yes,Yes,14,Debit Card,Every 3 Months,Young Adult,90,4.06,559.86,1
1268,47,Male,T-shirt,Clothing,83,Oregon,S,Gray,Spring,2.7,No,Standard,Yes,Yes,41,Cash,Weekly,Middle-aged,7,52.14,7730.62,0
1269,23,Male,Jacket,Outerwear,88,Idaho,XL,Charcoal,Winter,2.9,No,Next Day Air,Yes,Yes,25,Debit Card,Bi-Weekly,Young Adult,14,26.07,4494.16,0
1270,43,Male,Jewelry,Accessories,53,Vermont,M,Lavender,Spring,3.0,No,Standard,Yes,Yes,47,PayPal,Quarterly,Adult,90,4.06,2706.18,0
1271,67,Male,Hoodie,Clothing,98,West Virginia,M,Green,Fall,3.3,No,Standard,Yes,Yes,20,Cash,Annually,Senior,365,1.0,2058.0,1
1272,70,Male,Jewelry,Accessories,57,Kentucky,S,Gray,Spring,4.3,No,Store Pickup,Yes,Yes,42,PayPal,Annually,Senior,365,1.0,2451.0,0
1273,35,Male,Sandals,Footwear,80,Wisconsin,M,Orange,Winter,4.4,No,Express,Yes,Yes,16,Bank Transfer,Monthly,Adult,30,12.17,2253.6,0
1274,41,Male,Jeans,Clothing,29,Mississippi,L,Silver,Spring,4.1,No,Next Day Air,Yes,Yes,32,Credit Card,Every 3 Months,Adult,90,4.06,1045.74,0
1275,54,Male,Hat,Accessories,73,Missouri,M,Olive,Spring,3.1,No,2-Day Shipping,Yes,Yes,37,PayPal,Quarterly,Middle-aged,90,4.06,2997.38,0
1276,55,Male,Sweater,Clothing,32,Arkansas,S,Turquoise,Fall,4.5,No,Standard,Yes,Yes,1,PayPal,Monthly,Middle-aged,30,12.17,421.44,0
1277,51,Male,Boots,Footwear,68,Wyoming,L,Turquoise,Spring,4.8,No,Next Day Air,Yes,Yes,37,Bank Transfer,Weekly,Middle-aged,7,52.14,6061.52,0
1278,19,Male,Blouse,Clothing,97,Rhode Island,L,Green,Spring,5.0,No,Express,Yes,Yes,5,Venmo,Quarterly,Young Adult,90,4.06,878.82,1
1279,28,Male,Shorts,Clothing,98,Utah,M,Violet,Fall,2.8,No,Next Day Air,Yes,Yes,31,Venmo,Fortnightly,Young Adult,14,26.07,5592.86,0
1280,63,Male,Hoodie,Clothing,56,Maryland,L,Charcoal,Fall,3.7,No,Express,Yes,Yes,18,Debit Card,Annually,Senior,365,1.0,1064.0,1
1281,30,Male,Pants,Clothing,78,Georgia,L,White,Winter,4.4,No,2-Day Shipping,Yes,Yes,39,Venmo,Every 3 Months,Young Adult,90,4.06,3358.68,0
1282,29,Male,Belt,Accessories,81,New Jersey,M,Olive,Spring,4.5,No,Store Pickup,Yes,Yes,8,Venmo,Bi-Weekly,Young Adult,14,26.07,2759.67,0
1283,24,Male,Shirt,Clothing,68,New Hampshire,L,Violet,Winter,3.0,No,Free Shipping,Yes,Yes,20,Venmo,Monthly,Young Adult,30,12.17,2187.56,0
1284,69,Male,Shirt,Clothing,94,Oregon,M,Violet,Winter,3.9,No,2-Day Shipping,Yes,Yes,23,Debit Card,Every 3 Months,Senior,90,4.06,2543.64,1
1285,65,Male,Dress,Clothing,93,Arkansas,M,Black,Spring,3.9,No,Express,Yes,Yes,38,PayPal,Fortnightly,Senior,14,26.07,5958.51,0
1286,64,Male,Gloves,Accessories,99,North Carolina,M,Charcoal,Fall,3.5,No,Next Day Air,Yes,Yes,45,Bank Transfer,Fortnightly,Senior,14,26.07,7035.93,0
1287,40,Male,Gloves,Accessories,49,West Virginia,L,Yellow,Winter,4.9,No,Next Day Air,Yes,Yes,44,Debit Card,Fortnightly,Adult,14,26.07,3433.43,0
1288,24,Male,Jeans,Clothing,28,Utah,XL,Blue,Winter,3.4,No,Standard,Yes,Yes,20,PayPal,Monthly,Young Adult,30,12.17,900.76,0
1289,66,Male,Belt,Accessories,93,South Dakota,XL,Charcoal,Winter,4.1,No,Standard,Yes,Yes,34,PayPal,Bi-Weekly,Senior,14,26.07,5586.51,0
1290,35,Male,Jacket,Outerwear,24,New Hampshire,M,Red,Fall,2.9,No,Next Day Air,Yes,Yes,10,PayPal,Weekly,Adult,7,52.14,1491.36,0
1291,67,Male,Skirt,Clothing,35,Maryland,M,Indigo,Spring,3.4,No,Free Shipping,Yes,Yes,3,PayPal,Annually,Senior,365,1.0,140.0,1
1292,69,Male,Sandals,Footwear,68,South Dakota,S,Beige,Spring,3.2,No,2-Day Shipping,Yes,Yes,23,Debit Card,Fortnightly,Senior,14,26.07,3336.76,0
1293,26,Male,Belt,Accessories,61,Kentucky,M,Maroon,Summer,3.8,No,Free Shipping,Yes,Yes,42,Bank Transfer,Annually,Young Adult,365,1.0,2623.0,0
1294,23,Male,Sweater,Clothing,74,Florida,XL,Yellow,Fall,4.1,No,Standard,Yes,Yes,30,Debit Card,Annually,Young Adult,365,1.0,2294.0,0
1295,27,Male,Shirt,Clothing,64,Texas,M,Silver,Summer,4.5,No,Standard,Yes,Yes,21,Cash,Every 3 Months,Young Adult,90,4.06,1603.84,1
1296,30,Male,Sneakers,Footwear,60,New Mexico,M,Olive,Fall,2.8,No,Standard,Yes,Yes,50,PayPal,Weekly,Young Adult,7,52.14,6128.4,0
1297,48,Male,Jeans,Clothing,29,South Dakota,S,Teal,Spring,2.8,No,Express,Yes,Yes,16,Cash,Bi-Weekly,Middle-aged,14,26.07,1220.03,0
1298,44,Male,Sandals,Footwear,85,New Jersey,M,Silver,Summer,4.6,No,Standard,Yes,Yes,32,Venmo,Annually,Adult,365,1.0,2805.0,0
1299,29,Male,Pants,Clothing,81,Indiana,S,Indigo,Summer,3.0,No,Free Shipping,Yes,Yes,14,Bank Transfer,Fortnightly,Young Adult,14,26.07,3245.67,0
1300,29,Male,Belt,Accessories,23,Louisiana,L,Teal,Fall,3.6,No,2-Day Shipping,Yes,Yes,42,Venmo,Bi-Weekly,Young Adult,14,26.07,1565.61,0
1301,67,Male,T-shirt,Clothing,100,West Virginia,M,Charcoal,Spring,4.5,No,Next Day Air,Yes,Yes,47,Credit Card,Every 3 Months,Senior,90,4.06,5106.0,0
1302,42,Male,Shirt,Clothing,54,Maine,M,Orange,Fall,5.0,No,Express,Yes,Yes,21,Debit Card,Weekly,Adult,7,52.14,3949.56,0
1303,23,Male,Sneakers,Footwear,25,Idaho,M,Gold,Fall,2.9,No,Next Day Air,Yes,Yes,37,Credit Card,Monthly,Young Adult,30,12.17,1229.25,0
1304,34,Male,Blouse,Clothing,32,New York,L,Silver,Summer,3.1,No,Next Day Air,Yes,Yes,10,Credit Card,Annually,Adult,365,1.0,352.0,1
1305,64,Male,Backpack,Accessories,63,Montana,S,Orange,Spring,4.0,No,2-Day Shipping,Yes,Yes,18,PayPal,Every 3 Months,Senior,90,4.06,1389.78,1
1306,31,Male,Pants,Clothing,56,Mississippi,XL,Peach,Spring,4.5,No,Express,Yes,Yes,2,PayPal,Every 3 Months,Young Adult,90,4.06,339.36,1
1307,54,Male,Sweater,Clothing,33,Alaska,L,Brown,Winter,4.5,No,Next Day Air,Yes,Yes,40,PayPal,Annually,Middle-aged,365,1.0,1353.0,0
1308,23,Male,Coat,Outerwear,32,Missouri,L,Black,Summer,3.1,No,Express,Yes,Yes,43,PayPal,Annually,Young Adult,365,1.0,1408.0,0
1309,59,Male,Dress,Clothing,38,Rhode Island,L,Red,Summer,4.4,No,Next Day Air,Yes,Yes,14,Credit Card,Every 3 Months,Senior,90,4.06,686.28,1
1310,32,Male,Blouse,Clothing,21,Hawaii,L,Lavender,Summer,4.7,No,Store Pickup,Yes,Yes,41,Cash,Quarterly,Adult,90,4.06,946.26,0
1311,43,Male,Hoodie,Clothing,59,South Carolina,L,Brown,Winter,3.1,No,Store Pickup,Yes,Yes,38,Credit Card,Every 3 Months,Adult,90,4.06,2481.54,0
1312,32,Male,Shoes,Footwear,87,Tennessee,M,Maroon,Fall,4.2,No,Express,Yes,Yes,12,Venmo,Annually,Adult,365,1.0,1131.0,1
1313,66,Male,T-shirt,Clothing,79,Missouri,M,Violet,Winter,3.0,No,Store Pickup,Yes,Yes,19,Bank Transfer,Monthly,Senior,30,12.17,2462.43,0
1314,70,Male,Shoes,Footwear,28,Missouri,M,Lavender,Summer,3.8,No,Free Shipping,Yes,Yes,23,Credit Card,Bi-Weekly,Senior,14,26.07,1373.96,0
1315,42,Male,Boots,Footwear,67,Missouri,S,Magenta,Summer,3.4,No,Free Shipping,Yes,Yes,49,Debit Card,Annually,Adult,365,1.0,3350.0,0
1316,56,Male,Shorts,Clothing,75,Mississippi,L,Green,Spring,4.2,No,2-Day Shipping,Yes,Yes,29,Debit Card,Quarterly,Middle-aged,90,4.06,2479.5,0
1317,28,Male,Belt,Accessories,32,Arkansas,S,Lavender,Spring,4.6,No,Standard,Yes,Yes,14,Debit Card,Bi-Weekly,Young Adult,14,26.07,1282.24,0
1318,28,Male,Pants,Clothing,43,Kentucky,M,Green,Spring,2.8,No,Free Shipping,Yes,Yes,19,Cash,Monthly,Young Adult,30,12.17,1340.31,0
1319,52,Male,Shorts,Clothing,93,Connecticut,M,Maroon,Spring,2.7,No,Express,Yes,Yes,19,Credit Card,Bi-Weekly,Middle-aged,14,26.07,4191.51,0
1320,65,Male,Sunglasses,Accessories,24,Oklahoma,M,Magenta,Spring,4.0,No,Standard,Yes,Yes,48,Bank Transfer,Weekly,Senior,7,52.14,2403.36,0
1321,56,Male,Hat,Accessories,31,California,XL,Teal,Fall,3.1,No,Free Shipping,Yes,Yes,19,Debit Card,Annually,Middle-aged,365,1.0,620.0,1
1322,59,Male,T-shirt,Clothing,84,Missouri,L,Orange,Winter,3.7,No,Express,Yes,Yes,45,Bank Transfer,Every 3 Months,Senior,90,4.06,4121.04,0
1323,23,Male,Pants,Clothing,74,Washington,M,Violet,Winter,4.0,No,Next Day Air,Yes,Yes,17,Bank Transfer,Quarterly,Young Adult,90,4.06,1558.44,1
1324,58,Male,Shorts,Clothing,62,New York,M,Yellow,Spring,4.6,No,Standard,Yes,Yes,15,Debit Card,Every 3 Months,Senior,90,4.06,1181.72,1
1325,39,Male,Jewelry,Accessories,77,Indiana,S,Orange,Summer,3.8,No,Free Shipping,Yes,Yes,11,Credit Card,Fortnightly,Adult,14,26.07,2854.39,0
1326,28,Male,Backpack,Accessories,73,Oregon,L,Gold,Summer,3.5,No,Express,Yes,Yes,1,Cash,Monthly,Young Adult,30,12.17,961.41,0
1327,40,Male,Shoes,Footwear,50,Texas,M,Indigo,Spring,3.8,No,Free Shipping,Yes,Yes,17,Cash,Monthly,Adult,30,12.17,1458.5,0
1328,52,Male,Coat,Outerwear,40,Florida,M,Turquoise,Winter,2.8,No,Standard,Yes,Yes,37,Cash,Weekly,Middle-aged,7,52.14,3565.6,0
1329,37,Male,Sweater,Clothing,97,Rhode Island,M,Orange,Winter,3.7,No,Standard,Yes,Yes,40,Bank Transfer,Weekly,Adult,7,52.14,8937.58,0
1330,70,Male,Gloves,Accessories,63,Texas,M,Indigo,Fall,3.3,No,Express,Yes,Yes,50,PayPal,Every 3 Months,Senior,90,4.06,3405.78,0
1331,30,Male,Handbag,Accessories,65,Vermont,M,Charcoal,Fall,2.9,No,Standard,Yes,Yes,20,PayPal,Bi-Weekly,Young Adult,14,26.07,2994.55,0
1332,38,Male,Socks,Clothing,91,Maryland,M,Lavender,Spring,3.2,No,Standard,Yes,Yes,8,PayPal,Bi-Weekly,Adult,14,26.07,3100.37,0
1333,66,Male,Hoodie,Clothing,60,Alaska,S,Gold,Spring,4.3,No,Store Pickup,Yes,Yes,16,Bank Transfer,Quarterly,Senior,90,4.06,1203.6,1
1334,29,Male,Pants,Clothing,69,Idaho,M,Lavender,Winter,2.7,No,Next Day Air,Yes,Yes,9,Bank Transfer,Quarterly,Young Adult,90,4.06,901.14,1
1335,46,Male,Coat,Outerwear,52,West Virginia,S,White,Spring,3.8,No,Store Pickup,Yes,Yes,12,Venmo,Monthly,Middle-aged,30,12.17,1256.84,0
1336,56,Male,Boots,Footwear,49,Nevada,M,Lavender,Fall,4.8,No,2-Day Shipping,Yes,Yes,26,Credit Card,Weekly,Middle-aged,7,52.14,3828.86,0
1337,23,Male,Sneakers,Footwear,85,Oregon,M,Charcoal,Spring,4.8,No,Store Pickup,Yes,Yes,44,Debit Card,Fortnightly,Young Adult,14,26.07,5955.95,0
1338,37,Male,Sweater,Clothing,86,Tennessee,L,Silver,Spring,3.4,No,Express,Yes,Yes,19,Credit Card,Bi-Weekly,Adult,14,26.07,3876.02,0
1339,56,Male,Handbag,Accessories,51,Alabama,S,Yellow,Winter,2.6,No,Standard,Yes,Yes,43,PayPal,Fortnightly,Middle-aged,14,26.07,3522.57,0
1340,36,Male,Belt,Accessories,56,Indiana,L,Olive,Winter,5.0,No,Next Day Air,Yes,Yes,5,Bank Transfer,Every 3 Months,Adult,90,4.06,507.36,1
1341,40,Male,Belt,Accessories,72,Idaho,M,Peach,Fall,4.4,No,Next Day Air,Yes,Yes,5,Debit Card,Every 3 Months,Adult,90,4.06,652.32,1
1342,26,Male,Hoodie,Clothing,27,Rhode Island,XL,Yellow,Fall,3.7,No,Standard,Yes,Yes,31,Bank Transfer,Quarterly,Young Adult,90,4.06,946.62,0
1343,57,Male,Sunglasses,Accessories,43,Arizona,XL,Yellow,Summer,3.4,No,2-Day Shipping,Yes,Yes,11,Bank Transfer,Monthly,Middle-aged,30,12.17,996.31,0
1344,68,Male,Sneakers,Footwear,56,Florida,M,Indigo,Spring,3.4,No,Standard,Yes,Yes,34,Bank Transfer,Monthly,Senior,30,12.17,2585.52,0
1345,56,Male,T-shirt,Clothing,37,New York,S,Violet,Fall,4.9,No,Next Day Air,Yes,Yes,14,Cash,Annually,Middle-aged,365,1.0,555.0,1
1346,40,Male,Dress,Clothing,21,Nebraska,M,White,Fall,3.6,No,Standard,Yes,Yes,42,Venmo,Weekly,Adult,7,52.14,1976.94,0
1347,44,Male,Hoodie,Clothing,91,Mississippi,L,White,Winter,3.0,No,Free Shipping,Yes,Yes,15,Venmo,Bi-Weekly,Adult,14,26.07,3737.37,0
1348,44,Male,Sweater,Clothing,95,Vermont,M,Cyan,Summer,3.9,No,2-Day Shipping,Yes,Yes,47,Bank Transfer,Monthly,Adult,30,12.17,5621.15,0
1349,19,Male,Belt,Accessories,54,Nebraska,XL,Purple,Spring,3.2,No,Standard,Yes,Yes,23,Credit Card,Fortnightly,Young Adult,14,26.07,2649.78,0
1350,21,Male,Socks,Clothing,36,South Carolina,XL,Black,Spring,3.2,No,Next Day Air,Yes,Yes,23,Cash,Bi-Weekly,Young Adult,14,26.07,1766.52,0
1351,31,Male,Sunglasses,Accessories,71,Delaware,M,Orange,Fall,4.3,No,Next Day Air,Yes,Yes,1,Cash,Every 3 Months,Young Adult,90,4.06,359.26,1
1352,30,Male,Coat,Outerwear,31,Vermont,L,Maroon,Summer,2.8,No,2-Day Shipping,Yes,Yes,28,Bank Transfer,Quarterly,Young Adult,90,4.06,993.86,0
1353,65,Male,Hat,Accessories,89,Indiana,XL,Orange,Spring,4.5,No,Next Day Air,Yes,Yes,37,Credit Card,Bi-Weekly,Senior,14,26.07,5613.23,0
1354,39,Male,Pants,Clothing,83,Oregon,M,Teal,Winter,4.1,No,Next Day Air,Yes,Yes,4,Cash,Every 3 Months,Adult,90,4.06,668.98,1
1355,64,Male,Backpack,Accessories,42,Maryland,M,Gray,Spring,3.6,No,2-Day Shipping,Yes,Yes,21,Bank Transfer,Quarterly,Senior,90,4.06,1052.52,1
1356,59,Male,Shorts,Clothing,91,Florida,M,Blue,Summer,3.0,No,2-Day Shipping,Yes,Yes,50,PayPal,Bi-Weekly,Senior,14,26.07,6922.37,0
1357,49,Male,Jacket,Outerwear,61,Indiana,M,Cyan,Spring,4.0,No,Free Shipping,Yes,Yes,34,Bank Transfer,Annually,Middle-aged,365,1.0,2135.0,0
1358,24,Male,Backpack,Accessories,66,Texas,S,Red,Summer,3.5,No,Next Day Air,Yes,Yes,20,Cash,Quarterly,Young Adult,90,4.06,1587.96,1
1359,19,Male,Scarf,Accessories,22,Nebraska,XL,Pink,Spring,2.5,No,Store Pickup,Yes,Yes,25,Venmo,Every 3 Months,Young Adult,90,4.06,639.32,1
1360,27,Male,Hoodie,Clothing,68,North Carolina,S,Cyan,Winter,4.3,No,Store Pickup,Yes,Yes,26,Bank Transfer,Fortnightly,Young Adult,14,26.07,3540.76,0
1361,56,Male,Skirt,Clothing,43,Alabama,L,Black,Fall,2.8,No,Express,Yes,Yes,4,Bank Transfer,Annually,Middle-aged,365,1.0,215.0,1
1362,49,Male,Dress,Clothing,32,Alabama,M,Beige,Fall,3.7,No,Next Day Air,Yes,Yes,39,Debit Card,Monthly,Middle-aged,30,12.17,1637.44,0
1363,41,Male,Coat,Outerwear,46,Colorado,M,Gray,Fall,4.3,No,Express,Yes,Yes,29,Cash,Weekly,Adult,7,52.14,3732.44,0
1364,36,Male,Blouse,Clothing,90,Wisconsin,L,Red,Summer,4.0,No,Express,Yes,Yes,47,PayPal,Quarterly,Adult,90,4.06,4595.4,0
1365,68,Male,Hat,Accessories,75,Delaware,L,Yellow,Fall,4.7,No,Express,Yes,Yes,5,Cash,Every 3 Months,Senior,90,4.06,679.5,1
1366,28,Male,Handbag,Accessories,69,Indiana,M,Magenta,Winter,4.5,No,Store Pickup,Yes,Yes,18,Bank Transfer,Fortnightly,Young Adult,14,26.07,3040.83,0
1367,45,Male,Belt,Accessories,40,Iowa,M,Magenta,Fall,3.1,No,Free Shipping,Yes,Yes,10,Credit Card,Fortnightly,Middle-aged,14,26.07,1442.8,0
1368,60,Male,Belt,Accessories,63,Iowa,S,Black,Fall,3.8,No,Express,Yes,Yes,25,Cash,Quarterly,Senior,90,4.06,1830.78,1
1369,21,Male,Shirt,Clothing,36,Wisconsin,L,Orange,Summer,4.9,No,Express,Yes,Yes,2,Cash,Weekly,Young Adult,7,52.14,1949.04,0
1370,32,Male,Shoes,Footwear,75,Iowa,M,Green,Winter,3.2,No,Standard,Yes,Yes,48,Venmo,Fortnightly,Adult,14,26.07,5555.25,0
1371,27,Male,Scarf,Accessories,67,Montana,L,Peach,Summer,3.8,No,2-Day Shipping,Yes,Yes,41,Bank Transfer,Every 3 Months,Young Adult,90,4.06,3019.02,0
1372,40,Male,Pants,Clothing,64,Mississippi,M,Charcoal,Spring,2.8,No,Store Pickup,Yes,Yes,42,Credit Card,Monthly,Adult,30,12.17,3466.88,0
1373,64,Male,Blouse,Clothing,61,Michigan,M,Gray,Fall,4.0,No,2-Day Shipping,Yes,Yes,44,PayPal,Bi-Weekly,Senior,14,26.07,4274.27,0
1374,18,Male,Gloves,Accessories,40,Virginia,L,Turquoise,Winter,2.6,No,Store Pickup,Yes,Yes,6,Cash,Quarterly,Young Adult,90,4.06,402.4,1
1375,22,Male,Handbag,Accessories,97,New York,M,Red,Fall,2.7,No,Free Shipping,Yes,Yes,5,Bank Transfer,Quarterly,Young Adult,90,4.06,878.82,1
1376,42,Male,Sneakers,Footwear,31,Maine,L,Brown,Spring,4.1,No,2-Day Shipping,Yes,Yes,8,Credit Card,Annually,Adult,365,1.0,279.0,1
1377,57,Male,Sandals,Footwear,65,New Jersey,L,Pink,Spring,5.0,No,Free Shipping,Yes,Yes,24,PayPal,Annually,Middle-aged,365,1.0,1625.0,1
1378,33,Male,Sunglasses,Accessories,54,Maryland,L,Olive,Spring,3.0,No,Next Day Air,Yes,Yes,42,Venmo,Monthly,Adult,30,12.17,2925.18,0
1379,37,Male,Jacket,Outerwear,49,Kentucky,XL,Lavender,Fall,3.6,No,Free Shipping,Yes,Yes,24,Venmo,Weekly,Adult,7,52.14,3730.86,0
1380,21,Male,T-shirt,Clothing,64,Minnesota,L,Purple,Fall,2.8,No,2-Day Shipping,Yes,Yes,38,Venmo,Bi-Weekly,Young Adult,14,26.07,4100.48,0
1381,51,Male,Sneakers,Footwear,35,Massachusetts,S,Beige,Winter,4.6,No,Standard,Yes,Yes,41,Cash,Fortnightly,Middle-aged,14,26.07,2347.45,0
1382,30,Male,Shoes,Footwear,86,Illinois,L,Green,Winter,2.9,No,Standard,Yes,Yes,48,Venmo,Quarterly,Young Adult,90,4.06,4477.16,0
1383,68,Male,Jacket,Outerwear,55,Michigan,L,Brown,Winter,4.8,No,Express,Yes,Yes,16,Bank Transfer,Quarterly,Senior,90,4.06,1103.3,1
1384,36,Male,Scarf,Accessories,58,Wisconsin,M,Beige,Spring,3.3,No,Express,Yes,Yes,4,Venmo,Monthly,Adult,30,12.17,937.86,0
1385,46,Male,Sneakers,Footwear,96,Alaska,M,Beige,Fall,4.6,No,Standard,Yes,Yes,8,Bank Transfer,Weekly,Middle-aged,7,52.14,5773.44,0
1386,41,Male,Jewelry,Accessories,64,Mississippi,M,Indigo,Fall,2.6,No,Store Pickup,Yes,Yes,1,Bank Transfer,Bi-Weekly,Adult,14,26.07,1732.48,0
1387,68,Male,Jacket,Outerwear,56,Oregon,M,Silver,Fall,4.0,No,Next Day Air,Yes,Yes,4,Debit Card,Quarterly,Senior,90,4.06,451.36,1
1388,21,Male,Blouse,Clothing,85,Maryland,M,Gold,Winter,3.8,No,Standard,Yes,Yes,20,Credit Card,Monthly,Young Adult,30,12.17,2734.45,0
1389,62,Male,Dress,Clothing,23,Arkansas,M,Lavender,Spring,3.9,No,Express,Yes,Yes,40,Cash,Quarterly,Senior,90,4.06,1013.38,0
1390,59,Male,Scarf,Accessories,72,Illinois,L,Orange,Fall,2.6,No,Store Pickup,Yes,Yes,8,Debit Card,Fortnightly,Senior,14,26.07,2453.04,0
1391,25,Male,Hat,Accessories,38,Arkansas,M,Maroon,Summer,4.3,No,Standard,Yes,Yes,42,Debit Card,Weekly,Young Adult,7,52.14,3577.32,0
1392,53,Male,Blouse,Clothing,29,Mississippi,S,White,Winter,3.6,No,Express,Yes,Yes,38,Credit Card,Annually,Middle-aged,365,1.0,1131.0,0
1393,31,Male,Gloves,Accessories,46,Arkansas,M,Yellow,Spring,4.2,No,Express,Yes,Yes,34,Venmo,Every 3 Months,Young Adult,90,4.06,1750.76,0
1394,46,Male,Gloves,Accessories,58,Idaho,L,Yellow,Spring,3.9,No,Express,Yes,Yes,14,PayPal,Fortnightly,Middle-aged,14,26.07,2324.06,0
1395,26,Male,Coat,Outerwear,43,Iowa,L,Magenta,Fall,4.7,No,Next Day Air,Yes,Yes,39,Cash,Weekly,Young Adult,7,52.14,3919.02,0
1396,47,Male,Scarf,Accessories,32,West Virginia,L,Turquoise,Spring,2.8,No,Next Day Air,Yes,Yes,40,PayPal,Bi-Weekly,Middle-aged,14,26.07,2114.24,0
1397,37,Male,Pants,Clothing,30,Wisconsin,XL,Lavender,Winter,3.0,No,Next Day Air,Yes,Yes,49,Debit Card,Monthly,Adult,30,12.17,1835.1,0
1398,55,Male,Sunglasses,Accessories,67,Massachusetts,S,Magenta,Summer,4.7,No,Store Pickup,Yes,Yes,33,PayPal,Annually,Middle-aged,365,1.0,2278.0,0
1399,30,Male,Dress,Clothing,45,Texas,M,Cyan,Summer,2.5,No,Free Shipping,Yes,Yes,25,Credit Card,Weekly,Young Adult,7,52.14,3471.3,0
1400,19,Male,Hat,Accessories,81,Nebraska,M,Olive,Winter,3.1,No,Store Pickup,Yes,Yes,48,Venmo,Annually,Young Adult,365,1.0,3969.0,0
1401,36,Male,Backpack,Accessories,23,Nevada,M,Red,Fall,3.6,No,Next Day Air,Yes,Yes,22,Credit Card,Every 3 Months,Adult,90,4.06,599.38,1
1402,23,Male,Sandals,Footwear,59,Indiana,M,Blue,Fall,3.5,No,2-Day Shipping,Yes,Yes,1,PayPal,Weekly,Young Adult,7,52.14,3135.26,0
1403,62,Male,Sunglasses,Accessories,21,North Dakota,L,White,Summer,3.1,No,Express,Yes,Yes,47,PayPal,Monthly,Senior,30,12.17,1242.57,0
1404,26,Male,Backpack,Accessories,20,Georgia,M,Peach,Spring,3.6,No,Store Pickup,Yes,Yes,20,Credit Card,Bi-Weekly,Young Adult,14,26.07,921.4,0
1405,36,Male,Jewelry,Accessories,28,New Mexico,M,Charcoal,Winter,3.5,No,Next Day Air,Yes,Yes,10,Debit Card,Weekly,Adult,7,52.14,1739.92,0
1406,33,Male,Socks,Clothing,100,New Hampshire,M,Peach,Winter,2.7,No,Store Pickup,Yes,Yes,39,Credit Card,Monthly,Adult,30,12.17,5117.0,0
1407,32,Male,Shirt,Clothing,46,Washington,L,Turquoise,Spring,3.6,No,Express,Yes,Yes,15,Debit Card,Monthly,Adult,30,12.17,1249.82,0
1408,56,Male,Handbag,Accessories,61,Nevada,XL,Charcoal,Spring,4.5,No,Express,Yes,Yes,11,Credit Card,Annually,Middle-aged,365,1.0,732.0,1
1409,58,Male,Blouse,Clothing,58,Maine,M,Yellow,Winter,4.1,No,Free Shipping,Yes,Yes,38,Venmo,Weekly,Senior,7,52.14,5228.12,0
1410,34,Male,Backpack,Accessories,50,Idaho,M,Blue,Spring,4.2,No,Standard,Yes,Yes,41,Cash,Fortnightly,Adult,14,26.07,3353.5,0
1411,61,Male,Hat,Accessories,93,Tennessee,M,Purple,Summer,4.0,No,Store Pickup,Yes,Yes,18,Debit Card,Annually,Senior,365,1.0,1767.0,1
1412,48,Male,Skirt,Clothing,24,Louisiana,L,Green,Summer,2.8,No,Store Pickup,Yes,Yes,13,Venmo,Quarterly,Middle-aged,90,4.06,409.44,1
1413,25,Male,Shorts,Clothing,100,Michigan,M,Charcoal,Summer,2.6,No,2-Day Shipping,Yes,Yes,43,Venmo,Annually,Young Adult,365,1.0,4400.0,0
1414,51,Male,Blouse,Clothing,79,New Hampshire,S,Indigo,Fall,2.7,No,Store Pickup,Yes,Yes,12,Bank Transfer,Quarterly,Middle-aged,90,4.06,1268.74,1
1415,29,Male,Socks,Clothing,51,Minnesota,M,Black,Summer,4.5,No,Store Pickup,Yes,Yes,3,Credit Card,Bi-Weekly,Young Adult,14,26.07,1482.57,0
1416,54,Male,Belt,Accessories,90,Illinois,M,Blue,Winter,3.7,No,Free Shipping,Yes,Yes,12,Credit Card,Every 3 Months,Middle-aged,90,4.06,1445.4,1
1417,48,Male,Boots,Footwear,56,Idaho,L,Silver,Summer,3.4,No,Free Shipping,Yes,Yes,46,Cash,Quarterly,Middle-aged,90,4.06,2803.36,0
1418,62,Male,Shorts,Clothing,25,Montana,S,Brown,Spring,4.6,No,Standard,Yes,Yes,21,Debit Card,Fortnightly,Senior,14,26.07,1176.75,0
1419,18,Male,Shirt,Clothing,75,Alabama,M,Violet,Summer,4.1,No,2-Day Shipping,Yes,Yes,23,Venmo,Every 3 Months,Young Adult,90,4.06,2029.5,1
1420,43,Male,Handbag,Accessories,75,Montana,M,Orange,Summer,2.6,No,Free Shipping,Yes,Yes,4,Debit Card,Quarterly,Adult,90,4.06,604.5,1
1421,22,Male,Jeans,Clothing,53,California,XL,Gray,Summer,4.6,No,Store Pickup,Yes,Yes,45,PayPal,Every 3 Months,Young Adult,90,4.06,2600.18,0
1422,68,Male,Dress,Clothing,100,Pennsylvania,S,Gold,Spring,3.0,No,Standard,Yes,Yes,24,Bank Transfer,Fortnightly,Senior,14,26.07,5007.0,0
1423,44,Male,Dress,Clothing,27,Texas,L,Charcoal,Fall,3.4,No,Free Shipping,Yes,Yes,3,PayPal,Bi-Weekly,Adult,14,26.07,784.89,0
1424,51,Male,Sandals,Footwear,60,Michigan,S,Black,Fall,3.5,No,Free Shipping,Yes,Yes,12,Venmo,Every 3 Months,Middle-aged,90,4.06,963.6,1
1425,66,Male,Jacket,Outerwear,23,Connecticut,S,Indigo,Fall,3.5,No,Standard,Yes,Yes,34,Bank Transfer,Every 3 Months,Senior,90,4.06,875.38,0
1426,59,Male,Coat,Outerwear,40,Wyoming,S,White,Winter,3.7,No,Next Day Air,Yes,Yes,39,Credit Card,Annually,Senior,365,1.0,1600.0,0
1427,60,Male,Pants,Clothing,38,Michigan,M,Yellow,Summer,4.8,No,Free Shipping,Yes,Yes,35,PayPal,Every 3 Months,Senior,90,4.06,1484.28,0
1428,31,Male,Backpack,Accessories,90,South Dakota,S,Orange,Summer,4.9,No,Store Pickup,Yes,Yes,8,Credit Card,Annually,Young Adult,365,1.0,810.0,1
1429,20,Male,Blouse,Clothing,97,North Dakota,S,Green,Summer,4.9,No,Express,Yes,Yes,42,PayPal,Quarterly,Young Adult,90,4.06,4467.82,0
1430,24,Male,Skirt,Clothing,38,Maryland,L,Gold,Fall,4.7,No,Standard,Yes,Yes,6,Credit Card,Every 3 Months,Young Adult,90,4.06,382.28,1
1431,48,Male,Sandals,Footwear,30,Michigan,S,Orange,Summer,4.9,No,Free Shipping,Yes,Yes,3,Credit Card,Fortnightly,Middle-aged,14,26.07,872.1,0
1432,39,Male,Pants,Clothing,88,South Dakota,M,Cyan,Fall,2.9,No,Express,Yes,Yes,29,Venmo,Quarterly,Adult,90,4.06,2909.28,0
1433,34,Male,Hat,Accessories,33,Florida,L,Black,Winter,4.4,No,Express,Yes,Yes,32,Debit Card,Quarterly,Adult,90,4.06,1189.98,0
1434,70,Male,Hoodie,Clothing,60,Minnesota,L,Yellow,Winter,3.2,No,Next Day Air,Yes,Yes,45,Debit Card,Weekly,Senior,7,52.14,5828.4,0
1435,59,Male,Sweater,Clothing,64,New York,L,Maroon,Summer,4.6,No,Free Shipping,Yes,Yes,21,Debit Card,Bi-Weekly,Senior,14,26.07,3012.48,0
1436,45,Male,Scarf,Accessories,95,Oregon,XL,Black,Fall,4.0,No,Standard,Yes,Yes,41,Cash,Weekly,Middle-aged,7,52.14,8848.3,0
1437,35,Male,Sneakers,Footwear,83,Minnesota,M,Gray,Winter,3.7,No,Free Shipping,Yes,Yes,23,PayPal,Fortnightly,Adult,14,26.07,4072.81,0
1438,69,Male,Boots,Footwear,97,Montana,XL,Orange,Winter,4.2,No,Free Shipping,Yes,Yes,14,Cash,Annually,Senior,365,1.0,1455.0,1
1439,58,Male,Coat,Outerwear,38,Washington,M,Cyan,Spring,2.9,No,Standard,Yes,Yes,24,Debit Card,Monthly,Senior,30,12.17,1374.46,0
1440,25,Male,Boots,Footwear,48,New Mexico,M,Magenta,Summer,4.8,No,Next Day Air,Yes,Yes,25,Cash,Fortnightly,Young Adult,14,26.07,2451.36,0
1441,27,Male,Sandals,Footwear,76,Arizona,M,Pink,Spring,4.4,No,Standard,Yes,Yes,13,Venmo,Monthly,Young Adult,30,12.17,1912.92,0
1442,34,Male,Pants,Clothing,25,Nebraska,S,Turquoise,Summer,3.4,No,Free Shipping,Yes,Yes,3,Venmo,Every 3 Months,Adult,90,4.06,176.5,1
1443,53,Male,Hoodie,Clothing,92,Idaho,S,Violet,Spring,2.8,No,2-Day Shipping,Yes,Yes,42,Credit Card,Annually,Middle-aged,365,1.0,3956.0,0
1444,58,Male,Sandals,Footwear,47,Idaho,L,Teal,Fall,4.2,No,Next Day Air,Yes,Yes,2,Cash,Monthly,Senior,30,12.17,665.99,0
1445,32,Male,Sweater,Clothing,36,Vermont,L,Pink,Fall,3.8,No,Express,Yes,Yes,26,Cash,Quarterly,Adult,90,4.06,1082.16,0
1446,64,Male,Belt,Accessories,51,Arkansas,M,Gold,Fall,3.1,No,2-Day Shipping,Yes,Yes,24,Credit Card,Annually,Senior,365,1.0,1275.0,1
1447,63,Male,Jeans,Clothing,35,Wyoming,XL,Red,Summer,3.2,No,Express,Yes,Yes,6,Credit Card,Quarterly,Senior,90,4.06,352.1,1
1448,23,Male,Hoodie,Clothing,57,New Mexico,S,Beige,Summer,3.0,No,Next Day Air,Yes,Yes,25,PayPal,Monthly,Young Adult,30,12.17,2118.69,0
1449,64,Male,Boots,Footwear,95,West Virginia,M,Black,Summer,3.6,No,Free Shipping,Yes,Yes,11,Credit Card,Every 3 Months,Senior,90,4.06,1430.7,1
1450,18,Male,Socks,Clothing,41,New York,L,Lavender,Winter,2.5,No,Store Pickup,Yes,Yes,20,Cash,Every 3 Months,Young Adult,90,4.06,986.46,1
1451,25,Male,Dress,Clothing,44,Illinois,S,Teal,Winter,3.4,No,Free Shipping,Yes,Yes,25,Cash,Quarterly,Young Adult,90,4.06,1278.64,1
1452,54,Male,Jacket,Outerwear,34,Utah,M,Maroon,Fall,2.5,No,Next Day Air,Yes,Yes,35,PayPal,Quarterly,Middle-aged,90,4.06,1328.04,0
1453,60,Male,Jacket,Outerwear,25,Colorado,L,Blue,Spring,4.7,No,2-Day Shipping,Yes,Yes,11,Bank Transfer,Quarterly,Senior,90,4.06,376.5,1
1454,36,Male,Boots,Footwear,93,Virginia,S,Teal,Winter,3.2,No,2-Day Shipping,Yes,Yes,41,Bank Transfer,Fortnightly,Adult,14,26.07,6237.51,0
1455,66,Male,Sneakers,Footwear,50,Georgia,L,Maroon,Winter,2.9,No,Free Shipping,Yes,Yes,17,Credit Card,Annually,Senior,365,1.0,900.0,1
1456,60,Male,Pants,Clothing,79,Alabama,L,Silver,Fall,4.9,No,Express,Yes,Yes,1,PayPal,Every 3 Months,Senior,90,4.06,399.74,1
1457,59,Male,Coat,Outerwear,100,Montana,S,Olive,Spring,2.7,No,Store Pickup,Yes,Yes,30,PayPal,Every 3 Months,Senior,90,4.06,3406.0,0
1458,58,Male,Shirt,Clothing,57,Pennsylvania,S,Gray,Spring,4.7,No,Express,Yes,Yes,47,Venmo,Fortnightly,Senior,14,26.07,4164.99,0
1459,35,Male,Sweater,Clothing,28,Missouri,M,Peach,Spring,2.9,No,2-Day Shipping,Yes,Yes,34,Venmo,Weekly,Adult,7,52.14,2411.92,0
1460,20,Male,Shoes,Footwear,35,Maine,L,Yellow,Winter,4.8,No,Express,Yes,Yes,18,Venmo,Fortnightly,Young Adult,14,26.07,1542.45,0
1461,70,Male,Boots,Footwear,85,Pennsylvania,L,Violet,Fall,4.6,No,Standard,Yes,Yes,33,Venmo,Bi-Weekly,Senior,14,26.07,5020.95,0
1462,54,Male,Sunglasses,Accessories,95,Oregon,S,Red,Summer,5.0,No,2-Day Shipping,Yes,Yes,42,Venmo,Quarterly,Middle-aged,90,4.06,4375.7,0
1463,38,Male,Sneakers,Footwear,90,Utah,S,Charcoal,Summer,4.8,No,2-Day Shipping,Yes,Yes,2,Venmo,Quarterly,Adult,90,4.06,545.4,1
1464,54,Male,Jewelry,Accessories,49,Oklahoma,M,Beige,Summer,4.9,No,Store Pickup,Yes,Yes,1,Bank Transfer,Monthly,Middle-aged,30,12.17,645.33,0
1465,33,Male,Belt,Accessories,92,Montana,M,Peach,Winter,4.6,No,2-Day Shipping,Yes,Yes,23,Bank Transfer,Quarterly,Adult,90,4.06,2489.52,1
1466,46,Male,Gloves,Accessories,72,Nebraska,XL,Violet,Winter,3.9,No,Store Pickup,Yes,Yes,42,Cash,Bi-Weekly,Middle-aged,14,26.07,4901.04,0
1467,58,Male,Shorts,Clothing,71,Alabama,M,Green,Summer,4.5,No,Store Pickup,Yes,Yes,3,PayPal,Annually,Senior,365,1.0,284.0,1
1468,30,Male,Jewelry,Accessories,27,Ohio,XL,Olive,Winter,4.7,No,Store Pickup,Yes,Yes,16,Debit Card,Fortnightly,Young Adult,14,26.07,1135.89,0
1469,42,Male,Gloves,Accessories,39,Arkansas,S,Silver,Fall,3.9,No,Express,Yes,Yes,46,Cash,Fortnightly,Adult,14,26.07,2810.73,0
1470,28,Male,Jewelry,Accessories,98,Mississippi,M,Purple,Winter,4.4,No,Standard,Yes,Yes,31,PayPal,Every 3 Months,Young Adult,90,4.06,3435.88,0
1471,43,Male,Sandals,Footwear,27,California,M,Silver,Spring,3.9,No,Next Day Air,Yes,Yes,15,Cash,Every 3 Months,Adult,90,4.06,514.62,1
1472,31,Male,Jewelry,Accessories,71,Alaska,S,Gray,Spring,2.8,No,2-Day Shipping,Yes,Yes,48,Venmo,Every 3 Months,Young Adult,90,4.06,3696.26,0
1473,39,Male,Hat,Accessories,24,Indiana,L,Turquoise,Spring,3.5,No,Store Pickup,Yes,Yes,11,Cash,Weekly,Adult,7,52.14,1515.36,0
1474,69,Male,Shorts,Clothing,63,Wisconsin,M,Violet,Fall,4.3,No,Express,Yes,Yes,20,Credit Card,Every 3 Months,Senior,90,4.06,1515.78,1
1475,31,Male,Sweater,Clothing,72,New Jersey,S,Pink,Fall,3.9,No,Next Day Air,Yes,Yes,6,Credit Card,Monthly,Young Adult,30,12.17,1308.24,0
1476,44,Male,Blouse,Clothing,61,Rhode Island,M,Teal,Spring,4.0,No,Express,Yes,Yes,24,Cash,Monthly,Adult,30,12.17,2206.37,0
1477,39,Male,Hat,Accessories,56,Wyoming,M,Magenta,Fall,4.1,No,Next Day Air,Yes,Yes,18,Credit Card,Monthly,Adult,30,12.17,1689.52,0
1478,24,Male,Belt,Accessories,32,Oregon,XL,Silver,Summer,4.3,No,Standard,Yes,Yes,1,PayPal,Every 3 Months,Young Adult,90,4.06,161.92,1
1479,28,Male,Gloves,Accessories,23,Washington,M,Blue,Summer,4.2,No,Free Shipping,Yes,Yes,13,Venmo,Bi-Weekly,Young Adult,14,26.07,898.61,0
1480,48,Male,Coat,Outerwear,100,Washington,L,Black,Spring,4.0,No,Standard,Yes,Yes,2,Bank Transfer,Weekly,Middle-aged,7,52.14,5414.0,0
1481,39,Male,Jewelry,Accessories,74,New Hampshire,M,Gold,Fall,3.6,No,Express,Yes,Yes,26,Cash,Quarterly,Adult,90,4.06,2224.44,0
1482,64,Male,Skirt,Clothing,33,Maryland,S,Gray,Spring,3.3,No,Standard,Yes,Yes,31,PayPal,Quarterly,Senior,90,4.06,1156.98,0
1483,28,Male,Gloves,Accessories,67,Wisconsin,S,Magenta,Spring,4.1,No,2-Day Shipping,Yes,Yes,43,Bank Transfer,Weekly,Young Adult,7,52.14,6374.38,0
1484,39,Male,Jewelry,Accessories,61,Massachusetts,S,Yellow,Summer,4.7,No,Next Day Air,Yes,Yes,12,Debit Card,Bi-Weekly,Adult,14,26.07,2322.27,0
1485,49,Male,Shorts,Clothing,46,Nebraska,M,Teal,Summer,4.4,No,Store Pickup,Yes,Yes,22,Venmo,Every 3 Months,Middle-aged,90,4.06,1198.76,1
1486,22,Male,Gloves,Accessories,56,Nebraska,L,Red,Spring,3.4,No,Standard,Yes,Yes,3,Cash,Fortnightly,Young Adult,14,26.07,1627.92,0
1487,25,Male,Sneakers,Footwear,73,Idaho,S,Yellow,Spring,5.0,No,Free Shipping,Yes,Yes,23,Venmo,Every 3 Months,Young Adult,90,4.06,1975.38,1
1488,40,Male,Skirt,Clothing,44,Arizona,L,Black,Summer,4.6,No,Store Pickup,Yes,Yes,26,PayPal,Annually,Adult,365,1.0,1188.0,0
1489,23,Male,Hat,Accessories,44,Hawaii,L,Pink,Winter,4.0,No,Standard,Yes,Yes,37,Credit Card,Weekly,Young Adult,7,52.14,3922.16,0
1490,24,Male,Jewelry,Accessories,26,Missouri,XL,Magenta,Summer,4.1,No,Next Day Air,Yes,Yes,42,Venmo,Quarterly,Young Adult,90,4.06,1197.56,0
1491,66,Male,Sneakers,Footwear,52,Louisiana,L,Olive,Spring,4.9,No,Express,Yes,Yes,15,Venmo,Bi-Weekly,Senior,14,26.07,2135.64,0
1492,27,Male,Shirt,Clothing,54,Arkansas,S,Black,Summer,2.7,No,Free Shipping,Yes,Yes,10,Bank Transfer,Quarterly,Young Adult,90,4.06,759.24,1
1493,62,Male,Jacket,Outerwear,38,North Carolina,M,Maroon,Summer,4.5,No,Free Shipping,Yes,Yes,3,Venmo,Quarterly,Senior,90,4.06,268.28,1
1494,70,Male,Belt,Accessories,44,North Dakota,S,Gold,Fall,2.7,No,Standard,Yes,Yes,44,Credit Card,Quarterly,Senior,90,4.06,2114.64,0
1495,43,Male,T-shirt,Clothing,76,Montana,M,Gray,Spring,3.0,No,Next Day Air,Yes,Yes,23,Bank Transfer,Fortnightly,Adult,14,26.07,3729.32,0
1496,45,Male,Jewelry,Accessories,23,Rhode Island,M,Brown,Winter,4.5,No,Next Day Air,Yes,Yes,6,PayPal,Weekly,Middle-aged,7,52.14,1337.22,0
1497,63,Male,T-shirt,Clothing,98,Idaho,M,Purple,Winter,5.0,No,Standard,Yes,Yes,9,Venmo,Bi-Weekly,Senior,14,26.07,3436.86,0
1498,69,Male,Jacket,Outerwear,33,Michigan,S,Magenta,Spring,3.8,No,2-Day Shipping,Yes,Yes,16,Debit Card,Every 3 Months,Senior,90,4.06,661.98,1
1499,59,Male,Sweater,Clothing,32,Illinois,M,Teal,Summer,3.1,No,Standard,Yes,Yes,46,Venmo,Fortnightly,Senior,14,26.07,2306.24,0
1500,19,Male,Boots,Footwear,85,Georgia,S,Olive,Fall,3.4,No,Free Shipping,Yes,Yes,24,Credit Card,Every 3 Months,Young Adult,90,4.06,2385.1,1
1501,63,Male,Jeans,Clothing,69,Alabama,L,Maroon,Summer,4.8,No,Next Day Air,Yes,Yes,22,Debit Card,Monthly,Senior,30,12.17,2357.73,0
1502,37,Male,Jeans,Clothing,55,Alaska,XL,Silver,Spring,2.7,No,Standard,Yes,Yes,13,Debit Card,Every 3 Months,Adult,90,4.06,938.3,1
1503,37,Male,Pants,Clothing,66,Massachusetts,M,Black,Summer,3.2,No,Store Pickup,Yes,Yes,20,Cash,Fortnightly,Adult,14,26.07,3040.62,0
1504,50,Male,Jacket,Outerwear,30,Michigan,M,Maroon,Fall,3.9,No,2-Day Shipping,Yes,Yes,46,Cash,Quarterly,Middle-aged,90,4.06,1501.8,0
1505,60,Male,Jacket,Outerwear,80,Alaska,M,Teal,Winter,4.2,No,Next Day Air,Yes,Yes,10,Bank Transfer,Monthly,Senior,30,12.17,1773.6,0
1506,46,Male,Belt,Accessories,20,North Dakota,M,Teal,Summer,3.0,No,Express,Yes,Yes,39,Cash,Monthly,Middle-aged,30,12.17,1023.4,0
1507,35,Male,Shirt,Clothing,30,South Carolina,L,Beige,Fall,3.0,No,2-Day Shipping,Yes,Yes,44,PayPal,Quarterly,Adult,90,4.06,1441.8,0
1508,66,Male,Dress,Clothing,86,Pennsylvania,S,Maroon,Winter,3.7,No,2-Day Shipping,Yes,Yes,7,Venmo,Annually,Senior,365,1.0,688.0,1
1509,35,Male,Blouse,Clothing,84,Colorado,L,Beige,Spring,4.4,No,Store Pickup,Yes,Yes,3,Cash,Every 3 Months,Adult,90,4.06,593.04,1
1510,20,Male,Dress,Clothing,54,New Hampshire,XL,White,Summer,4.6,No,Free Shipping,Yes,Yes,44,Debit Card,Annually,Young Adult,365,1.0,2430.0,0
1511,55,Male,Blouse,Clothing,30,Maryland,XL,Gray,Fall,3.0,No,Free Shipping,Yes,Yes,31,Venmo,Annually,Middle-aged,365,1.0,960.0,0
1512,34,Male,Dress,Clothing,91,Georgia,M,Violet,Winter,3.6,No,Express,Yes,Yes,48,Credit Card,Weekly,Adult,7,52.14,9112.74,0
1513,60,Male,Sneakers,Footwear,23,Wisconsin,L,Silver,Winter,3.9,No,Standard,Yes,Yes,18,PayPal,Bi-Weekly,Senior,14,26.07,1013.61,0
1514,22,Male,Socks,Clothing,35,Texas,M,Red,Spring,4.1,No,Free Shipping,Yes,Yes,27,Cash,Monthly,Young Adult,30,12.17,1370.95,0
1515,26,Male,Shoes,Footwear,90,Utah,L,Brown,Winter,3.9,No,2-Day Shipping,Yes,Yes,1,Venmo,Weekly,Young Adult,7,52.14,4782.6,0
1516,39,Male,Jeans,Clothing,93,Indiana,S,Turquoise,Fall,3.9,No,2-Day Shipping,Yes,Yes,34,Cash,Weekly,Adult,7,52.14,8011.02,0
1517,20,Male,Jeans,Clothing,68,Nevada,L,Indigo,Winter,4.5,No,Express,Yes,Yes,5,Bank Transfer,Bi-Weekly,Young Adult,14,26.07,2112.76,0
1518,57,Male,Gloves,Accessories,41,New Hampshire,M,Violet,Spring,3.4,No,Standard,Yes,Yes,12,Cash,Quarterly,Middle-aged,90,4.06,658.46,1
1519,68,Male,Belt,Accessories,73,New York,M,Yellow,Winter,4.1,No,Next Day Air,Yes,Yes,14,Venmo,Fortnightly,Senior,14,26.07,2925.11,0
1520,50,Male,Sunglasses,Accessories,73,Texas,L,Cyan,Fall,4.9,No,Next Day Air,Yes,Yes,40,PayPal,Weekly,Middle-aged,7,52.14,6726.22,0
1521,21,Male,Hat,Accessories,66,Iowa,M,Brown,Summer,4.4,No,2-Day Shipping,Yes,Yes,39,Cash,Quarterly,Young Adult,90,4.06,2841.96,0
1522,29,Male,Backpack,Accessories,59,Washington,M,White,Summer,2.7,No,2-Day Shipping,Yes,Yes,50,Bank Transfer,Weekly,Young Adult,7,52.14,6026.26,0
1523,38,Male,Shorts,Clothing,72,Tennessee,L,Yellow,Spring,4.8,No,Free Shipping,Yes,Yes,5,Debit Card,Monthly,Adult,30,12.17,1236.24,0
1524,54,Male,Socks,Clothing,88,Georgia,M,White,Summer,3.3,No,2-Day Shipping,Yes,Yes,35,Debit Card,Annually,Middle-aged,365,1.0,3168.0,0
1525,22,Male,Socks,Clothing,76,Massachusetts,L,Pink,Summer,4.4,No,Free Shipping,Yes,Yes,6,Cash,Bi-Weekly,Young Adult,14,26.07,2437.32,0
1526,29,Male,Belt,Accessories,31,Oregon,M,Indigo,Winter,4.6,No,2-Day Shipping,Yes,Yes,22,Cash,Fortnightly,Young Adult,14,26.07,1490.17,0
1527,41,Male,Jacket,Outerwear,22,Oklahoma,L,White,Summer,3.1,No,Next Day Air,Yes,Yes,27,PayPal,Monthly,Adult,30,12.17,861.74,0
1528,26,Male,Hat,Accessories,75,Wisconsin,L,Red,Fall,4.5,No,2-Day Shipping,Yes,Yes,33,Debit Card,Fortnightly,Young Adult,14,26.07,4430.25,0
1529,69,Male,T-shirt,Clothing,75,Oregon,S,Red,Spring,4.0,No,Store Pickup,Yes,Yes,47,Venmo,Bi-Weekly,Senior,14,26.07,5480.25,0
1530,20,Male,Backpack,Accessories,63,Georgia,M,Lavender,Winter,3.1,No,Free Shipping,Yes,Yes,48,Credit Card,Bi-Weekly,Young Adult,14,26.07,4666.41,0
1531,59,Male,Coat,Outerwear,21,New Mexico,M,Teal,Spring,3.9,No,Next Day Air,Yes,Yes,22,Bank Transfer,Quarterly,Senior,90,4.06,547.26,1
1532,63,Male,Backpack,Accessories,83,Mississippi,S,Violet,Spring,4.5,No,Next Day Air,Yes,Yes,8,PayPal,Bi-Weekly,Senior,14,26.07,2827.81,0
1533,68,Male,Jacket,Outerwear,46,Wisconsin,S,Silver,Winter,4.4,No,Next Day Air,Yes,Yes,5,PayPal,Every 3 Months,Senior,90,4.06,416.76,1
1534,50,Male,Shoes,Footwear,59,New Hampshire,M,Gold,Summer,3.6,No,2-Day Shipping,Yes,Yes,16,Bank Transfer,Quarterly,Middle-aged,90,4.06,1183.54,1
1535,55,Male,Blouse,Clothing,66,Wyoming,M,Green,Summer,3.4,No,Free Shipping,Yes,Yes,26,Venmo,Fortnightly,Middle-aged,14,26.07,3436.62,0
1536,36,Male,Sandals,Footwear,74,West Virginia,S,Turquoise,Fall,4.0,No,2-Day Shipping,Yes,Yes,8,Venmo,Monthly,Adult,30,12.17,1492.58,0
1537,18,Male,Sunglasses,Accessories,82,Michigan,M,Indigo,Summer,2.6,No,Store Pickup,Yes,Yes,17,Cash,Quarterly,Young Adult,90,4.06,1726.92,1
1538,68,Male,Shoes,Footwear,89,Alaska,L,Black,Spring,3.2,No,Next Day Air,Yes,Yes,50,Venmo,Annually,Senior,365,1.0,4539.0,0
1539,56,Male,Dress,Clothing,65,Illinois,L,Charcoal,Fall,3.2,No,Standard,Yes,Yes,22,Venmo,Bi-Weekly,Middle-aged,14,26.07,3124.55,0
1540,32,Male,Belt,Accessories,55,Hawaii,M,Turquoise,Spring,5.0,No,2-Day Shipping,Yes,Yes,19,Cash,Every 3 Months,Adult,90,4.06,1268.3,1
1541,28,Male,Shorts,Clothing,95,Colorado,M,Red,Winter,2.9,No,Next Day Air,Yes,Yes,14,Bank Transfer,Monthly,Young Adult,30,12.17,2486.15,0
1542,24,Male,Handbag,Accessories,77,Illinois,S,Indigo,Winter,2.9,No,Store Pickup,Yes,Yes,35,Cash,Bi-Weekly,Young Adult,14,26.07,4702.39,0
1543,59,Male,Blouse,Clothing,44,Hawaii,M,Maroon,Winter,3.5,No,Next Day Air,Yes,Yes,43,PayPal,Weekly,Senior,7,52.14,4186.16,0
1544,56,Male,Jeans,Clothing,89,Wisconsin,M,Indigo,Fall,4.0,No,Standard,Yes,Yes,24,Venmo,Annually,Middle-aged,365,1.0,2225.0,1
1545,30,Male,Jewelry,Accessories,24,Arkansas,M,Maroon,Spring,3.9,No,Standard,Yes,Yes,17,Debit Card,Bi-Weekly,Young Adult,14,26.07,1033.68,0
1546,48,Male,Belt,Accessories,43,Delaware,M,Black,Winter,4.9,No,Store Pickup,Yes,Yes,49,Bank Transfer,Annually,Middle-aged,365,1.0,2150.0,0
1547,60,Male,Sneakers,Footwear,51,Oregon,XL,Purple,Summer,3.8,No,Express,Yes,Yes,17,Bank Transfer,Annually,Senior,365,1.0,918.0,1
1548,46,Male,Hat,Accessories,46,South Carolina,L,Teal,Summer,3.5,No,Standard,Yes,Yes,40,Cash,Quarterly,Middle-aged,90,4.06,2026.76,0
1549,69,Male,Dress,Clothing,32,Maryland,M,Silver,Summer,3.7,No,Store Pickup,Yes,Yes,43,Bank Transfer,Weekly,Senior,7,52.14,3044.48,0
1550,19,Male,Sneakers,Footwear,55,Kansas,M,Black,Spring,2.9,No,2-Day Shipping,Yes,Yes,19,Debit Card,Every 3 Months,Young Adult,90,4.06,1268.3,1
1551,66,Male,Sunglasses,Accessories,26,Arkansas,S,Black,Summer,2.8,No,Free Shipping,Yes,Yes,40,Bank Transfer,Quarterly,Senior,90,4.06,1145.56,0
1552,64,Male,Handbag,Accessories,29,Minnesota,M,Olive,Summer,3.7,No,2-Day Shipping,Yes,Yes,13,Credit Card,Monthly,Senior,30,12.17,729.93,0
1553,54,Male,Blouse,Clothing,49,New Mexico,L,Purple,Spring,3.0,No,Express,Yes,Yes,20,Credit Card,Monthly,Middle-aged,30,12.17,1576.33,0
1554,27,Male,Blouse,Clothing,45,Delaware,M,Indigo,Spring,4.8,No,Free Shipping,Yes,Yes,21,Debit Card,Quarterly,Young Adult,90,4.06,1127.7,1
1555,64,Male,Shorts,Clothing,48,Utah,S,Lavender,Winter,2.7,No,Standard,Yes,Yes,18,Cash,Bi-Weekly,Senior,14,26.07,2115.36,0
1556,43,Male,Shorts,Clothing,47,Ohio,S,Cyan,Winter,4.5,No,Free Shipping,Yes,Yes,44,Cash,Quarterly,Adult,90,4.06,2258.82,0
1557,43,Male,Hoodie,Clothing,57,Alabama,M,Gold,Fall,2.7,No,Standard,Yes,Yes,26,Credit Card,Quarterly,Adult,90,4.06,1713.42,0
1558,27,Male,Backpack,Accessories,34,South Dakota,L,Magenta,Fall,3.5,No,Next Day Air,Yes,Yes,34,PayPal,Quarterly,Young Adult,90,4.06,1294.04,0
1559,35,Male,Sunglasses,Accessories,75,New Mexico,XL,Teal,Fall,3.5,No,Express,Yes,Yes,24,Credit Card,Every 3 Months,Adult,90,4.06,2104.5,1
1560,43,Male,Scarf,Accessories,94,Oregon,L,Beige,Fall,4.5,No,Store Pickup,Yes,Yes,23,PayPal,Fortnightly,Adult,14,26.07,4612.58,0
1561,57,Male,Hat,Accessories,84,Oregon,M,Teal,Winter,3.8,No,Free Shipping,Yes,Yes,3,Debit Card,Weekly,Middle-aged,7,52.14,4631.76,0
1562,50,Male,Scarf,Accessories,38,Mississippi,M,Indigo,Summer,3.8,No,Standard,Yes,Yes,2,Bank Transfer,Quarterly,Middle-aged,90,4.06,230.28,1
1563,37,Male,Scarf,Accessories,75,Alabama,M,Purple,Winter,3.2,No,Next Day Air,Yes,Yes,23,Venmo,Bi-Weekly,Adult,14,26.07,3680.25,0
1564,68,Male,Pants,Clothing,44,Kansas,M,Teal,Fall,4.3,No,Next Day Air,Yes,Yes,8,Cash,Weekly,Senior,7,52.14,2646.16,0
1565,22,Male,Backpack,Accessories,33,California,XL,Turquoise,Summer,4.5,No,Next Day Air,Yes,Yes,30,Debit Card,Every 3 Months,Young Adult,90,4.06,1123.98,0
1566,58,Male,Sunglasses,Accessories,93,Idaho,L,Peach,Fall,4.2,No,Free Shipping,Yes,Yes,48,PayPal,Annually,Senior,365,1.0,4557.0,0
1567,48,Male,Sneakers,Footwear,99,Wyoming,S,Green,Winter,3.0,No,Free Shipping,Yes,Yes,21,Cash,Bi-Weekly,Middle-aged,14,26.07,4659.93,0
1568,30,Male,Backpack,Accessories,33,Minnesota,M,Turquoise,Spring,4.1,No,Standard,Yes,Yes,9,Cash,Monthly,Young Adult,30,12.17,698.61,0
1569,51,Male,Sneakers,Footwear,76,Washington,L,Yellow,Spring,4.6,No,Store Pickup,Yes,Yes,8,Debit Card,Monthly,Middle-aged,30,12.17,1532.92,0
1570,20,Male,Skirt,Clothing,63,Hawaii,M,Orange,Summer,2.9,No,Standard,Yes,Yes,29,Debit Card,Weekly,Young Adult,7,52.14,5111.82,0
1571,30,Male,Pants,Clothing,41,Missouri,L,Brown,Winter,4.8,No,Next Day Air,Yes,Yes,3,Bank Transfer,Every 3 Months,Young Adult,90,4.06,289.46,1
1572,28,Male,Jewelry,Accessories,88,Colorado,L,Silver,Winter,4.5,No,Next Day Air,Yes,Yes,11,Bank Transfer,Fortnightly,Young Adult,14,26.07,3262.16,0
1573,37,Male,Skirt,Clothing,92,Washington,L,White,Summer,3.4,No,2-Day Shipping,Yes,Yes,16,Debit Card,Monthly,Adult,30,12.17,2591.64,0
1574,36,Male,T-shirt,Clothing,31,North Dakota,L,Indigo,Summer,4.3,No,2-Day Shipping,Yes,Yes,25,Debit Card,Weekly,Adult,7,52.14,2391.34,0
1575,18,Male,Skirt,Clothing,25,Minnesota,S,Magenta,Spring,4.2,No,Free Shipping,Yes,Yes,32,PayPal,Bi-Weekly,Young Adult,14,26.07,1451.75,0
1576,52,Male,Shirt,Clothing,28,California,M,Turquoise,Spring,3.6,No,Next Day Air,Yes,Yes,28,Cash,Fortnightly,Middle-aged,14,26.07,1513.96,0
1577,56,Male,Dress,Clothing,75,Michigan,M,White,Spring,3.7,No,2-Day Shipping,Yes,Yes,36,PayPal,Monthly,Middle-aged,30,12.17,3612.75,0
1578,68,Male,Boots,Footwear,34,Delaware,S,Olive,Spring,4.0,No,Standard,Yes,Yes,7,Venmo,Fortnightly,Senior,14,26.07,1124.38,0
1579,62,Male,Pants,Clothing,97,California,S,Maroon,Winter,4.9,No,2-Day Shipping,Yes,Yes,2,PayPal,Quarterly,Senior,90,4.06,587.82,1
1580,35,Male,Jacket,Outerwear,80,Oklahoma,M,Violet,Summer,3.1,No,Free Shipping,Yes,Yes,6,Bank Transfer,Monthly,Adult,30,12.17,1453.6,0
1581,65,Male,Sneakers,Footwear,71,North Dakota,L,Cyan,Summer,3.7,No,Standard,Yes,Yes,30,Cash,Annually,Senior,365,1.0,2201.0,0
1582,69,Male,Jewelry,Accessories,77,Ohio,L,Teal,Fall,4.2,No,Free Shipping,Yes,Yes,46,Cash,Quarterly,Senior,90,4.06,3854.62,0
1583,28,Male,Belt,Accessories,41,Hawaii,L,Red,Spring,2.5,No,Next Day Air,Yes,Yes,39,Cash,Monthly,Young Adult,30,12.17,2097.97,0
1584,37,Male,Scarf,Accessories,92,Maryland,XL,Yellow,Summer,4.3,No,Next Day Air,Yes,Yes,8,Venmo,Annually,Adult,365,1.0,828.0,1
1585,41,Male,Blouse,Clothing,95,Hawaii,S,Silver,Spring,3.1,No,Store Pickup,Yes,Yes,46,Credit Card,Quarterly,Adult,90,4.06,4755.7,0
1586,37,Male,Sweater,Clothing,25,Alabama,M,Charcoal,Fall,3.0,No,Next Day Air,Yes,Yes,40,Debit Card,Fortnightly,Adult,14,26.07,1651.75,0
1587,25,Male,Boots,Footwear,77,Oklahoma,M,Purple,Fall,4.0,No,Express,Yes,Yes,21,Bank Transfer,Weekly,Young Adult,7,52.14,5631.78,0
1588,41,Male,Socks,Clothing,99,Alabama,M,Beige,Summer,3.5,No,Free Shipping,Yes,Yes,33,Credit Card,Fortnightly,Adult,14,26.07,5847.93,0
1589,48,Male,Belt,Accessories,24,Vermont,L,Cyan,Winter,3.2,No,Next Day Air,Yes,Yes,3,Venmo,Monthly,Middle-aged,30,12.17,364.08,0
1590,42,Male,Sneakers,Footwear,72,Ohio,M,Silver,Summer,2.7,No,Store Pickup,Yes,Yes,48,Cash,Weekly,Adult,7,52.14,7210.08,0
1591,54,Male,Jeans,Clothing,80,Wisconsin,S,Pink,Winter,3.0,No,Free Shipping,Yes,Yes,8,PayPal,Annually,Middle-aged,365,1.0,720.0,1
1592,18,Male,Skirt,Clothing,100,South Dakota,L,Gold,Winter,2.9,No,Next Day Air,Yes,Yes,24,PayPal,Annually,Young Adult,365,1.0,2500.0,1
1593,56,Male,Shoes,Footwear,83,Iowa,M,Cyan,Summer,3.3,No,Free Shipping,Yes,Yes,10,Bank Transfer,Every 3 Months,Middle-aged,90,4.06,1166.98,1
1594,61,Male,Dress,Clothing,95,Maryland,M,Black,Spring,4.9,No,2-Day Shipping,Yes,Yes,25,Bank Transfer,Monthly,Senior,30,12.17,3531.15,0
1595,40,Male,Handbag,Accessories,41,Colorado,XL,Charcoal,Summer,3.7,No,Store Pickup,Yes,Yes,3,Cash,Fortnightly,Adult,14,26.07,1191.87,0
1596,34,Male,Backpack,Accessories,35,Wisconsin,S,Magenta,Spring,3.5,No,Standard,Yes,Yes,45,Debit Card,Fortnightly,Adult,14,26.07,2487.45,0
1597,42,Male,Jewelry,Accessories,30,Mississippi,S,Pink,Fall,4.7,No,Store Pickup,Yes,Yes,15,Debit Card,Monthly,Adult,30,12.17,815.1,0
1598,43,Male,Hat,Accessories,21,Mississippi,XL,Maroon,Winter,2.6,No,Store Pickup,Yes,Yes,34,Bank Transfer,Quarterly,Adult,90,4.06,799.26,0
1599,47,Male,Jewelry,Accessories,85,California,M,Teal,Fall,4.1,No,Express,Yes,Yes,21,Venmo,Bi-Weekly,Middle-aged,14,26.07,4000.95,0
1600,48,Male,Shirt,Clothing,54,Delaware,M,Orange,Winter,2.8,No,2-Day Shipping,Yes,Yes,22,Debit Card,Bi-Weekly,Middle-aged,14,26.07,2595.78,0
1601,20,Male,Boots,Footwear,26,Montana,S,Yellow,Spring,4.7,No,Next Day Air,Yes,Yes,24,PayPal,Weekly,Young Adult,7,52.14,1979.64,0
1602,65,Male,Shirt,Clothing,59,Indiana,XL,Red,Spring,2.9,No,Store Pickup,Yes,Yes,33,Credit Card,Monthly,Senior,30,12.17,2665.03,0
1603,54,Male,Sunglasses,Accessories,48,West Virginia,S,Charcoal,Winter,2.8,No,Free Shipping,Yes,Yes,13,Venmo,Fortnightly,Middle-aged,14,26.07,1875.36,0
1604,23,Male,Shorts,Clothing,98,Iowa,L,Black,Summer,4.3,No,Next Day Air,Yes,Yes,17,Debit Card,Bi-Weekly,Young Adult,14,26.07,4220.86,0
1605,18,Male,Sweater,Clothing,92,Maine,M,White,Summer,4.8,No,2-Day Shipping,Yes,Yes,25,Credit Card,Every 3 Months,Young Adult,90,4.06,2673.52,1
1606,70,Male,Belt,Accessories,46,Connecticut,M,Lavender,Winter,3.4,No,Next Day Air,Yes,Yes,15,Credit Card,Bi-Weekly,Senior,14,26.07,1889.22,0
1607,55,Male,T-shirt,Clothing,21,Kansas,S,White,Spring,4.3,No,Standard,Yes,Yes,4,PayPal,Fortnightly,Middle-aged,14,26.07,631.47,0
1608,49,Male,Shorts,Clothing,72,Vermont,S,Gray,Fall,2.7,No,Free Shipping,Yes,Yes,43,Debit Card,Quarterly,Middle-aged,90,4.06,3388.32,0
1609,26,Male,Sandals,Footwear,58,Nebraska,XL,Cyan,Fall,4.6,No,Next Day Air,Yes,Yes,12,Bank Transfer,Bi-Weekly,Young Adult,14,26.07,2208.06,0
1610,33,Male,Shirt,Clothing,93,Nevada,S,Brown,Fall,4.1,No,Standard,Yes,Yes,3,Venmo,Monthly,Adult,30,12.17,1410.81,0
1611,20,Male,Socks,Clothing,31,Tennessee,L,Purple,Spring,3.4,No,2-Day Shipping,Yes,Yes,1,PayPal,Annually,Young Adult,365,1.0,62.0,1
1612,41,Male,Pants,Clothing,26,Arkansas,L,Yellow,Winter,4.5,No,Next Day Air,Yes,Yes,6,Debit Card,Monthly,Adult,30,12.17,472.42,0
1613,18,Male,Skirt,Clothing,68,Wisconsin,M,Indigo,Summer,4.4,No,Standard,Yes,Yes,26,Venmo,Monthly,Young Adult,30,12.17,2595.56,0
1614,26,Male,Jewelry,Accessories,31,Illinois,S,Black,Summer,4.0,No,Next Day Air,Yes,Yes,6,Credit Card,Fortnightly,Young Adult,14,26.07,994.17,0
1615,30,Male,T-shirt,Clothing,41,Kansas,S,Gray,Summer,3.4,No,Free Shipping,Yes,Yes,22,Cash,Bi-Weekly,Young Adult,14,26.07,1970.87,0
1616,64,Male,Jewelry,Accessories,62,New York,M,Indigo,Fall,3.2,No,Standard,Yes,Yes,45,Cash,Bi-Weekly,Senior,14,26.07,4406.34,0
1617,26,Male,Hat,Accessories,41,Colorado,M,Green,Spring,3.4,No,Standard,Yes,Yes,50,Cash,Quarterly,Young Adult,90,4.06,2216.46,0
1618,43,Male,Blouse,Clothing,64,Wisconsin,M,Peach,Winter,4.3,No,Standard,Yes,Yes,50,Credit Card,Fortnightly,Adult,14,26.07,4868.48,0
1619,63,Male,Sandals,Footwear,72,Michigan,L,Purple,Summer,5.0,No,Standard,Yes,Yes,39,Debit Card,Quarterly,Senior,90,4.06,3100.32,0
1620,57,Male,Handbag,Accessories,78,Hawaii,L,Beige,Winter,3.5,No,Store Pickup,Yes,Yes,50,Venmo,Bi-Weekly,Middle-aged,14,26.07,5933.46,0
1621,25,Male,Hat,Accessories,47,Virginia,M,Charcoal,Winter,3.1,No,2-Day Shipping,Yes,Yes,27,PayPal,Every 3 Months,Young Adult,90,4.06,1459.82,0
1622,68,Male,Scarf,Accessories,46,Ohio,L,Gray,Summer,3.9,No,2-Day Shipping,Yes,Yes,38,Debit Card,Fortnightly,Senior,14,26.07,2947.22,0
1623,31,Male,Shorts,Clothing,43,Missouri,S,Brown,Winter,4.0,No,Store Pickup,Yes,Yes,37,Bank Transfer,Every 3 Months,Young Adult,90,4.06,1765.58,0
1624,64,Male,Backpack,Accessories,58,Indiana,M,Cyan,Summer,3.5,No,Next Day Air,Yes,Yes,50,Debit Card,Annually,Senior,365,1.0,2958.0,0
1625,38,Male,Sweater,Clothing,32,Florida,M,White,Winter,3.6,No,Free Shipping,Yes,Yes,40,PayPal,Every 3 Months,Adult,90,4.06,1409.92,0
1626,34,Male,Skirt,Clothing,45,Minnesota,L,Beige,Winter,3.0,No,Next Day Air,Yes,Yes,3,PayPal,Bi-Weekly,Adult,14,26.07,1308.15,0
1627,32,Male,Sneakers,Footwear,35,Nevada,L,Orange,Summer,2.6,No,Next Day Air,Yes,Yes,45,Credit Card,Bi-Weekly,Adult,14,26.07,2487.45,0
1628,69,Male,Sunglasses,Accessories,21,Maine,M,Olive,Winter,2.9,No,Next Day Air,Yes,Yes,8,Credit Card,Annually,Senior,365,1.0,189.0,1
1629,45,Male,Dress,Clothing,64,Massachusetts,S,Teal,Winter,3.1,No,Next Day Air,Yes,Yes,7,Cash,Monthly,Middle-aged,30,12.17,1226.88,0
1630,35,Male,Blouse,Clothing,88,North Dakota,S,Silver,Spring,3.3,No,Next Day Air,Yes,Yes,13,Venmo,Quarterly,Adult,90,4.06,1501.28,1
1631,63,Male,Shoes,Footwear,48,New Jersey,M,Gold,Summer,2.9,No,Store Pickup,Yes,Yes,29,Venmo,Every 3 Months,Senior,90,4.06,1586.88,0
1632,65,Male,Sweater,Clothing,36,Indiana,L,Violet,Summer,3.9,No,2-Day Shipping,Yes,Yes,7,Bank Transfer,Fortnightly,Senior,14,26.07,1190.52,0
1633,35,Male,Gloves,Accessories,28,Oregon,S,White,Summer,4.7,No,2-Day Shipping,Yes,Yes,50,Debit Card,Every 3 Months,Adult,90,4.06,1513.68,0
1634,54,Male,Socks,Clothing,80,North Dakota,M,Peach,Spring,4.4,No,2-Day Shipping,Yes,Yes,33,Debit Card,Bi-Weekly,Middle-aged,14,26.07,4725.6,0
1635,28,Male,Coat,Outerwear,23,South Carolina,S,Orange,Summer,3.6,No,Store Pickup,Yes,Yes,30,Cash,Every 3 Months,Young Adult,90,4.06,783.38,0
1636,68,Male,Sunglasses,Accessories,24,North Carolina,L,Violet,Summer,3.2,No,Standard,Yes,Yes,40,Cash,Annually,Senior,365,1.0,984.0,0
1637,58,Male,Boots,Footwear,22,North Dakota,L,Green,Fall,4.0,No,Free Shipping,Yes,Yes,49,Cash,Fortnightly,Senior,14,26.07,1651.54,0
1638,35,Male,Dress,Clothing,21,Massachusetts,M,Peach,Spring,3.5,No,Next Day Air,Yes,Yes,32,Venmo,Fortnightly,Adult,14,26.07,1219.47,0
1639,68,Male,Jacket,Outerwear,51,Tennessee,M,Black,Spring,4.6,No,Free Shipping,Yes,Yes,18,Venmo,Weekly,Senior,7,52.14,3577.14,0
1640,41,Male,Gloves,Accessories,65,Missouri,L,Blue,Summer,3.3,No,Free Shipping,Yes,Yes,50,PayPal,Annually,Adult,365,1.0,3315.0,0
1641,65,Male,Scarf,Accessories,51,Tennessee,S,Magenta,Spring,4.0,No,2-Day Shipping,Yes,Yes,13,PayPal,Weekly,Senior,7,52.14,3322.14,0
1642,50,Male,Hoodie,Clothing,32,Colorado,L,Violet,Summer,3.4,No,Free Shipping,Yes,Yes,1,Bank Transfer,Every 3 Months,Middle-aged,90,4.06,161.92,1
1643,18,Male,Coat,Outerwear,70,Mississippi,M,Beige,Spring,4.2,No,Store Pickup,Yes,Yes,16,PayPal,Fortnightly,Young Adult,14,26.07,2944.9,0
1644,38,Male,Scarf,Accessories,77,Ohio,L,Pink,Summer,3.9,No,2-Day Shipping,Yes,Yes,6,PayPal,Monthly,Adult,30,12.17,1399.09,0
1645,68,Male,Coat,Outerwear,90,North Carolina,S,Beige,Summer,3.9,No,Next Day Air,Yes,Yes,21,Debit Card,Monthly,Senior,30,12.17,2985.3,0
1646,53,Male,Scarf,Accessories,36,Ohio,L,Green,Summer,2.8,No,Standard,Yes,Yes,36,Venmo,Every 3 Months,Middle-aged,90,4.06,1442.16,0
1647,58,Male,Handbag,Accessories,77,Nebraska,S,Silver,Summer,3.7,No,Standard,Yes,Yes,20,Bank Transfer,Every 3 Months,Senior,90,4.06,1852.62,1
1648,34,Male,Boots,Footwear,78,Hawaii,M,Purple,Summer,4.9,No,Store Pickup,Yes,Yes,8,Debit Card,Quarterly,Adult,90,4.06,940.68,1
1649,36,Male,Pants,Clothing,69,Oklahoma,M,Gray,Summer,2.6,No,Express,Yes,Yes,22,Credit Card,Monthly,Adult,30,12.17,2357.73,0
1650,58,Male,T-shirt,Clothing,63,Wisconsin,M,White,Summer,4.9,No,Free Shipping,Yes,Yes,3,Credit Card,Quarterly,Senior,90,4.06,444.78,1
1651,60,Male,Scarf,Accessories,36,Arkansas,M,Silver,Winter,3.4,No,Next Day Air,Yes,Yes,46,Credit Card,Fortnightly,Senior,14,26.07,2594.52,0
1652,59,Male,Coat,Outerwear,80,Texas,M,Blue,Winter,3.9,No,Standard,Yes,Yes,42,Debit Card,Monthly,Senior,30,12.17,4333.6,0
1653,65,Male,Sweater,Clothing,35,New Mexico,M,Orange,Summer,4.0,No,Next Day Air,Yes,Yes,1,Bank Transfer,Fortnightly,Senior,14,26.07,947.45,0
1654,31,Male,Belt,Accessories,93,Colorado,L,Silver,Winter,3.0,No,2-Day Shipping,Yes,Yes,29,Debit Card,Bi-Weekly,Young Adult,14,26.07,5121.51,0
1655,43,Male,Belt,Accessories,25,Indiana,L,Gray,Spring,2.6,No,Store Pickup,Yes,Yes,14,Credit Card,Quarterly,Adult,90,4.06,451.5,1
1656,37,Male,Sweater,Clothing,81,Arizona,L,Gold,Spring,3.2,No,Next Day Air,Yes,Yes,4,PayPal,Monthly,Adult,30,12.17,1309.77,0
1657,21,Male,Blouse,Clothing,42,Indiana,L,Brown,Spring,2.6,No,2-Day Shipping,Yes,Yes,41,PayPal,Every 3 Months,Young Adult,90,4.06,1892.52,0
1658,69,Male,Skirt,Clothing,36,Indiana,L,Turquoise,Spring,3.2,No,Store Pickup,Yes,Yes,4,Debit Card,Bi-Weekly,Senior,14,26.07,1082.52,0
1659,32,Male,Jewelry,Accessories,66,Alaska,S,Pink,Spring,4.1,No,Store Pickup,Yes,Yes,47,Cash,Weekly,Adult,7,52.14,6543.24,0
1660,53,Male,Gloves,Accessories,37,Utah,M,Black,Fall,3.9,No,Next Day Air,Yes,Yes,44,Venmo,Annually,Middle-aged,365,1.0,1665.0,0
1661,59,Male,T-shirt,Clothing,45,Louisiana,L,Yellow,Winter,4.1,No,Standard,Yes,Yes,37,Venmo,Monthly,Senior,30,12.17,2212.65,0
1662,64,Male,Gloves,Accessories,86,Iowa,S,Beige,Summer,2.7,No,2-Day Shipping,Yes,Yes,21,Debit Card,Quarterly,Senior,90,4.06,2155.16,1
1663,63,Male,Sunglasses,Accessories,24,New Mexico,M,Olive,Winter,4.6,No,Free Shipping,Yes,Yes,46,Debit Card,Fortnightly,Senior,14,26.07,1729.68,0
1664,43,Male,Shirt,Clothing,22,Maine,XL,Gold,Summer,3.5,No,Standard,Yes,Yes,1,Cash,Bi-Weekly,Adult,14,26.07,595.54,0
1665,19,Male,Handbag,Accessories,53,Minnesota,M,Purple,Spring,5.0,No,Next Day Air,Yes,Yes,35,PayPal,Weekly,Young Adult,7,52.14,4618.42,0
1666,40,Male,Jacket,Outerwear,41,New Mexico,L,Pink,Fall,3.4,No,Next Day Air,Yes,Yes,49,Venmo,Monthly,Adult,30,12.17,2507.97,0
1667,51,Male,Skirt,Clothing,64,Arkansas,M,Blue,Summer,3.1,No,Store Pickup,Yes,Yes,47,PayPal,Annually,Middle-aged,365,1.0,3072.0,0
1668,51,Male,Handbag,Accessories,40,Oklahoma,L,Brown,Winter,3.4,No,2-Day Shipping,Yes,Yes,24,Bank Transfer,Every 3 Months,Middle-aged,90,4.06,1122.4,1
1669,66,Male,Blouse,Clothing,33,Utah,L,Charcoal,Summer,4.0,No,Standard,Yes,Yes,28,Debit Card,Fortnightly,Senior,14,26.07,1784.31,0
1670,42,Male,T-shirt,Clothing,59,Wisconsin,L,Maroon,Winter,2.7,No,Store Pickup,Yes,Yes,22,Bank Transfer,Quarterly,Adult,90,4.06,1537.54,1
1671,22,Male,Pants,Clothing,73,Utah,L,Cyan,Fall,3.6,No,Free Shipping,Yes,Yes,20,Cash,Weekly,Young Adult,7,52.14,5266.22,0
1672,31,Male,Hoodie,Clothing,22,Utah,M,Olive,Winter,4.0,No,Free Shipping,Yes,Yes,25,Bank Transfer,Weekly,Young Adult,7,52.14,1697.08,0
1673,18,Male,Boots,Footwear,73,South Carolina,L,Gold,Fall,3.8,No,Free Shipping,Yes,Yes,15,Venmo,Quarterly,Young Adult,90,4.06,1391.38,1
1674,21,Male,Blouse,Clothing,62,Hawaii,M,Violet,Fall,3.4,No,Next Day Air,Yes,Yes,49,Venmo,Bi-Weekly,Young Adult,14,26.07,4654.34,0
1675,35,Male,Coat,Outerwear,56,Alaska,M,Peach,Winter,3.2,No,Free Shipping,Yes,Yes,10,Debit Card,Fortnightly,Adult,14,26.07,2019.92,0
1676,35,Male,Pants,Clothing,90,Colorado,M,Beige,Spring,4.7,No,Next Day Air,Yes,Yes,21,Credit Card,Annually,Adult,365,1.0,1980.0,1
1677,27,Male,Sunglasses,Accessories,44,West Virginia,M,Cyan,Winter,3.1,No,Next Day Air,Yes,Yes,34,Bank Transfer,Weekly,Young Adult,7,52.14,3790.16,0
1678,65,Male,Jeans,Clothing,35,Oregon,L,Silver,Summer,3.3,No,Next Day Air,No,No,41,Debit Card,Weekly,Senior,7,52.14,3259.9,0
1679,41,Male,Pants,Clothing,71,Ohio,S,Magenta,Summer,4.8,No,2-Day Shipping,No,No,30,Venmo,Fortnightly,Adult,14,26.07,3980.97,0
1680,60,Male,Dress,Clothing,52,Massachusetts,S,Black,Fall,4.5,No,Next Day Air,No,No,24,Debit Card,Bi-Weekly,Senior,14,26.07,2603.64,0
1681,61,Male,Shoes,Footwear,37,Louisiana,M,Olive,Summer,3.4,No,Store Pickup,No,No,6,Credit Card,Annually,Senior,365,1.0,259.0,1
1682,24,Male,Sneakers,Footwear,95,Virginia,L,Green,Winter,3.7,No,2-Day Shipping,No,No,14,Credit Card,Bi-Weekly,Young Adult,14,26.07,3806.65,0
1683,65,Male,Socks,Clothing,97,New York,M,Yellow,Fall,4.9,No,2-Day Shipping,No,No,37,Credit Card,Bi-Weekly,Senior,14,26.07,6117.79,0
1684,23,Male,Coat,Outerwear,57,Arkansas,S,Lavender,Spring,3.5,No,Next Day Air,No,No,37,Venmo,Quarterly,Young Adult,90,4.06,2340.42,0
1685,30,Male,Shirt,Clothing,93,New Mexico,M,Indigo,Spring,4.6,No,Standard,No,No,28,PayPal,Weekly,Young Adult,7,52.14,7453.02,0
1686,33,Male,Blouse,Clothing,48,Minnesota,M,Pink,Winter,4.6,No,Standard,No,No,43,PayPal,Bi-Weekly,Adult,14,26.07,3315.36,0
1687,22,Male,Gloves,Accessories,75,Illinois,L,Red,Fall,4.2,No,Store Pickup,No,No,25,Cash,Annually,Young Adult,365,1.0,1950.0,1
1688,67,Male,Skirt,Clothing,70,Georgia,S,Magenta,Winter,3.7,No,Free Shipping,No,No,4,PayPal,Annually,Senior,365,1.0,350.0,1
1689,28,Male,Handbag,Accessories,26,Mississippi,S,Peach,Winter,3.0,No,Next Day Air,No,No,13,Venmo,Fortnightly,Young Adult,14,26.07,1015.82,0
1690,32,Male,Shirt,Clothing,73,North Carolina,L,Turquoise,Winter,4.6,No,Store Pickup,No,No,32,Bank Transfer,Monthly,Adult,30,12.17,3224.41,0
1691,40,Male,Coat,Outerwear,30,Nevada,M,Black,Summer,3.2,No,Free Shipping,No,No,1,Cash,Annually,Adult,365,1.0,60.0,1
1692,64,Male,Shoes,Footwear,61,Connecticut,L,Blue,Summer,3.5,No,Next Day Air,No,No,4,Cash,Annually,Senior,365,1.0,305.0,1
1693,56,Male,Handbag,Accessories,75,Utah,M,Beige,Winter,2.6,No,Standard,No,No,33,Cash,Bi-Weekly,Middle-aged,14,26.07,4430.25,0
1694,63,Male,Jacket,Outerwear,88,Tennessee,XL,Olive,Fall,4.9,No,Standard,No,No,45,Bank Transfer,Fortnightly,Senior,14,26.07,6254.16,0
1695,20,Male,Shirt,Clothing,67,Mississippi,M,Turquoise,Summer,2.7,No,Express,No,No,20,Debit Card,Fortnightly,Young Adult,14,26.07,3086.69,0
1696,54,Male,Hat,Accessories,95,Nebraska,S,Yellow,Fall,4.7,No,2-Day Shipping,No,No,1,PayPal,Fortnightly,Middle-aged,14,26.07,2571.65,0
1697,31,Male,Sunglasses,Accessories,69,West Virginia,S,Turquoise,Spring,4.0,No,Free Shipping,No,No,7,Credit Card,Bi-Weekly,Young Adult,14,26.07,2281.83,0
1698,36,Male,Shirt,Clothing,87,South Carolina,L,Lavender,Fall,3.5,No,Next Day Air,No,No,48,Credit Card,Every 3 Months,Adult,90,4.06,4529.22,0
1699,25,Male,Belt,Accessories,41,Iowa,XL,Turquoise,Winter,4.8,No,Standard,No,No,46,Bank Transfer,Quarterly,Young Adult,90,4.06,2052.46,0
1700,20,Male,Sweater,Clothing,67,North Dakota,L,Teal,Spring,4.0,No,Free Shipping,No,No,34,Debit Card,Annually,Young Adult,365,1.0,2345.0,0
1701,62,Male,Hoodie,Clothing,70,West Virginia,L,Black,Fall,4.1,No,Express,No,No,36,Bank Transfer,Monthly,Senior,30,12.17,3371.9,0
1702,69,Male,Handbag,Accessories,41,Mississippi,XL,Blue,Winter,3.8,No,Next Day Air,No,No,44,Debit Card,Every 3 Months,Senior,90,4.06,1970.46,0
1703,54,Male,Jeans,Clothing,83,Alabama,XL,Yellow,Summer,5.0,No,Express,No,No,48,Bank Transfer,Weekly,Middle-aged,7,52.14,8311.62,0
1704,39,Male,Backpack,Accessories,22,California,M,Black,Spring,4.0,No,Next Day Air,No,No,12,Bank Transfer,Annually,Adult,365,1.0,286.0,1
1705,56,Male,Sneakers,Footwear,20,Idaho,M,Lavender,Summer,3.9,No,Store Pickup,No,No,19,Cash,Every 3 Months,Middle-aged,90,4.06,461.2,1
1706,39,Male,Jewelry,Accessories,29,South Dakota,L,Cyan,Summer,3.4,No,2-Day Shipping,No,No,49,Venmo,Bi-Weekly,Adult,14,26.07,2177.03,0
1707,37,Male,Sunglasses,Accessories,87,North Dakota,M,Brown,Spring,3.0,No,Standard,No,No,25,Venmo,Fortnightly,Adult,14,26.07,4443.09,0
1708,25,Male,Shorts,Clothing,81,Nevada,L,Maroon,Fall,4.9,No,2-Day Shipping,No,No,25,Cash,Bi-Weekly,Young Adult,14,26.07,4136.67,0
1709,35,Male,Boots,Footwear,58,Florida,L,Cyan,Spring,3.2,No,Express,No,No,1,Credit Card,Quarterly,Adult,90,4.06,293.48,1
1710,45,Male,Skirt,Clothing,83,Indiana,M,Pink,Winter,3.8,No,Standard,No,No,19,Bank Transfer,Annually,Middle-aged,365,1.0,1660.0,1
1711,19,Male,Pants,Clothing,59,Arkansas,XL,Orange,Fall,3.8,No,Store Pickup,No,No,7,Credit Card,Quarterly,Young Adult,90,4.06,652.54,1
1712,21,Male,T-shirt,Clothing,93,North Carolina,M,Lavender,Spring,4.7,No,Express,No,No,19,Credit Card,Monthly,Young Adult,30,12.17,2898.81,0
1713,65,Male,T-shirt,Clothing,87,Illinois,S,Beige,Fall,3.8,No,2-Day Shipping,No,No,9,Cash,Fortnightly,Senior,14,26.07,3051.09,0
1714,49,Male,Jacket,Outerwear,22,Missouri,M,Pink,Winter,4.6,No,Free Shipping,No,No,37,PayPal,Quarterly,Middle-aged,90,4.06,903.32,0
1715,30,Male,Jeans,Clothing,71,South Dakota,S,Charcoal,Summer,4.4,No,Standard,No,No,15,Cash,Monthly,Young Adult,30,12.17,1929.07,0
1716,23,Male,Dress,Clothing,69,Idaho,XL,Gray,Spring,3.4,No,2-Day Shipping,No,No,30,PayPal,Bi-Weekly,Young Adult,14,26.07,3868.83,0
1717,69,Male,Blouse,Clothing,47,Connecticut,M,Cyan,Winter,4.7,No,Standard,No,No,30,Cash,Every 3 Months,Senior,90,4.06,1600.82,0
1718,29,Male,Hoodie,Clothing,50,Hawaii,L,Orange,Summer,2.9,No,Express,No,No,16,Debit Card,Bi-Weekly,Young Adult,14,26.07,2103.5,0
1719,54,Male,T-shirt,Clothing,96,Maryland,L,Pink,Winter,3.4,No,2-Day Shipping,No,No,14,PayPal,Every 3 Months,Middle-aged,90,4.06,1733.76,1
1720,45,Male,Sweater,Clothing,39,Maryland,M,White,Winter,3.2,No,Free Shipping,No,No,8,Venmo,Quarterly,Middle-aged,90,4.06,470.34,1
1721,25,Male,Shorts,Clothing,84,Massachusetts,S,Beige,Winter,2.8,No,Express,No,No,40,Debit Card,Bi-Weekly,Young Adult,14,26.07,5549.88,0
1722,34,Male,Jewelry,Accessories,28,Delaware,S,Magenta,Spring,4.3,No,Free Shipping,No,No,24,Credit Card,Monthly,Adult,30,12.17,1012.76,0
1723,46,Male,T-shirt,Clothing,51,Massachusetts,L,Violet,Summer,3.3,No,Standard,No,No,14,Cash,Fortnightly,Middle-aged,14,26.07,2043.57,0
1724,70,Male,Scarf,Accessories,20,New York,XL,Gold,Spring,3.3,No,Standard,No,No,39,PayPal,Annually,Senior,365,1.0,800.0,0
1725,42,Male,Shoes,Footwear,72,Delaware,S,Teal,Winter,3.3,No,Free Shipping,No,No,21,PayPal,Weekly,Adult,7,52.14,5266.08,0
1726,45,Male,Sunglasses,Accessories,33,Massachusetts,M,Indigo,Spring,3.0,No,Next Day Air,No,No,32,Venmo,Quarterly,Middle-aged,90,4.06,1189.98,0
1727,57,Male,Coat,Outerwear,28,Indiana,S,Olive,Summer,2.8,No,Express,No,No,45,Debit Card,Weekly,Middle-aged,7,52.14,2719.92,0
1728,49,Male,Blouse,Clothing,53,Virginia,S,Violet,Spring,4.0,No,Express,No,No,19,PayPal,Monthly,Middle-aged,30,12.17,1652.01,0
1729,23,Male,Jeans,Clothing,48,Wyoming,L,Black,Fall,4.3,No,Express,No,No,1,Debit Card,Every 3 Months,Young Adult,90,4.06,242.88,1
1730,47,Male,Shorts,Clothing,21,Illinois,M,Brown,Winter,3.8,No,Store Pickup,No,No,12,Venmo,Fortnightly,Middle-aged,14,26.07,799.47,0
1731,23,Male,Shirt,Clothing,22,Alabama,S,Silver,Fall,4.2,No,Free Shipping,No,No,26,Credit Card,Weekly,Young Adult,7,52.14,1719.08,0
1732,21,Male,Backpack,Accessories,87,Idaho,M,Gray,Fall,3.1,No,Next Day Air,No,No,12,Cash,Monthly,Young Adult,30,12.17,2102.79,0
1733,45,Male,Belt,Accessories,50,Rhode Island,S,Charcoal,Winter,2.6,No,Free Shipping,No,No,36,Cash,Every 3 Months,Middle-aged,90,4.06,2003.0,0
1734,67,Male,Blouse,Clothing,85,New York,L,Black,Summer,3.4,No,Express,No,No,22,Credit Card,Annually,Senior,365,1.0,1955.0,1
1735,31,Male,Jeans,Clothing,98,Missouri,L,Brown,Spring,3.1,No,Next Day Air,No,No,16,PayPal,Quarterly,Young Adult,90,4.06,1965.88,1
1736,58,Male,Dress,Clothing,34,Texas,M,Purple,Winter,3.6,No,Express,No,No,31,Venmo,Annually,Senior,365,1.0,1088.0,0
1737,57,Male,Shorts,Clothing,61,Tennessee,M,Purple,Summer,2.6,No,2-Day Shipping,No,No,43,Cash,Quarterly,Middle-aged,90,4.06,2870.66,0
1738,42,Male,Jewelry,Accessories,98,Ohio,L,Gray,Summer,4.2,No,Store Pickup,No,No,50,Venmo,Bi-Weekly,Adult,14,26.07,7454.86,0
1739,60,Male,Handbag,Accessories,61,Tennessee,M,Green,Spring,2.9,No,2-Day Shipping,No,No,37,Credit Card,Weekly,Senior,7,52.14,5437.54,0
1740,21,Male,Jewelry,Accessories,98,Minnesota,L,Silver,Winter,4.2,No,Express,No,No,23,Cash,Weekly,Young Adult,7,52.14,7363.72,0
1741,69,Male,Pants,Clothing,21,Wisconsin,L,Charcoal,Fall,3.3,No,Next Day Air,No,No,10,Bank Transfer,Every 3 Months,Senior,90,4.06,295.26,1
1742,41,Male,Pants,Clothing,51,Delaware,XL,Teal,Winter,3.6,No,Next Day Air,No,No,20,Bank Transfer,Monthly,Adult,30,12.17,1640.67,0
1743,51,Male,Sandals,Footwear,80,Kansas,XL,White,Spring,4.3,No,Express,No,No,18,Venmo,Every 3 Months,Middle-aged,90,4.06,1764.8,1
1744,23,Male,Skirt,Clothing,72,Missouri,XL,Brown,Winter,3.3,No,Standard,No,No,3,Bank Transfer,Weekly,Young Adult,7,52.14,3970.08,0
1745,57,Male,Sunglasses,Accessories,63,Michigan,L,Teal,Winter,3.0,No,Standard,No,No,23,PayPal,Weekly,Middle-aged,7,52.14,4733.82,0
1746,40,Male,Skirt,Clothing,27,West Virginia,L,Red,Winter,3.6,No,Store Pickup,No,No,27,Cash,Weekly,Adult,7,52.14,2136.78,0
1747,65,Male,Handbag,Accessories,44,Alabama,L,Brown,Summer,3.1,No,Store Pickup,No,No,44,Bank Transfer,Fortnightly,Senior,14,26.07,3083.08,0
1748,61,Male,Coat,Outerwear,23,New Hampshire,M,Yellow,Winter,2.9,No,Express,No,No,41,Venmo,Quarterly,Senior,90,4.06,1036.38,0
1749,34,Male,Skirt,Clothing,93,Montana,L,Teal,Winter,3.9,No,2-Day Shipping,No,No,41,Bank Transfer,Annually,Adult,365,1.0,3906.0,0
1750,43,Male,Hoodie,Clothing,70,Wyoming,L,Pink,Fall,3.2,No,2-Day Shipping,No,No,36,Debit Card,Every 3 Months,Adult,90,4.06,2804.2,0
1751,31,Male,Sunglasses,Accessories,85,Missouri,M,White,Fall,3.1,No,Express,No,No,38,Venmo,Every 3 Months,Young Adult,90,4.06,3575.1,0
1752,57,Male,Sweater,Clothing,40,Ohio,M,Silver,Winter,3.2,No,2-Day Shipping,No,No,34,Cash,Annually,Middle-aged,365,1.0,1400.0,0
1753,34,Male,Boots,Footwear,29,South Dakota,L,Blue,Winter,3.3,No,Store Pickup,No,No,14,Venmo,Quarterly,Adult,90,4.06,523.74,1
1754,25,Male,Skirt,Clothing,27,Colorado,L,Black,Fall,4.8,No,Next Day Air,No,No,23,Credit Card,Fortnightly,Young Adult,14,26.07,1324.89,0
1755,66,Male,Dress,Clothing,93,Massachusetts,S,Beige,Fall,3.8,No,2-Day Shipping,No,No,18,Credit Card,Fortnightly,Senior,14,26.07,4098.51,0
1756,56,Male,Belt,Accessories,20,Delaware,XL,Charcoal,Spring,4.6,No,Next Day Air,No,No,45,Cash,Monthly,Middle-aged,30,12.17,1143.4,0
1757,49,Male,Jewelry,Accessories,55,New Hampshire,S,Cyan,Fall,2.8,No,Free Shipping,No,No,14,Bank Transfer,Weekly,Middle-aged,7,52.14,3637.7,0
1758,19,Male,Dress,Clothing,94,Michigan,L,Yellow,Fall,3.6,No,Standard,No,No,48,Debit Card,Annually,Young Adult,365,1.0,4606.0,0
1759,27,Male,Hat,Accessories,56,Pennsylvania,M,Silver,Winter,4.3,No,Free Shipping,No,No,17,Venmo,Bi-Weekly,Young Adult,14,26.07,2411.92,0
1760,68,Male,Sweater,Clothing,58,Louisiana,L,Green,Spring,4.0,No,Next Day Air,No,No,1,PayPal,Weekly,Senior,7,52.14,3082.12,0
1761,20,Male,Skirt,Clothing,44,Minnesota,XL,Peach,Spring,3.5,No,Standard,No,No,39,PayPal,Weekly,Young Adult,7,52.14,4010.16,0
1762,21,Male,Hoodie,Clothing,95,Hawaii,S,Green,Fall,4.9,No,2-Day Shipping,No,No,24,Cash,Weekly,Young Adult,7,52.14,7233.3,0
1763,36,Male,Sandals,Footwear,42,Idaho,M,Brown,Summer,3.1,No,Express,No,No,41,Bank Transfer,Fortnightly,Adult,14,26.07,2816.94,0
1764,37,Male,Jewelry,Accessories,93,Vermont,M,Lavender,Winter,3.9,No,Store Pickup,No,No,28,PayPal,Annually,Adult,365,1.0,2697.0,0
1765,61,Male,Dress,Clothing,56,Delaware,M,Charcoal,Summer,3.0,No,Store Pickup,No,No,34,Venmo,Quarterly,Senior,90,4.06,2131.36,0
1766,68,Male,Hoodie,Clothing,88,New Mexico,M,Orange,Spring,4.1,No,2-Day Shipping,No,No,41,Venmo,Quarterly,Senior,90,4.06,3965.28,0
1767,60,Male,Sweater,Clothing,54,Alaska,S,Cyan,Winter,4.3,No,2-Day Shipping,No,No,27,Cash,Bi-Weekly,Senior,14,26.07,2865.78,0
1768,69,Male,Jewelry,Accessories,89,Minnesota,L,Lavender,Fall,3.8,No,2-Day Shipping,No,No,46,Debit Card,Fortnightly,Senior,14,26.07,6414.23,0
1769,25,Male,Sandals,Footwear,45,Nebraska,M,Indigo,Summer,3.9,No,2-Day Shipping,No,No,2,PayPal,Every 3 Months,Young Adult,90,4.06,272.7,1
1770,32,Male,Socks,Clothing,75,Alaska,L,Brown,Winter,4.3,No,Free Shipping,No,No,45,Cash,Monthly,Adult,30,12.17,4287.75,0
1771,53,Male,Backpack,Accessories,22,Michigan,M,Pink,Fall,4.3,No,Express,No,No,34,Bank Transfer,Weekly,Middle-aged,7,52.14,1895.08,0
1772,46,Male,Shirt,Clothing,82,Indiana,XL,Turquoise,Fall,4.7,No,Store Pickup,No,No,9,Credit Card,Annually,Middle-aged,365,1.0,820.0,1
1773,58,Male,Shoes,Footwear,34,Hawaii,M,Gold,Summer,3.1,No,2-Day Shipping,No,No,1,Bank Transfer,Annually,Senior,365,1.0,68.0,1
1774,21,Male,Coat,Outerwear,92,West Virginia,M,Blue,Summer,2.7,No,Free Shipping,No,No,17,PayPal,Annually,Young Adult,365,1.0,1656.0,1
1775,46,Male,Sweater,Clothing,78,New York,M,Lavender,Spring,3.7,No,Express,No,No,6,PayPal,Weekly,Middle-aged,7,52.14,4534.92,0
1776,18,Male,Jacket,Outerwear,47,Iowa,M,Violet,Spring,3.3,No,2-Day Shipping,No,No,12,Cash,Bi-Weekly,Young Adult,14,26.07,1789.29,0
1777,56,Male,Jacket,Outerwear,64,Arizona,L,Cyan,Summer,3.4,No,Free Shipping,No,No,10,Venmo,Every 3 Months,Middle-aged,90,4.06,899.84,1
1778,18,Male,Sneakers,Footwear,44,Minnesota,L,Purple,Winter,4.7,No,Free Shipping,No,No,4,Cash,Fortnightly,Young Adult,14,26.07,1323.08,0
1779,49,Male,Belt,Accessories,94,Texas,M,Red,Winter,4.9,No,Store Pickup,No,No,8,Debit Card,Bi-Weekly,Middle-aged,14,26.07,3202.58,0
1780,29,Male,Scarf,Accessories,62,Virginia,M,Charcoal,Winter,4.3,No,Free Shipping,No,No,41,Venmo,Weekly,Young Adult,7,52.14,5774.68,0
1781,67,Male,Jewelry,Accessories,81,North Dakota,S,Gray,Summer,4.2,No,Next Day Air,No,No,49,Credit Card,Weekly,Senior,7,52.14,8192.34,0
1782,31,Male,T-shirt,Clothing,33,Iowa,M,Pink,Fall,3.7,No,Express,No,No,49,Bank Transfer,Quarterly,Young Adult,90,4.06,1750.98,0
1783,52,Male,Pants,Clothing,88,Utah,M,Lavender,Fall,2.7,No,Next Day Air,No,No,40,Bank Transfer,Fortnightly,Middle-aged,14,26.07,5814.16,0
1784,42,Male,Handbag,Accessories,49,Ohio,L,Lavender,Winter,3.3,No,Free Shipping,No,No,30,Credit Card,Monthly,Adult,30,12.17,2066.33,0
1785,32,Male,Backpack,Accessories,31,Louisiana,L,Yellow,Summer,4.8,No,Standard,No,No,4,Debit Card,Quarterly,Adult,90,4.06,249.86,1
1786,47,Male,Gloves,Accessories,29,Iowa,S,Peach,Fall,4.1,No,Next Day Air,No,No,22,Venmo,Monthly,Middle-aged,30,12.17,990.93,0
1787,45,Male,Jacket,Outerwear,34,Maryland,M,Brown,Spring,4.6,No,2-Day Shipping,No,No,22,Venmo,Monthly,Middle-aged,30,12.17,1161.78,0
1788,20,Male,Sweater,Clothing,38,Montana,L,Gold,Fall,4.9,No,2-Day Shipping,No,No,10,Bank Transfer,Quarterly,Young Adult,90,4.06,534.28,1
1789,66,Male,Blouse,Clothing,41,Illinois,L,Pink,Summer,3.1,No,Store Pickup,No,No,23,Cash,Bi-Weekly,Senior,14,26.07,2011.87,0
1790,52,Male,Blouse,Clothing,34,Arizona,L,Peach,Spring,3.0,No,2-Day Shipping,No,No,43,Debit Card,Quarterly,Middle-aged,90,4.06,1600.04,0
1791,50,Male,Gloves,Accessories,26,North Carolina,S,Violet,Summer,3.7,No,Store Pickup,No,No,31,PayPal,Bi-Weekly,Middle-aged,14,26.07,1483.82,0
1792,62,Male,Jeans,Clothing,98,Montana,S,Purple,Winter,4.0,No,Store Pickup,No,No,38,Cash,Annually,Senior,365,1.0,3822.0,0
1793,38,Male,Sneakers,Footwear,59,Iowa,M,Peach,Fall,3.0,No,Express,No,No,22,Debit Card,Every 3 Months,Adult,90,4.06,1537.54,1
1794,65,Male,Hat,Accessories,92,Iowa,S,White,Fall,3.8,No,Store Pickup,No,No,45,Cash,Every 3 Months,Senior,90,4.06,4513.52,0
1795,60,Male,Backpack,Accessories,40,Ohio,L,Indigo,Spring,3.7,No,Express,No,No,21,Debit Card,Fortnightly,Senior,14,26.07,1882.8,0
1796,68,Male,Jeans,Clothing,20,Wisconsin,S,Violet,Fall,4.0,No,2-Day Shipping,No,No,9,Debit Card,Fortnightly,Senior,14,26.07,701.4,0
1797,62,Male,Skirt,Clothing,35,South Carolina,S,Brown,Spring,3.1,No,Store Pickup,No,No,34,Venmo,Weekly,Senior,7,52.14,3014.9,0
1798,62,Male,Belt,Accessories,35,Oregon,L,Maroon,Spring,3.9,No,2-Day Shipping,No,No,26,Venmo,Weekly,Senior,7,52.14,2734.9,0
1799,40,Male,Dress,Clothing,82,North Dakota,L,Magenta,Winter,3.7,No,Express,No,No,1,Cash,Weekly,Adult,7,52.14,4357.48,0
1800,32,Male,Hoodie,Clothing,48,California,M,Charcoal,Fall,3.9,No,Express,No,No,47,Venmo,Weekly,Adult,7,52.14,4758.72,0
1801,22,Male,Coat,Outerwear,58,Mississippi,XL,Indigo,Winter,2.7,No,Express,No,No,30,Credit Card,Weekly,Young Adult,7,52.14,4764.12,0
1802,33,Male,Sweater,Clothing,57,New Jersey,M,Turquoise,Spring,3.9,No,Express,No,No,48,Debit Card,Fortnightly,Adult,14,26.07,4221.99,0
1803,57,Male,Shorts,Clothing,96,Rhode Island,L,Turquoise,Winter,2.6,No,Store Pickup,No,No,31,Venmo,Bi-Weekly,Middle-aged,14,26.07,5478.72,0
1804,60,Male,Sneakers,Footwear,97,New Hampshire,S,Gray,Summer,3.5,No,Free Shipping,No,No,33,Venmo,Fortnightly,Senior,14,26.07,5729.79,0
1805,30,Male,Sweater,Clothing,42,Louisiana,L,Peach,Winter,4.4,No,Next Day Air,No,No,39,Credit Card,Weekly,Young Adult,7,52.14,3827.88,0
1806,41,Male,T-shirt,Clothing,62,Arizona,L,Gold,Spring,4.9,No,Store Pickup,No,No,46,Debit Card,Weekly,Adult,7,52.14,6084.68,0
1807,58,Male,Handbag,Accessories,67,Rhode Island,M,Green,Fall,3.9,No,Standard,No,No,24,Venmo,Annually,Senior,365,1.0,1675.0,1
1808,34,Male,Sneakers,Footwear,46,Vermont,L,Gold,Summer,3.5,No,Standard,No,No,37,Venmo,Fortnightly,Adult,14,26.07,2901.22,0
1809,67,Male,Jacket,Outerwear,71,Tennessee,M,Lavender,Spring,4.3,No,Next Day Air,No,No,7,Debit Card,Monthly,Senior,30,12.17,1361.07,0
1810,58,Male,Backpack,Accessories,99,Alaska,S,Blue,Fall,3.4,No,Free Shipping,No,No,6,Debit Card,Fortnightly,Senior,14,26.07,3174.93,0
1811,41,Male,Jeans,Clothing,28,Maryland,M,Magenta,Fall,2.7,No,Standard,No,No,16,Cash,Bi-Weekly,Adult,14,26.07,1177.96,0
1812,42,Male,Belt,Accessories,77,Wisconsin,L,Blue,Summer,3.6,No,Standard,No,No,33,Bank Transfer,Annually,Adult,365,1.0,2618.0,0
1813,50,Male,Boots,Footwear,63,Nevada,S,Blue,Summer,4.9,No,Express,No,No,18,PayPal,Bi-Weekly,Middle-aged,14,26.07,2776.41,0
1814,40,Male,Shorts,Clothing,62,Illinois,M,Olive,Spring,3.5,No,Free Shipping,No,No,24,PayPal,Weekly,Adult,7,52.14,4720.68,0
1815,32,Male,Jeans,Clothing,92,Montana,M,White,Summer,3.8,No,Free Shipping,No,No,24,Cash,Quarterly,Adult,90,4.06,2581.52,1
1816,51,Male,Shoes,Footwear,72,New Mexico,L,White,Winter,4.5,No,2-Day Shipping,No,No,48,Credit Card,Every 3 Months,Middle-aged,90,4.06,3748.32,0
1817,26,Male,Hat,Accessories,79,Virginia,M,Purple,Summer,4.0,No,Express,No,No,4,Cash,Weekly,Young Adult,7,52.14,4435.06,0
1818,32,Male,T-shirt,Clothing,27,Delaware,M,White,Summer,4.7,No,Free Shipping,No,No,20,Cash,Weekly,Adult,7,52.14,1947.78,0
1819,58,Male,Sunglasses,Accessories,39,North Carolina,M,White,Fall,3.8,No,Express,No,No,47,Debit Card,Every 3 Months,Senior,90,4.06,1991.34,0
1820,51,Male,Socks,Clothing,86,Nevada,S,Peach,Spring,4.5,No,Next Day Air,No,No,50,Cash,Quarterly,Middle-aged,90,4.06,4649.16,0
1821,19,Male,Shirt,Clothing,94,Washington,XL,Gold,Fall,5.0,No,Express,No,No,31,PayPal,Monthly,Young Adult,30,12.17,4057.98,0
1822,57,Male,Shorts,Clothing,53,Maine,M,Teal,Spring,2.8,No,Express,No,No,29,PayPal,Quarterly,Middle-aged,90,4.06,1752.18,0
1823,66,Male,Shirt,Clothing,85,Connecticut,S,Cyan,Summer,4.4,No,Standard,No,No,4,Cash,Annually,Senior,365,1.0,425.0,1
1824,62,Male,Socks,Clothing,50,Louisiana,L,Pink,Fall,4.7,No,Free Shipping,No,No,40,Bank Transfer,Bi-Weekly,Senior,14,26.07,3303.5,0
1825,58,Male,Pants,Clothing,47,Illinois,XL,Magenta,Winter,3.8,No,Express,No,No,31,Cash,Monthly,Senior,30,12.17,2028.99,0
1826,23,Male,Boots,Footwear,75,South Dakota,M,Pink,Winter,4.9,No,Next Day Air,No,No,41,Credit Card,Weekly,Young Adult,7,52.14,6985.5,0
1827,45,Male,T-shirt,Clothing,60,Indiana,M,Turquoise,Winter,4.2,No,Express,No,No,44,Debit Card,Annually,Middle-aged,365,1.0,2700.0,0
1828,20,Male,T-shirt,Clothing,36,Vermont,S,Pink,Spring,4.9,No,2-Day Shipping,No,No,31,Bank Transfer,Weekly,Young Adult,7,52.14,2993.04,0
1829,33,Male,Coat,Outerwear,80,New Hampshire,L,Gray,Spring,3.9,No,Express,No,No,45,Cash,Every 3 Months,Adult,90,4.06,3924.8,0
1830,30,Male,Hat,Accessories,96,Oregon,M,White,Spring,4.9,No,2-Day Shipping,No,No,50,Credit Card,Quarterly,Young Adult,90,4.06,5189.76,0
1831,50,Male,Sunglasses,Accessories,80,Kansas,M,Blue,Winter,4.8,No,Express,No,No,7,Venmo,Annually,Middle-aged,365,1.0,640.0,1
1832,62,Male,Blouse,Clothing,71,Maine,M,Cyan,Summer,3.3,No,Free Shipping,No,No,5,Bank Transfer,Every 3 Months,Senior,90,4.06,643.26,1
1833,69,Male,Jewelry,Accessories,29,Louisiana,M,Blue,Fall,4.6,No,Free Shipping,No,No,48,Cash,Monthly,Senior,30,12.17,1744.93,0
1834,34,Male,Jewelry,Accessories,53,Louisiana,M,Yellow,Spring,4.5,No,2-Day Shipping,No,No,19,PayPal,Fortnightly,Adult,14,26.07,2388.71,0
1835,49,Male,Skirt,Clothing,35,Indiana,M,Charcoal,Summer,4.1,No,2-Day Shipping,No,No,39,Venmo,Fortnightly,Middle-aged,14,26.07,2277.45,0
1836,65,Male,Scarf,Accessories,75,Kentucky,M,Lavender,Fall,3.2,No,2-Day Shipping,No,No,45,Credit Card,Quarterly,Senior,90,4.06,3679.5,0
1837,66,Male,Pants,Clothing,52,South Carolina,M,Teal,Fall,4.2,No,2-Day Shipping,No,No,35,Credit Card,Monthly,Senior,30,12.17,2452.84,0
1838,41,Male,Hat,Accessories,77,Montana,M,Beige,Winter,4.8,No,Free Shipping,No,No,8,Venmo,Monthly,Adult,30,12.17,1553.09,0
1839,37,Male,Gloves,Accessories,24,Vermont,L,Blue,Fall,4.1,No,Next Day Air,No,No,11,Credit Card,Quarterly,Adult,90,4.06,361.44,1
1840,32,Male,Shirt,Clothing,78,Mississippi,XL,Purple,Winter,3.7,No,Store Pickup,No,No,32,Cash,Annually,Adult,365,1.0,2574.0,0
1841,42,Male,Sandals,Footwear,98,Wyoming,M,Gold,Winter,2.6,No,Store Pickup,No,No,46,Bank Transfer,Every 3 Months,Adult,90,4.06,4905.88,0
1842,31,Male,Socks,Clothing,57,Vermont,L,Blue,Winter,3.0,No,Standard,No,No,7,PayPal,Every 3 Months,Young Adult,90,4.06,630.42,1
1843,61,Male,Handbag,Accessories,78,Alabama,M,Black,Summer,4.4,No,Express,No,No,1,Debit Card,Annually,Senior,365,1.0,156.0,1
1844,36,Male,Jacket,Outerwear,76,Kentucky,M,Charcoal,Fall,4.7,No,Next Day Air,No,No,32,Credit Card,Monthly,Adult,30,12.17,3356.92,0
1845,60,Male,Shorts,Clothing,26,South Dakota,M,Purple,Spring,2.7,No,2-Day Shipping,No,No,31,Credit Card,Annually,Senior,365,1.0,832.0,0
1846,51,Male,Sandals,Footwear,78,Delaware,M,Orange,Winter,2.8,No,2-Day Shipping,No,No,39,Bank Transfer,Quarterly,Middle-aged,90,4.06,3358.68,0
1847,68,Male,Scarf,Accessories,53,Wisconsin,M,Yellow,Summer,2.9,No,Standard,No,No,9,Venmo,Quarterly,Senior,90,4.06,692.18,1
1848,46,Male,Sandals,Footwear,100,Arizona,XL,Cyan,Summer,4.4,No,Free Shipping,No,No,49,Credit Card,Weekly,Middle-aged,7,52.14,10114.0,0
1849,19,Male,Jeans,Clothing,73,Maine,XL,Yellow,Winter,2.7,No,Express,No,No,34,Cash,Every 3 Months,Young Adult,90,4.06,2778.38,0
1850,30,Male,Skirt,Clothing,40,New Mexico,M,Maroon,Winter,4.5,No,Store Pickup,No,No,35,Bank Transfer,Monthly,Young Adult,30,12.17,1886.8,0
1851,51,Male,Gloves,Accessories,76,Wyoming,S,Black,Winter,2.8,No,Store Pickup,No,No,50,Debit Card,Weekly,Middle-aged,7,52.14,7762.64,0
1852,28,Male,Skirt,Clothing,80,Delaware,S,Lavender,Fall,3.1,No,Free Shipping,No,No,4,Bank Transfer,Fortnightly,Young Adult,14,26.07,2405.6,0
1853,41,Male,Sweater,Clothing,80,Pennsylvania,XL,Violet,Winter,3.8,No,Store Pickup,No,No,32,Cash,Weekly,Adult,7,52.14,6731.2,0
1854,29,Male,Blouse,Clothing,67,North Dakota,XL,Olive,Spring,2.9,No,Express,No,No,11,PayPal,Fortnightly,Young Adult,14,26.07,2483.69,0
1855,25,Male,Sweater,Clothing,61,Kentucky,M,Teal,Spring,3.8,No,Express,No,No,49,Credit Card,Annually,Young Adult,365,1.0,3050.0,0
1856,60,Male,Shirt,Clothing,76,Rhode Island,XL,Teal,Spring,4.7,No,Standard,No,No,9,Cash,Annually,Senior,365,1.0,760.0,1
1857,63,Male,Jewelry,Accessories,55,Arizona,XL,Beige,Summer,3.2,No,Free Shipping,No,No,30,PayPal,Bi-Weekly,Senior,14,26.07,3083.85,0
1858,51,Male,T-shirt,Clothing,85,Colorado,L,Maroon,Summer,4.0,No,Next Day Air,No,No,33,Cash,Monthly,Middle-aged,30,12.17,3839.45,0
1859,22,Male,Scarf,Accessories,69,Maine,S,Peach,Spring,4.9,No,2-Day Shipping,No,No,8,Debit Card,Annually,Young Adult,365,1.0,621.0,1
1860,54,Male,Belt,Accessories,26,New Jersey,L,Beige,Summer,3.7,No,Store Pickup,No,No,29,Debit Card,Fortnightly,Middle-aged,14,26.07,1431.82,0
1861,18,Male,T-shirt,Clothing,64,Kansas,M,Silver,Summer,4.8,No,Next Day Air,No,No,4,Credit Card,Monthly,Young Adult,30,12.17,1034.88,0
1862,29,Male,Sneakers,Footwear,60,South Dakota,S,Peach,Fall,3.6,No,Standard,No,No,19,Debit Card,Monthly,Young Adult,30,12.17,1870.2,0
1863,59,Male,Gloves,Accessories,36,New Hampshire,M,Turquoise,Winter,4.6,No,Express,No,No,10,PayPal,Fortnightly,Senior,14,26.07,1298.52,0
1864,25,Male,Sandals,Footwear,21,Connecticut,L,Orange,Spring,4.3,No,2-Day Shipping,No,No,39,Debit Card,Monthly,Young Adult,30,12.17,1074.57,0
1865,19,Male,Backpack,Accessories,72,Wyoming,S,Cyan,Fall,3.2,No,2-Day Shipping,No,No,21,Venmo,Quarterly,Young Adult,90,4.06,1804.32,1
1866,56,Male,Pants,Clothing,62,Missouri,S,Silver,Summer,3.8,No,Store Pickup,No,No,12,Bank Transfer,Monthly,Middle-aged,30,12.17,1498.54,0
1867,31,Male,T-shirt,Clothing,44,Alaska,XL,Gold,Winter,4.2,No,Standard,No,No,9,Credit Card,Fortnightly,Young Adult,14,26.07,1543.08,0
1868,45,Male,Skirt,Clothing,52,Delaware,M,Brown,Fall,3.4,No,2-Day Shipping,No,No,20,Venmo,Quarterly,Middle-aged,90,4.06,1251.12,1
1869,23,Male,Gloves,Accessories,58,Indiana,M,Silver,Spring,4.7,No,Next Day Air,No,No,44,Cash,Fortnightly,Young Adult,14,26.07,4064.06,0
1870,18,Male,Blouse,Clothing,77,West Virginia,S,Beige,Spring,3.9,No,2-Day Shipping,No,No,16,Debit Card,Every 3 Months,Young Adult,90,4.06,1544.62,1
1871,43,Male,Blouse,Clothing,99,Wyoming,L,Violet,Spring,4.3,No,Store Pickup,No,No,27,Debit Card,Fortnightly,Adult,14,26.07,5253.93,0
1872,56,Male,Jeans,Clothing,96,Illinois,XL,Violet,Fall,2.7,No,Standard,No,No,14,Cash,Every 3 Months,Middle-aged,90,4.06,1733.76,1
1873,43,Male,T-shirt,Clothing,64,Alaska,M,Lavender,Summer,4.6,No,Standard,No,No,24,Credit Card,Monthly,Adult,30,12.17,2314.88,0
1874,64,Male,Sweater,Clothing,44,Wisconsin,XL,Red,Fall,2.9,No,Express,No,No,49,Bank Transfer,Weekly,Senior,7,52.14,4450.16,0
1875,67,Male,Pants,Clothing,33,Indiana,L,Purple,Fall,3.6,No,Free Shipping,No,No,14,Cash,Weekly,Senior,7,52.14,2182.62,0
1876,63,Male,Boots,Footwear,71,Tennessee,M,Brown,Winter,3.9,No,Next Day Air,No,No,6,Credit Card,Quarterly,Senior,90,4.06,714.26,1
1877,54,Male,Skirt,Clothing,36,Illinois,M,Gray,Fall,2.6,No,Standard,No,No,20,Venmo,Quarterly,Middle-aged,90,4.06,866.16,1
1878,69,Male,Gloves,Accessories,62,Pennsylvania,L,Pink,Fall,3.6,No,Express,No,No,3,Credit Card,Annually,Senior,365,1.0,248.0,1
1879,34,Male,Socks,Clothing,29,Oklahoma,L,Magenta,Summer,3.4,No,Store Pickup,No,No,5,Credit Card,Monthly,Adult,30,12.17,497.93,0
1880,56,Male,T-shirt,Clothing,33,Tennessee,L,Charcoal,Spring,3.5,No,Express,No,No,46,Cash,Bi-Weekly,Middle-aged,14,26.07,2378.31,0
1881,34,Male,Blouse,Clothing,33,New Jersey,L,Yellow,Fall,3.1,No,2-Day Shipping,No,No,8,Debit Card,Monthly,Adult,30,12.17,665.61,0
1882,58,Male,Blouse,Clothing,41,New Jersey,M,Red,Winter,4.3,No,Standard,No,No,13,Cash,Bi-Weekly,Senior,14,26.07,1601.87,0
1883,44,Male,Scarf,Accessories,54,Tennessee,L,Blue,Winter,5.0,No,Store Pickup,No,No,25,Bank Transfer,Quarterly,Adult,90,4.06,1569.24,1
1884,25,Male,Backpack,Accessories,58,Georgia,M,Cyan,Spring,4.9,No,Store Pickup,No,No,39,Debit Card,Fortnightly,Young Adult,14,26.07,3774.06,0
1885,27,Male,Shorts,Clothing,30,Arizona,S,Pink,Summer,4.3,No,Next Day Air,No,No,15,Bank Transfer,Bi-Weekly,Young Adult,14,26.07,1232.1,0
1886,26,Male,Jewelry,Accessories,53,Nevada,S,Maroon,Winter,4.4,No,Standard,No,No,35,Cash,Monthly,Young Adult,30,12.17,2500.01,0
1887,18,Male,Gloves,Accessories,91,Arkansas,L,Beige,Spring,4.4,No,Next Day Air,No,No,46,Cash,Bi-Weekly,Young Adult,14,26.07,6558.37,0
1888,64,Male,Hoodie,Clothing,44,North Dakota,XL,Gold,Fall,3.5,No,Express,No,No,3,PayPal,Monthly,Senior,30,12.17,667.48,0
1889,62,Male,Hoodie,Clothing,89,South Dakota,XL,Turquoise,Winter,3.4,No,Free Shipping,No,No,48,Credit Card,Weekly,Senior,7,52.14,8912.46,0
1890,59,Male,Skirt,Clothing,57,North Carolina,L,Peach,Spring,2.5,No,Next Day Air,No,No,27,Bank Transfer,Weekly,Senior,7,52.14,4510.98,0
1891,36,Male,Sunglasses,Accessories,57,Hawaii,M,Lavender,Spring,3.4,No,Store Pickup,No,No,5,Credit Card,Weekly,Adult,7,52.14,3256.98,0
1892,69,Male,Jewelry,Accessories,74,New Hampshire,M,Gray,Summer,2.6,No,Next Day Air,No,No,48,Debit Card,Quarterly,Senior,90,4.06,3852.44,0
1893,39,Male,Jacket,Outerwear,30,California,M,Blue,Fall,4.6,No,2-Day Shipping,No,No,12,Venmo,Weekly,Adult,7,52.14,1924.2,0
1894,28,Male,Dress,Clothing,20,Delaware,L,Red,Summer,3.7,No,Express,No,No,10,PayPal,Fortnightly,Young Adult,14,26.07,721.4,0
1895,42,Male,Hoodie,Clothing,90,Arizona,M,Purple,Fall,2.5,No,Free Shipping,No,No,48,Debit Card,Bi-Weekly,Adult,14,26.07,6666.3,0
1896,31,Male,Jeans,Clothing,61,Washington,L,Indigo,Fall,4.5,No,Express,No,No,3,Debit Card,Monthly,Young Adult,30,12.17,925.37,0
1897,57,Male,Sandals,Footwear,51,Nevada,M,Gold,Fall,2.9,No,Standard,No,No,19,Venmo,Monthly,Middle-aged,30,12.17,1589.67,0
1898,53,Male,Sunglasses,Accessories,97,Alaska,L,Teal,Winter,2.9,No,Free Shipping,No,No,11,Debit Card,Fortnightly,Middle-aged,14,26.07,3595.79,0
1899,59,Male,Pants,Clothing,97,Texas,L,Magenta,Fall,3.5,No,Next Day Air,No,No,25,Venmo,Monthly,Senior,30,12.17,3605.49,0
1900,32,Male,Shorts,Clothing,40,New York,L,Maroon,Winter,4.2,No,Store Pickup,No,No,42,PayPal,Weekly,Adult,7,52.14,3765.6,0
1901,65,Male,Jewelry,Accessories,85,Iowa,S,Blue,Summer,3.3,No,Free Shipping,No,No,34,Cash,Quarterly,Senior,90,4.06,3235.1,0
1902,56,Male,Socks,Clothing,76,Arizona,S,Beige,Winter,3.9,No,Store Pickup,No,No,50,Cash,Quarterly,Middle-aged,90,4.06,4108.56,0
1903,31,Male,Sandals,Footwear,22,New Mexico,S,Olive,Spring,5.0,No,Store Pickup,No,No,21,Venmo,Monthly,Young Adult,30,12.17,729.74,0
1904,59,Male,Pants,Clothing,63,North Carolina,M,Gold,Summer,3.3,No,Standard,No,No,37,Bank Transfer,Weekly,Senior,7,52.14,5615.82,0
1905,22,Male,T-shirt,Clothing,71,Nevada,S,Silver,Spring,4.2,No,Free Shipping,No,No,46,Cash,Monthly,Young Adult,30,12.17,4130.07,0
1906,47,Male,Boots,Footwear,35,Idaho,M,Teal,Summer,4.9,No,2-Day Shipping,No,No,14,Bank Transfer,Fortnightly,Middle-aged,14,26.07,1402.45,0
1907,23,Male,Backpack,Accessories,30,Vermont,M,Green,Spring,4.6,No,2-Day Shipping,No,No,24,PayPal,Fortnightly,Young Adult,14,26.07,1502.1,0
1908,69,Male,Skirt,Clothing,74,New Mexico,L,Orange,Fall,4.8,No,Store Pickup,No,No,36,Credit Card,Every 3 Months,Senior,90,4.06,2964.44,0
1909,18,Male,Scarf,Accessories,71,Georgia,XL,Charcoal,Winter,2.7,No,Next Day Air,No,No,19,Debit Card,Bi-Weekly,Young Adult,14,26.07,3199.97,0
1910,50,Male,Sweater,Clothing,84,Kentucky,S,Black,Spring,4.3,No,Store Pickup,No,No,12,Credit Card,Monthly,Middle-aged,30,12.17,2030.28,0
1911,29,Male,Sandals,Footwear,38,New York,S,Yellow,Fall,3.8,No,Express,No,No,13,Debit Card,Quarterly,Young Adult,90,4.06,648.28,1
1912,65,Male,Jewelry,Accessories,81,Arizona,M,Gray,Spring,4.9,No,Express,No,No,32,Debit Card,Bi-Weekly,Senior,14,26.07,4703.67,0
1913,29,Male,Sweater,Clothing,56,Colorado,S,Charcoal,Winter,3.4,No,2-Day Shipping,No,No,5,Credit Card,Bi-Weekly,Young Adult,14,26.07,1739.92,0
1914,49,Male,Skirt,Clothing,48,Kentucky,M,Peach,Winter,3.6,No,Express,No,No,29,Cash,Annually,Middle-aged,365,1.0,1440.0,0
1915,28,Male,Shorts,Clothing,97,Alaska,L,Green,Fall,3.4,No,Standard,No,No,40,Credit Card,Fortnightly,Young Adult,14,26.07,6408.79,0
1916,51,Male,Backpack,Accessories,74,Alabama,M,Magenta,Fall,4.7,No,2-Day Shipping,No,No,44,Cash,Weekly,Middle-aged,7,52.14,7114.36,0
1917,26,Male,Hoodie,Clothing,50,Connecticut,S,Beige,Winter,3.0,No,Next Day Air,No,No,3,Debit Card,Bi-Weekly,Young Adult,14,26.07,1453.5,0
1918,38,Male,Skirt,Clothing,71,Hawaii,L,Black,Winter,3.4,No,Free Shipping,No,No,35,PayPal,Bi-Weekly,Adult,14,26.07,4335.97,0
1919,35,Male,Skirt,Clothing,33,Idaho,S,Purple,Summer,4.6,No,Standard,No,No,33,Debit Card,Monthly,Adult,30,12.17,1490.61,0
1920,34,Male,Backpack,Accessories,56,Virginia,M,Olive,Summer,3.1,No,Express,No,No,20,PayPal,Bi-Weekly,Adult,14,26.07,2579.92,0
1921,51,Male,Blouse,Clothing,84,Connecticut,M,Purple,Spring,2.8,No,Standard,No,No,40,Cash,Every 3 Months,Middle-aged,90,4.06,3701.04,0
1922,47,Male,Shirt,Clothing,36,Michigan,M,Green,Fall,3.5,No,Store Pickup,No,No,13,Venmo,Annually,Middle-aged,365,1.0,504.0,1
1923,18,Male,Gloves,Accessories,63,Kentucky,S,Peach,Summer,4.6,No,Standard,No,No,9,PayPal,Monthly,Young Adult,30,12.17,1333.71,0
1924,64,Male,Sandals,Footwear,36,Nebraska,XL,Blue,Summer,4.3,No,Standard,No,No,7,Cash,Annually,Senior,365,1.0,288.0,1
1925,30,Male,Jacket,Outerwear,63,Michigan,M,Gray,Fall,4.8,No,Free Shipping,No,No,42,PayPal,Quarterly,Young Adult,90,4.06,2901.78,0
1926,59,Male,Sneakers,Footwear,32,Utah,L,Black,Winter,2.9,No,Express,No,No,44,Credit Card,Fortnightly,Senior,14,26.07,2242.24,0
1927,66,Male,Backpack,Accessories,93,New Mexico,M,Silver,Spring,3.0,No,Express,No,No,6,PayPal,Annually,Senior,365,1.0,651.0,1
1928,40,Male,Pants,Clothing,29,Florida,M,Pink,Summer,2.9,No,Standard,No,No,8,Cash,Every 3 Months,Adult,90,4.06,349.74,1
1929,25,Male,Sunglasses,Accessories,92,Mississippi,S,Lavender,Summer,3.7,No,Standard,No,No,10,PayPal,Weekly,Young Adult,7,52.14,5716.88,0
1930,59,Male,Jeans,Clothing,33,Hawaii,L,Brown,Fall,4.7,No,Standard,No,No,46,Venmo,Quarterly,Senior,90,4.06,1651.98,0
1931,66,Male,Pants,Clothing,52,North Carolina,L,Turquoise,Spring,3.5,No,Store Pickup,No,No,26,Cash,Weekly,Senior,7,52.14,4063.28,0
1932,54,Male,Jewelry,Accessories,42,Illinois,S,Olive,Spring,2.7,No,Store Pickup,No,No,6,Debit Card,Every 3 Months,Middle-aged,90,4.06,422.52,1
1933,42,Male,Hoodie,Clothing,36,Maryland,M,White,Spring,5.0,No,Free Shipping,No,No,47,Credit Card,Every 3 Months,Adult,90,4.06,1838.16,0
1934,48,Male,Sandals,Footwear,67,Montana,L,Violet,Summer,4.1,No,Next Day Air,No,No,28,Venmo,Annually,Middle-aged,365,1.0,1943.0,0
1935,34,Male,Jacket,Outerwear,43,Michigan,L,Gold,Winter,2.7,No,Free Shipping,No,No,23,Bank Transfer,Annually,Adult,365,1.0,1032.0,1
1936,19,Male,Blouse,Clothing,68,North Carolina,XL,Violet,Spring,4.8,No,Free Shipping,No,No,45,Cash,Fortnightly,Young Adult,14,26.07,4832.76,0
1937,70,Male,Jewelry,Accessories,60,Minnesota,S,Teal,Summer,4.3,No,2-Day Shipping,No,No,44,PayPal,Every 3 Months,Senior,90,4.06,2883.6,0
1938,43,Male,Socks,Clothing,53,Delaware,M,Olive,Summer,4.5,No,2-Day Shipping,No,No,11,Bank Transfer,Monthly,Adult,30,12.17,1228.01,0
1939,46,Male,Jeans,Clothing,23,Kentucky,L,Blue,Spring,3.8,No,Standard,No,No,39,Debit Card,Bi-Weekly,Middle-aged,14,26.07,1496.61,0
1940,66,Male,Gloves,Accessories,57,Ohio,L,Magenta,Winter,3.7,No,Store Pickup,No,No,20,PayPal,Every 3 Months,Senior,90,4.06,1371.42,1
1941,50,Male,Hat,Accessories,89,Alaska,L,Gray,Fall,3.9,No,2-Day Shipping,No,No,48,PayPal,Fortnightly,Middle-aged,14,26.07,6592.23,0
1942,55,Male,Shoes,Footwear,99,Vermont,XL,Peach,Winter,3.3,No,Standard,No,No,46,Credit Card,Quarterly,Middle-aged,90,4.06,4955.94,0
1943,63,Male,Pants,Clothing,28,Alabama,M,Cyan,Fall,3.4,No,Express,No,No,22,PayPal,Monthly,Senior,30,12.17,956.76,0
1944,32,Male,Socks,Clothing,53,Wisconsin,L,Violet,Summer,3.8,No,Next Day Air,No,No,45,Cash,Annually,Adult,365,1.0,2438.0,0
1945,30,Male,Hoodie,Clothing,45,Arkansas,M,Gold,Winter,2.7,No,Free Shipping,No,No,49,Cash,Every 3 Months,Young Adult,90,4.06,2387.7,0
1946,35,Male,Hoodie,Clothing,38,Georgia,M,Gold,Winter,2.9,No,2-Day Shipping,No,No,9,Credit Card,Every 3 Months,Adult,90,4.06,496.28,1
1947,59,Male,Pants,Clothing,49,Louisiana,M,White,Summer,4.5,No,Standard,No,No,41,Credit Card,Quarterly,Senior,90,4.06,2207.94,0
1948,59,Male,Shirt,Clothing,32,New York,M,Gray,Summer,2.6,No,Store Pickup,No,No,2,PayPal,Monthly,Senior,30,12.17,453.44,0
1949,54,Male,T-shirt,Clothing,37,Connecticut,L,Brown,Winter,3.1,No,Next Day Air,No,No,39,PayPal,Bi-Weekly,Middle-aged,14,26.07,2407.59,0
1950,63,Male,Dress,Clothing,80,Nebraska,L,Gray,Winter,4.7,No,Store Pickup,No,No,12,PayPal,Quarterly,Senior,90,4.06,1284.8,1
1951,43,Male,Backpack,Accessories,78,Arkansas,L,Blue,Summer,4.6,No,Free Shipping,No,No,26,PayPal,Every 3 Months,Adult,90,4.06,2344.68,0
1952,33,Male,Gloves,Accessories,53,Connecticut,L,Gold,Summer,2.7,No,Next Day Air,No,No,32,Bank Transfer,Bi-Weekly,Adult,14,26.07,3077.71,0
1953,57,Male,Shoes,Footwear,82,Maryland,L,Yellow,Summer,4.6,No,2-Day Shipping,No,No,50,Cash,Bi-Weekly,Middle-aged,14,26.07,6237.74,0
1954,25,Male,Skirt,Clothing,33,Colorado,XL,Green,Spring,4.8,No,Standard,No,No,3,PayPal,Fortnightly,Young Adult,14,26.07,959.31,0
1955,26,Male,Gloves,Accessories,77,Colorado,M,Pink,Winter,4.2,No,Free Shipping,No,No,3,Venmo,Quarterly,Young Adult,90,4.06,543.62,1
1956,50,Male,Hoodie,Clothing,56,Maine,M,Pink,Winter,4.9,No,Express,No,No,37,Cash,Monthly,Middle-aged,30,12.17,2753.52,0
1957,70,Male,Socks,Clothing,37,Oklahoma,M,Pink,Winter,4.9,No,Express,No,No,20,Credit Card,Fortnightly,Senior,14,26.07,1704.59,0
1958,68,Male,Gloves,Accessories,54,South Carolina,M,Cyan,Spring,4.5,No,Store Pickup,No,No,26,Cash,Bi-Weekly,Senior,14,26.07,2811.78,0
1959,39,Male,Shorts,Clothing,67,Nevada,M,Gray,Winter,2.7,No,Store Pickup,No,No,47,Cash,Quarterly,Adult,90,4.06,3421.02,0
1960,46,Male,Shoes,Footwear,90,Colorado,M,White,Fall,3.1,No,Store Pickup,No,No,7,Credit Card,Every 3 Months,Middle-aged,90,4.06,995.4,1
1961,57,Male,Jeans,Clothing,72,Massachusetts,L,Red,Summer,3.3,No,2-Day Shipping,No,No,40,Credit Card,Annually,Middle-aged,365,1.0,2952.0,0
1962,47,Male,Boots,Footwear,59,Nevada,L,Black,Summer,2.6,No,Free Shipping,No,No,45,Debit Card,Quarterly,Middle-aged,90,4.06,2894.54,0
1963,40,Male,Hat,Accessories,45,Iowa,M,Silver,Fall,4.4,No,Standard,No,No,20,PayPal,Fortnightly,Adult,14,26.07,2073.15,0
1964,52,Male,Shorts,Clothing,30,Michigan,L,Pink,Spring,3.9,No,Standard,No,No,11,Credit Card,Weekly,Middle-aged,7,52.14,1894.2,0
1965,40,Male,Pants,Clothing,51,West Virginia,S,Cyan,Summer,4.6,No,Express,No,No,50,Debit Card,Monthly,Adult,30,12.17,3170.67,0
1966,67,Male,Sweater,Clothing,90,Indiana,M,White,Fall,4.9,No,Express,No,No,25,Debit Card,Quarterly,Senior,90,4.06,2615.4,1
1967,67,Male,Jacket,Outerwear,95,Indiana,XL,Purple,Winter,3.7,No,Express,No,No,5,Credit Card,Fortnightly,Senior,14,26.07,2951.65,0
1968,37,Male,Dress,Clothing,81,Georgia,L,Yellow,Fall,3.7,No,Standard,No,No,4,Venmo,Annually,Adult,365,1.0,405.0,1
1969,67,Male,Shirt,Clothing,70,Minnesota,S,Blue,Spring,4.2,No,Standard,No,No,25,Credit Card,Weekly,Senior,7,52.14,5399.8,0
1970,64,Male,Dress,Clothing,32,Louisiana,S,Cyan,Winter,3.5,No,Next Day Air,No,No,11,Bank Transfer,Fortnightly,Senior,14,26.07,1186.24,0
1971,28,Male,Belt,Accessories,94,Maryland,M,Indigo,Spring,2.9,No,Next Day Air,No,No,4,Credit Card,Bi-Weekly,Young Adult,14,26.07,2826.58,0
1972,54,Male,Hat,Accessories,29,Pennsylvania,XL,Indigo,Spring,3.4,No,Next Day Air,No,No,1,Venmo,Monthly,Middle-aged,30,12.17,381.93,0
1973,54,Male,Backpack,Accessories,31,Louisiana,M,Silver,Summer,3.3,No,Express,No,No,48,PayPal,Every 3 Months,Middle-aged,90,4.06,1613.86,0
1974,24,Male,Skirt,Clothing,20,Maryland,XL,Red,Fall,4.5,No,Standard,No,No,9,Venmo,Every 3 Months,Young Adult,90,4.06,261.2,1
1975,27,Male,Gloves,Accessories,44,Tennessee,M,Peach,Winter,4.6,No,2-Day Shipping,No,No,2,PayPal,Fortnightly,Young Adult,14,26.07,1235.08,0
1976,53,Male,Jacket,Outerwear,77,Illinois,L,Turquoise,Fall,2.9,No,Express,No,No,4,Cash,Quarterly,Middle-aged,90,4.06,620.62,1
1977,32,Male,Handbag,Accessories,51,Wyoming,M,Pink,Spring,3.2,No,Next Day Air,No,No,43,PayPal,Fortnightly,Adult,14,26.07,3522.57,0
1978,24,Male,Sandals,Footwear,49,Florida,M,Teal,Summer,2.6,No,Free Shipping,No,No,32,Bank Transfer,Annually,Young Adult,365,1.0,1617.0,0
1979,45,Male,Sunglasses,Accessories,78,Massachusetts,L,Magenta,Spring,3.8,No,Store Pickup,No,No,1,Cash,Quarterly,Middle-aged,90,4.06,394.68,1
1980,49,Male,Jeans,Clothing,98,Tennessee,L,Blue,Spring,2.8,No,Store Pickup,No,No,38,Debit Card,Fortnightly,Middle-aged,14,26.07,6278.86,0
1981,51,Male,Sandals,Footwear,94,Iowa,M,Green,Winter,4.4,No,Store Pickup,No,No,25,PayPal,Fortnightly,Middle-aged,14,26.07,4800.58,0
1982,69,Male,Shoes,Footwear,91,Michigan,L,Violet,Summer,4.7,No,Express,No,No,42,PayPal,Quarterly,Senior,90,4.06,4191.46,0
1983,41,Male,Sunglasses,Accessories,77,Kansas,M,Turquoise,Summer,2.7,No,2-Day Shipping,No,No,32,PayPal,Monthly,Adult,30,12.17,3401.09,0
1984,59,Male,Scarf,Accessories,97,Georgia,M,Pink,Summer,2.6,No,Next Day Air,No,No,21,Debit Card,Quarterly,Senior,90,4.06,2430.82,1
1985,26,Male,Skirt,Clothing,58,West Virginia,M,Black,Summer,3.4,No,2-Day Shipping,No,No,26,PayPal,Fortnightly,Young Adult,14,26.07,3020.06,0
1986,23,Male,Gloves,Accessories,97,Tennessee,M,Gold,Spring,3.9,No,2-Day Shipping,No,No,6,Credit Card,Fortnightly,Young Adult,14,26.07,3110.79,0
1987,62,Male,Coat,Outerwear,48,Arkansas,L,Green,Summer,3.4,No,2-Day Shipping,No,No,14,Venmo,Quarterly,Senior,90,4.06,866.88,1
1988,69,Male,Belt,Accessories,23,Vermont,XL,White,Summer,3.4,No,Express,No,No,4,Cash,Quarterly,Senior,90,4.06,185.38,1
1989,46,Male,Pants,Clothing,79,Virginia,M,Gold,Winter,3.9,No,Free Shipping,No,No,26,Bank Transfer,Weekly,Middle-aged,7,52.14,6173.06,0
1990,35,Male,Jewelry,Accessories,42,Maryland,S,Charcoal,Spring,4.0,No,Express,No,No,39,PayPal,Bi-Weekly,Adult,14,26.07,2732.94,0
1991,32,Male,Backpack,Accessories,95,Connecticut,L,White,Spring,3.4,No,2-Day Shipping,No,No,15,PayPal,Annually,Adult,365,1.0,1520.0,1
1992,46,Male,Sneakers,Footwear,29,Missouri,M,Brown,Summer,3.7,No,Next Day Air,No,No,1,Venmo,Every 3 Months,Middle-aged,90,4.06,146.74,1
1993,33,Male,Hoodie,Clothing,98,New Jersey,L,Gold,Winter,4.9,No,2-Day Shipping,No,No,28,Venmo,Monthly,Adult,30,12.17,3936.66,0
1994,32,Male,Blouse,Clothing,96,Arkansas,S,Purple,Spring,5.0,No,Express,No,No,17,Cash,Weekly,Adult,7,52.14,6637.44,0
1995,33,Male,Sunglasses,Accessories,66,Nevada,M,Brown,Fall,2.9,No,Next Day Air,No,No,24,Credit Card,Weekly,Adult,7,52.14,5025.24,0
1996,67,Male,Boots,Footwear,80,Missouri,S,Teal,Spring,3.0,No,Standard,No,No,29,Debit Card,Quarterly,Senior,90,4.06,2644.8,0
1997,67,Male,Sneakers,Footwear,27,South Dakota,L,Indigo,Summer,3.3,No,Next Day Air,No,No,18,Cash,Every 3 Months,Senior,90,4.06,595.62,1
1998,42,Male,Backpack,Accessories,25,Connecticut,M,Purple,Fall,4.7,No,Express,No,No,10,Debit Card,Bi-Weekly,Adult,14,26.07,901.75,0
1999,20,Male,Pants,Clothing,45,Vermont,M,Orange,Fall,3.4,No,2-Day Shipping,No,No,19,Cash,Quarterly,Young Adult,90,4.06,1037.7,1
2000,39,Male,Socks,Clothing,89,Tennessee,L,Indigo,Winter,4.6,No,2-Day Shipping,No,No,26,Debit Card,Monthly,Adult,30,12.17,3397.13,0
2001,26,Male,Belt,Accessories,27,California,M,Lavender,Winter,3.6,No,2-Day Shipping,No,No,25,Cash,Bi-Weekly,Young Adult,14,26.07,1378.89,0
2002,51,Male,Sunglasses,Accessories,90,Wyoming,S,Purple,Winter,2.6,No,Free Shipping,No,No,2,Debit Card,Fortnightly,Middle-aged,14,26.07,2526.3,0
2003,31,Male,Shirt,Clothing,65,New York,M,Red,Summer,2.7,No,Express,No,No,19,PayPal,Every 3 Months,Young Adult,90,4.06,1498.9,1
2004,68,Male,Sneakers,Footwear,72,Maine,S,Blue,Spring,3.1,No,Express,No,No,32,Cash,Quarterly,Senior,90,4.06,2596.32,0
2005,44,Male,Shoes,Footwear,70,Georgia,L,Blue,Fall,3.2,No,2-Day Shipping,No,No,13,Cash,Bi-Weekly,Adult,14,26.07,2734.9,0
2006,18,Male,Sandals,Footwear,82,Tennessee,M,Cyan,Winter,3.4,No,Store Pickup,No,No,30,PayPal,Fortnightly,Young Adult,14,26.07,4597.74,0
2007,58,Male,Scarf,Accessories,97,New Mexico,S,Pink,Fall,4.4,No,Express,No,No,2,Credit Card,Annually,Senior,365,1.0,291.0,1
2008,26,Male,Shirt,Clothing,25,Virginia,M,Silver,Summer,3.2,No,2-Day Shipping,No,No,8,PayPal,Quarterly,Young Adult,90,4.06,301.5,1
2009,57,Male,Skirt,Clothing,48,Florida,M,Gray,Spring,2.5,No,Free Shipping,No,No,27,PayPal,Every 3 Months,Middle-aged,90,4.06,1490.88,0
2010,37,Male,Boots,Footwear,99,Alabama,M,Indigo,Summer,3.8,No,Next Day Air,No,No,26,Venmo,Bi-Weekly,Adult,14,26.07,5154.93,0
2011,24,Male,Sweater,Clothing,21,Texas,M,Maroon,Summer,4.4,No,2-Day Shipping,No,No,3,Debit Card,Bi-Weekly,Young Adult,14,26.07,610.47,0
2012,57,Male,Sandals,Footwear,94,West Virginia,M,Beige,Spring,3.7,No,Express,No,No,4,Bank Transfer,Monthly,Middle-aged,30,12.17,1519.98,0
2013,48,Male,Jeans,Clothing,53,Nevada,L,Green,Fall,3.2,No,Store Pickup,No,No,5,Cash,Fortnightly,Middle-aged,14,26.07,1646.71,0
2014,39,Male,Backpack,Accessories,70,Virginia,M,Peach,Winter,4.9,No,Standard,No,No,25,Debit Card,Quarterly,Adult,90,4.06,2034.2,1
2015,51,Male,Skirt,Clothing,26,Wisconsin,L,Black,Summer,3.9,No,Standard,No,No,47,PayPal,Bi-Weekly,Middle-aged,14,26.07,1899.82,0
2016,57,Male,Belt,Accessories,82,Virginia,S,Pink,Summer,4.5,No,Next Day Air,No,No,8,Credit Card,Fortnightly,Middle-aged,14,26.07,2793.74,0
2017,53,Male,Shoes,Footwear,47,Maine,S,Violet,Winter,3.4,No,Standard,No,No,20,Debit Card,Fortnightly,Middle-aged,14,26.07,2165.29,0
2018,70,Male,Socks,Clothing,32,Massachusetts,S,Green,Winter,4.1,No,Next Day Air,No,No,42,Bank Transfer,Every 3 Months,Senior,90,4.06,1473.92,0
2019,60,Male,Backpack,Accessories,97,Arkansas,S,Gold,Fall,4.5,No,Store Pickup,No,No,20,Bank Transfer,Weekly,Senior,7,52.14,6997.58,0
2020,31,Male,Shirt,Clothing,68,Idaho,S,Red,Winter,4.7,No,Store Pickup,No,No,23,Cash,Fortnightly,Young Adult,14,26.07,3336.76,0
2021,41,Male,Sweater,Clothing,23,Pennsylvania,M,Beige,Winter,4.8,No,Next Day Air,No,No,26,Cash,Quarterly,Adult,90,4.06,691.38,0
2022,62,Male,Handbag,Accessories,33,Maine,M,Green,Winter,4.4,No,Standard,No,No,48,Venmo,Quarterly,Senior,90,4.06,1717.98,0
2023,59,Male,Jewelry,Accessories,38,Alabama,S,Black,Winter,4.0,No,Store Pickup,No,No,16,Cash,Bi-Weekly,Senior,14,26.07,1598.66,0
2024,46,Male,Socks,Clothing,68,Idaho,S,Teal,Winter,4.1,No,Store Pickup,No,No,28,Cash,Bi-Weekly,Middle-aged,14,26.07,3676.76,0
2025,62,Male,Socks,Clothing,23,Arkansas,L,Silver,Fall,3.7,No,Express,No,No,39,PayPal,Weekly,Senior,7,52.14,2096.22,0
2026,42,Male,Shirt,Clothing,29,Delaware,M,Turquoise,Summer,3.0,No,Express,No,No,43,Debit Card,Fortnightly,Adult,14,26.07,2003.03,0
2027,37,Male,Scarf,Accessories,35,Maine,M,Orange,Winter,3.6,No,Express,No,No,45,Bank Transfer,Every 3 Months,Adult,90,4.06,1717.1,0
2028,50,Male,Shoes,Footwear,73,Nebraska,S,Gold,Fall,4.8,No,Standard,No,No,50,Credit Card,Every 3 Months,Middle-aged,90,4.06,3946.38,0
2029,29,Male,Shoes,Footwear,84,Ohio,XL,Purple,Fall,3.7,No,2-Day Shipping,No,No,10,Venmo,Bi-Weekly,Young Adult,14,26.07,3029.88,0
2030,25,Male,Scarf,Accessories,23,Montana,M,Pink,Spring,4.6,No,Next Day Air,No,No,40,PayPal,Quarterly,Young Adult,90,4.06,1013.38,0
2031,66,Male,Sunglasses,Accessories,67,New Mexico,S,Green,Summer,2.8,No,Standard,No,No,38,Credit Card,Monthly,Senior,30,12.17,3361.39,0
2032,21,Male,Socks,Clothing,51,North Carolina,L,Charcoal,Spring,4.0,No,Standard,No,No,2,Credit Card,Monthly,Young Adult,30,12.17,722.67,0
2033,46,Male,Blouse,Clothing,36,South Carolina,M,Maroon,Winter,4.2,No,Next Day Air,No,No,13,Cash,Annually,Middle-aged,365,1.0,504.0,1
2034,57,Male,Jeans,Clothing,55,Illinois,L,Olive,Summer,3.6,No,Express,No,No,33,Venmo,Annually,Middle-aged,365,1.0,1870.0,0
2035,61,Male,Shorts,Clothing,30,Alabama,M,Peach,Spring,2.9,No,Store Pickup,No,No,27,PayPal,Monthly,Senior,30,12.17,1175.1,0
2036,53,Male,T-shirt,Clothing,70,Oklahoma,S,Yellow,Summer,4.1,No,Express,No,No,43,Bank Transfer,Weekly,Middle-aged,7,52.14,6659.8,0
2037,37,Male,Blouse,Clothing,63,Minnesota,S,Lavender,Winter,3.1,No,Next Day Air,No,No,46,Cash,Weekly,Adult,7,52.14,6182.82,0
2038,39,Male,Belt,Accessories,87,Illinois,S,Green,Summer,4.3,No,Express,No,No,7,Venmo,Bi-Weekly,Adult,14,26.07,2877.09,0
2039,53,Male,Blouse,Clothing,70,Arkansas,L,Orange,Spring,4.4,No,Next Day Air,No,No,35,Credit Card,Fortnightly,Middle-aged,14,26.07,4274.9,0
2040,35,Male,T-shirt,Clothing,51,Minnesota,M,Olive,Spring,3.1,No,Next Day Air,No,No,31,Debit Card,Bi-Weekly,Adult,14,26.07,2910.57,0
2041,69,Male,Jewelry,Accessories,25,South Carolina,XL,Gray,Spring,2.9,No,Free Shipping,No,No,42,Venmo,Quarterly,Senior,90,4.06,1151.5,0
2042,66,Male,Jacket,Outerwear,32,New York,S,Lavender,Winter,3.2,No,Next Day Air,No,No,14,PayPal,Bi-Weekly,Senior,14,26.07,1282.24,0
2043,19,Male,Shoes,Footwear,52,Alabama,M,Red,Spring,4.0,No,2-Day Shipping,No,No,35,Venmo,Monthly,Young Adult,30,12.17,2452.84,0
2044,47,Male,Gloves,Accessories,33,New York,M,Charcoal,Summer,2.7,No,Standard,No,No,49,PayPal,Weekly,Middle-aged,7,52.14,3337.62,0
2045,49,Male,Jeans,Clothing,68,Missouri,L,Orange,Spring,3.0,No,Free Shipping,No,No,17,PayPal,Fortnightly,Middle-aged,14,26.07,2928.76,0
2046,31,Male,Jewelry,Accessories,20,Georgia,M,Red,Fall,4.4,No,Express,No,No,26,PayPal,Quarterly,Young Adult,90,4.06,601.2,0
2047,39,Male,Pants,Clothing,32,Oklahoma,M,Maroon,Winter,2.8,No,Free Shipping,No,No,30,Cash,Every 3 Months,Adult,90,4.06,1089.92,0
2048,58,Male,Jewelry,Accessories,82,Connecticut,M,Silver,Summer,3.1,No,Store Pickup,No,No,32,Cash,Annually,Senior,365,1.0,2706.0,0
2049,45,Male,Sneakers,Footwear,64,Michigan,XL,Pink,Winter,3.9,No,Express,No,No,35,Bank Transfer,Quarterly,Middle-aged,90,4.06,2499.84,0
2050,68,Male,Boots,Footwear,24,Rhode Island,L,Blue,Fall,2.7,No,Standard,No,No,15,Venmo,Annually,Senior,365,1.0,384.0,1
2051,35,Male,Hat,Accessories,96,Mississippi,M,Teal,Summer,3.4,No,Store Pickup,No,No,10,Debit Card,Annually,Adult,365,1.0,1056.0,1
2052,65,Male,T-shirt,Clothing,94,Massachusetts,L,Black,Spring,3.8,No,Free Shipping,No,No,14,Credit Card,Monthly,Senior,30,12.17,2459.98,0
2053,45,Male,Backpack,Accessories,48,New Hampshire,M,Gray,Winter,3.7,No,2-Day Shipping,No,No,30,Bank Transfer,Annually,Middle-aged,365,1.0,1488.0,0
2054,19,Male,Sunglasses,Accessories,60,Wyoming,S,Purple,Spring,4.5,No,2-Day Shipping,No,No,16,Credit Card,Fortnightly,Young Adult,14,26.07,2524.2,0
2055,65,Male,Sweater,Clothing,56,New Jersey,XL,Gold,Spring,2.9,No,Express,No,No,14,PayPal,Annually,Senior,365,1.0,840.0,1
2056,28,Male,Handbag,Accessories,33,Texas,M,Silver,Fall,3.4,No,2-Day Shipping,No,No,28,Bank Transfer,Weekly,Young Adult,7,52.14,2644.62,0
2057,55,Male,Backpack,Accessories,46,Minnesota,L,Blue,Spring,4.4,No,2-Day Shipping,No,No,29,PayPal,Monthly,Middle-aged,30,12.17,1893.82,0
2058,66,Male,Socks,Clothing,37,South Dakota,L,Yellow,Spring,4.2,No,Standard,No,No,5,PayPal,Every 3 Months,Senior,90,4.06,335.22,1
2059,29,Male,Shirt,Clothing,98,Washington,M,Brown,Winter,3.3,No,Store Pickup,No,No,17,Bank Transfer,Quarterly,Young Adult,90,4.06,2063.88,1
2060,56,Male,Shorts,Clothing,50,California,XL,Beige,Spring,3.7,No,Express,No,No,50,PayPal,Weekly,Middle-aged,7,52.14,5107.0,0
2061,21,Male,Belt,Accessories,63,Wisconsin,M,Blue,Fall,3.2,No,Next Day Air,No,No,23,Bank Transfer,Quarterly,Young Adult,90,4.06,1704.78,1
2062,32,Male,Sweater,Clothing,70,Michigan,S,Magenta,Summer,2.6,No,Store Pickup,No,No,22,Debit Card,Annually,Adult,365,1.0,1610.0,1
2063,54,Male,Coat,Outerwear,63,South Carolina,L,Silver,Fall,2.8,No,Standard,No,No,15,Cash,Quarterly,Middle-aged,90,4.06,1200.78,1
2064,61,Male,Shorts,Clothing,86,Indiana,M,Cyan,Fall,2.9,No,Standard,No,No,32,Cash,Monthly,Senior,30,12.17,3798.62,0
2065,31,Male,Shoes,Footwear,99,Arkansas,M,Green,Summer,4.0,No,2-Day Shipping,No,No,5,Bank Transfer,Monthly,Young Adult,30,12.17,1699.83,0
2066,27,Male,Sneakers,Footwear,40,Oregon,M,Blue,Spring,2.9,No,Free Shipping,No,No,6,Bank Transfer,Bi-Weekly,Young Adult,14,26.07,1282.8,0
2067,64,Male,Sneakers,Footwear,92,Illinois,M,Olive,Fall,4.7,No,Store Pickup,No,No,44,Debit Card,Fortnightly,Senior,14,26.07,6446.44,0
2068,60,Male,Pants,Clothing,21,Maryland,XL,Beige,Fall,3.1,No,2-Day Shipping,No,No,23,Cash,Fortnightly,Senior,14,26.07,1030.47,0
2069,70,Male,Jewelry,Accessories,81,Vermont,XL,Black,Summer,3.9,No,Store Pickup,No,No,44,Venmo,Monthly,Senior,30,12.17,4549.77,0
2070,36,Male,T-shirt,Clothing,82,Texas,M,Indigo,Fall,3.4,No,Free Shipping,No,No,3,Debit Card,Quarterly,Adult,90,4.06,578.92,1
2071,56,Male,Jewelry,Accessories,88,Nebraska,XL,Red,Spring,3.1,No,Express,No,No,14,Cash,Monthly,Middle-aged,30,12.17,2302.96,0
2072,69,Male,Jacket,Outerwear,100,South Carolina,S,Yellow,Fall,4.8,No,Store Pickup,No,No,37,PayPal,Quarterly,Senior,90,4.06,4106.0,0
2073,39,Male,Backpack,Accessories,66,Massachusetts,M,Beige,Winter,3.9,No,Next Day Air,No,No,22,Bank Transfer,Weekly,Adult,7,52.14,4893.24,0
2074,38,Male,Belt,Accessories,25,Texas,S,Green,Winter,3.5,No,Next Day Air,No,No,2,PayPal,Every 3 Months,Adult,90,4.06,151.5,1
2075,36,Male,Scarf,Accessories,53,Florida,M,White,Summer,3.1,No,Free Shipping,No,No,44,Debit Card,Fortnightly,Adult,14,26.07,3713.71,0
2076,46,Male,Sweater,Clothing,28,South Carolina,S,Turquoise,Fall,4.7,No,Express,No,No,49,Debit Card,Monthly,Middle-aged,30,12.17,1712.76,0
2077,59,Male,Gloves,Accessories,23,Florida,S,Indigo,Fall,4.6,No,Free Shipping,No,No,22,Debit Card,Bi-Weekly,Senior,14,26.07,1105.61,0
2078,64,Male,Scarf,Accessories,34,Nebraska,L,Orange,Fall,3.3,No,Free Shipping,No,No,26,Bank Transfer,Annually,Senior,365,1.0,918.0,0
2079,49,Male,Dress,Clothing,42,Hawaii,M,Blue,Spring,3.2,No,Next Day Air,No,No,40,Debit Card,Weekly,Middle-aged,7,52.14,3869.88,0
2080,32,Male,Jeans,Clothing,24,Montana,L,Violet,Summer,3.1,No,Next Day Air,No,No,16,PayPal,Quarterly,Adult,90,4.06,481.44,1
2081,29,Male,Sunglasses,Accessories,47,South Dakota,S,Gray,Fall,3.5,No,Free Shipping,No,No,17,Debit Card,Bi-Weekly,Young Adult,14,26.07,2024.29,0
2082,24,Male,Coat,Outerwear,78,Alabama,S,Cyan,Spring,4.3,No,Standard,No,No,48,Bank Transfer,Bi-Weekly,Young Adult,14,26.07,5777.46,0
2083,41,Male,Jeans,Clothing,89,Arkansas,M,Yellow,Summer,2.9,No,Free Shipping,No,No,28,Venmo,Every 3 Months,Adult,90,4.06,2853.34,0
2084,41,Male,Scarf,Accessories,59,Mississippi,L,Orange,Fall,2.7,No,Store Pickup,No,No,26,Credit Card,Fortnightly,Adult,14,26.07,3072.13,0
2085,32,Male,Blouse,Clothing,94,Vermont,S,Brown,Summer,4.0,No,Standard,No,No,43,Bank Transfer,Quarterly,Adult,90,4.06,4423.64,0
2086,69,Male,Jeans,Clothing,49,New York,M,Teal,Fall,4.6,No,Free Shipping,No,No,38,Debit Card,Weekly,Senior,7,52.14,4416.86,0
2087,65,Male,Dress,Clothing,89,North Dakota,L,Beige,Summer,4.7,No,2-Day Shipping,No,No,36,Cash,Every 3 Months,Senior,90,4.06,3565.34,0
2088,54,Male,Hat,Accessories,91,Wisconsin,M,Blue,Summer,4.7,No,Standard,No,No,1,Credit Card,Weekly,Middle-aged,7,52.14,4835.74,0
2089,39,Male,Sandals,Footwear,89,California,L,Orange,Spring,4.0,No,Standard,No,No,49,Debit Card,Annually,Adult,365,1.0,4450.0,0
2090,37,Male,Jacket,Outerwear,57,Maryland,L,Gold,Spring,3.6,No,Free Shipping,No,No,41,Credit Card,Every 3 Months,Adult,90,4.06,2568.42,0
2091,51,Male,Socks,Clothing,71,Massachusetts,S,Teal,Winter,3.4,No,Free Shipping,No,No,21,Debit Card,Monthly,Middle-aged,30,12.17,2355.07,0
2092,26,Male,Jeans,Clothing,97,Washington,XL,Beige,Fall,3.0,No,Next Day Air,No,No,24,Bank Transfer,Quarterly,Young Adult,90,4.06,2721.82,1
2093,42,Male,Sandals,Footwear,45,Minnesota,M,Silver,Fall,2.6,No,Next Day Air,No,No,27,Bank Transfer,Weekly,Adult,7,52.14,3561.3,0
2094,21,Male,Dress,Clothing,91,Washington,M,Maroon,Spring,4.2,No,Store Pickup,No,No,4,Debit Card,Annually,Young Adult,365,1.0,455.0,1
2095,53,Male,Socks,Clothing,25,South Carolina,M,Indigo,Spring,3.4,No,Standard,No,No,19,Venmo,Annually,Middle-aged,365,1.0,500.0,1
2096,36,Male,Hoodie,Clothing,63,New Mexico,M,Gray,Fall,4.0,No,Store Pickup,No,No,1,Bank Transfer,Fortnightly,Adult,14,26.07,1705.41,0
2097,21,Male,Dress,Clothing,52,North Carolina,L,Blue,Summer,4.7,No,Free Shipping,No,No,27,Debit Card,Annually,Young Adult,365,1.0,1456.0,0
2098,33,Male,Sneakers,Footwear,43,Iowa,S,Cyan,Winter,3.9,No,Next Day Air,No,No,5,Credit Card,Weekly,Adult,7,52.14,2457.02,0
2099,49,Male,T-shirt,Clothing,28,Louisiana,M,White,Summer,3.3,No,2-Day Shipping,No,No,20,Venmo,Quarterly,Middle-aged,90,4.06,673.68,1
2100,31,Male,T-shirt,Clothing,78,Oklahoma,L,Green,Summer,2.9,No,Express,No,No,50,PayPal,Annually,Young Adult,365,1.0,3978.0,0
2101,68,Male,Sweater,Clothing,31,Michigan,M,Silver,Spring,4.4,No,Free Shipping,No,No,36,Cash,Fortnightly,Senior,14,26.07,1924.17,0
2102,49,Male,Shirt,Clothing,23,Oregon,M,Blue,Winter,3.6,No,Next Day Air,No,No,12,Bank Transfer,Bi-Weekly,Middle-aged,14,26.07,875.61,0
2103,23,Male,Hat,Accessories,25,Idaho,M,Brown,Spring,4.5,No,Store Pickup,No,No,23,Cash,Monthly,Young Adult,30,12.17,879.25,0
2104,30,Male,Pants,Clothing,86,Indiana,S,Red,Summer,3.7,No,Store Pickup,No,No,21,Venmo,Weekly,Young Adult,7,52.14,6290.04,0
2105,53,Male,Shoes,Footwear,88,New Mexico,M,Gold,Spring,2.8,No,Free Shipping,No,No,47,Venmo,Weekly,Middle-aged,7,52.14,8724.32,0
2106,65,Male,Gloves,Accessories,35,South Carolina,M,Silver,Spring,4.5,No,Free Shipping,No,No,38,Venmo,Bi-Weekly,Senior,14,26.07,2242.45,0
2107,60,Male,Jewelry,Accessories,34,Vermont,M,Gray,Fall,4.4,No,Standard,No,No,40,Credit Card,Every 3 Months,Senior,90,4.06,1498.04,0
2108,46,Male,Pants,Clothing,75,Delaware,M,Black,Winter,3.3,No,Standard,No,No,35,PayPal,Quarterly,Middle-aged,90,4.06,2929.5,0
2109,54,Male,Hoodie,Clothing,46,North Dakota,XL,Beige,Winter,4.2,No,Express,No,No,4,Credit Card,Quarterly,Middle-aged,90,4.06,370.76,1
2110,59,Male,Jewelry,Accessories,31,California,L,Peach,Fall,2.7,No,Free Shipping,No,No,28,Venmo,Every 3 Months,Senior,90,4.06,993.86,0
2111,52,Male,Socks,Clothing,93,Montana,L,Cyan,Spring,3.9,No,Store Pickup,No,No,36,Debit Card,Every 3 Months,Middle-aged,90,4.06,3725.58,0
2112,41,Male,Sunglasses,Accessories,85,Missouri,XL,Pink,Spring,2.6,No,Free Shipping,No,No,15,Bank Transfer,Annually,Adult,365,1.0,1360.0,1
2113,43,Male,Belt,Accessories,68,Tennessee,M,Lavender,Fall,4.5,No,2-Day Shipping,No,No,7,Cash,Fortnightly,Adult,14,26.07,2248.76,0
2114,63,Male,Dress,Clothing,40,Virginia,M,Brown,Spring,2.7,No,Store Pickup,No,No,29,PayPal,Every 3 Months,Senior,90,4.06,1322.4,0
2115,37,Male,Shirt,Clothing,51,Vermont,M,Magenta,Winter,2.9,No,Standard,No,No,12,Debit Card,Annually,Adult,365,1.0,663.0,1
2116,44,Male,Scarf,Accessories,85,Rhode Island,M,Violet,Winter,3.4,No,Store Pickup,No,No,16,Bank Transfer,Bi-Weekly,Adult,14,26.07,3575.95,0
2117,67,Male,Jacket,Outerwear,23,Kansas,M,Teal,Summer,2.9,No,Express,No,No,50,Debit Card,Bi-Weekly,Senior,14,26.07,1749.61,0
2118,27,Male,Dress,Clothing,28,Colorado,L,Brown,Summer,3.8,No,Free Shipping,No,No,11,Debit Card,Annually,Young Adult,365,1.0,336.0,1
2119,60,Male,Socks,Clothing,44,Georgia,M,Olive,Fall,4.2,No,2-Day Shipping,No,No,28,Debit Card,Quarterly,Senior,90,4.06,1410.64,0
2120,58,Male,Jewelry,Accessories,57,Nebraska,M,Indigo,Spring,3.5,No,Store Pickup,No,No,36,Venmo,Bi-Weekly,Senior,14,26.07,3537.99,0
2121,53,Male,Scarf,Accessories,98,Missouri,S,Red,Fall,3.1,No,Next Day Air,No,No,38,PayPal,Quarterly,Middle-aged,90,4.06,4121.88,0
2122,43,Male,Backpack,Accessories,68,Alaska,M,Olive,Winter,3.5,No,2-Day Shipping,No,No,32,Bank Transfer,Monthly,Adult,30,12.17,3003.56,0
2123,32,Male,Jacket,Outerwear,36,Virginia,L,Teal,Fall,4.0,No,Express,No,No,42,Debit Card,Weekly,Adult,7,52.14,3389.04,0
2124,54,Male,Coat,Outerwear,71,Nebraska,L,Cyan,Spring,3.7,No,Express,No,No,22,Debit Card,Bi-Weekly,Middle-aged,14,26.07,3412.97,0
2125,47,Male,Skirt,Clothing,60,Rhode Island,M,Teal,Fall,4.2,No,Next Day Air,No,No,22,Venmo,Quarterly,Middle-aged,90,4.06,1563.6,1
2126,57,Male,Coat,Outerwear,87,New Hampshire,M,Beige,Fall,4.8,No,Store Pickup,No,No,31,PayPal,Quarterly,Middle-aged,90,4.06,3050.22,0
2127,63,Male,Shoes,Footwear,38,Alabama,XL,Magenta,Winter,4.1,No,Express,No,No,28,Credit Card,Monthly,Senior,30,12.17,1526.46,0
2128,70,Male,Boots,Footwear,45,North Carolina,M,Indigo,Spring,4.5,No,2-Day Shipping,No,No,40,Debit Card,Weekly,Senior,7,52.14,4146.3,0
2129,62,Male,Coat,Outerwear,47,New Mexico,L,Cyan,Fall,2.7,No,2-Day Shipping,No,No,21,PayPal,Weekly,Senior,7,52.14,3437.58,0
2130,40,Male,Skirt,Clothing,57,Minnesota,L,Orange,Fall,2.8,No,Store Pickup,No,No,12,PayPal,Every 3 Months,Adult,90,4.06,915.42,1
2131,25,Male,Backpack,Accessories,68,Arizona,L,Violet,Summer,3.7,No,Free Shipping,No,No,33,Credit Card,Annually,Young Adult,365,1.0,2312.0,0
2132,19,Male,Shorts,Clothing,52,Montana,M,Red,Fall,3.6,No,Express,No,No,9,Bank Transfer,Fortnightly,Young Adult,14,26.07,1823.64,0
2133,25,Male,Skirt,Clothing,87,Vermont,M,Magenta,Fall,4.7,No,2-Day Shipping,No,No,15,Debit Card,Weekly,Young Adult,7,52.14,5841.18,0
2134,21,Male,Hat,Accessories,34,Maine,M,Olive,Summer,3.8,No,Standard,No,No,13,Bank Transfer,Annually,Young Adult,365,1.0,476.0,1
2135,55,Male,Sandals,Footwear,41,Virginia,XL,Maroon,Winter,2.9,No,Standard,No,No,35,Credit Card,Fortnightly,Middle-aged,14,26.07,2503.87,0
2136,34,Male,Sunglasses,Accessories,94,California,S,Yellow,Winter,4.6,No,Next Day Air,No,No,1,Debit Card,Every 3 Months,Adult,90,4.06,475.64,1
2137,47,Male,Sunglasses,Accessories,93,New York,M,Red,Summer,2.8,No,Standard,No,No,25,Bank Transfer,Fortnightly,Middle-aged,14,26.07,4749.51,0
2138,27,Male,Socks,Clothing,51,Indiana,XL,Purple,Winter,4.6,No,2-Day Shipping,No,No,20,Credit Card,Every 3 Months,Young Adult,90,4.06,1227.06,1
2139,67,Male,Sweater,Clothing,42,Mississippi,M,Teal,Fall,2.8,No,Next Day Air,No,No,36,Venmo,Quarterly,Senior,90,4.06,1682.52,0
2140,40,Male,Boots,Footwear,95,New York,M,Red,Winter,3.0,No,Free Shipping,No,No,33,Cash,Weekly,Adult,7,52.14,8088.3,0
2141,53,Male,Handbag,Accessories,90,New Mexico,M,Brown,Fall,3.7,No,Standard,No,No,36,Cash,Fortnightly,Middle-aged,14,26.07,5586.3,0
2142,24,Male,Dress,Clothing,98,Kentucky,M,Peach,Winter,4.1,No,2-Day Shipping,No,No,32,PayPal,Annually,Young Adult,365,1.0,3234.0,0
2143,47,Male,Hat,Accessories,39,North Dakota,M,Maroon,Winter,4.3,No,Next Day Air,No,No,21,Venmo,Quarterly,Middle-aged,90,4.06,977.34,1
2144,53,Male,Sandals,Footwear,66,Arkansas,L,Red,Fall,3.8,No,Next Day Air,No,No,48,Venmo,Bi-Weekly,Middle-aged,14,26.07,4888.62,0
2145,47,Male,Shoes,Footwear,23,Maryland,L,Orange,Winter,3.7,No,Free Shipping,No,No,25,PayPal,Quarterly,Middle-aged,90,4.06,668.38,1
2146,38,Male,Skirt,Clothing,73,Connecticut,S,White,Winter,4.8,No,Standard,No,No,32,PayPal,Annually,Adult,365,1.0,2409.0,0
2147,48,Male,Sunglasses,Accessories,23,Utah,XL,White,Summer,4.6,No,Standard,No,No,45,PayPal,Every 3 Months,Middle-aged,90,4.06,1128.38,0
2148,47,Male,Skirt,Clothing,43,Missouri,S,Charcoal,Fall,4.8,No,Standard,No,No,4,Cash,Fortnightly,Middle-aged,14,26.07,1293.01,0
2149,19,Male,T-shirt,Clothing,45,Nebraska,XL,Turquoise,Winter,4.6,No,2-Day Shipping,No,No,19,PayPal,Bi-Weekly,Young Adult,14,26.07,2028.15,0
2150,38,Male,Sandals,Footwear,21,Hawaii,L,Orange,Winter,4.0,No,Standard,No,No,1,Bank Transfer,Weekly,Adult,7,52.14,1115.94,0
2151,57,Male,Shirt,Clothing,40,Illinois,M,Orange,Spring,2.6,No,2-Day Shipping,No,No,12,Cash,Weekly,Middle-aged,7,52.14,2565.6,0
2152,70,Male,Jeans,Clothing,58,Vermont,L,Brown,Fall,2.6,No,2-Day Shipping,No,No,18,Venmo,Monthly,Senior,30,12.17,1749.86,0
2153,38,Male,Shorts,Clothing,48,New Jersey,L,Magenta,Summer,4.5,No,Next Day Air,No,No,43,Bank Transfer,Bi-Weekly,Adult,14,26.07,3315.36,0
2154,35,Male,Shirt,Clothing,94,Kentucky,M,Violet,Fall,4.2,No,Free Shipping,No,No,31,PayPal,Annually,Adult,365,1.0,3008.0,0
2155,46,Male,Scarf,Accessories,74,Wyoming,M,Violet,Spring,3.4,No,Store Pickup,No,No,33,Cash,Every 3 Months,Middle-aged,90,4.06,2742.44,0
2156,32,Male,Handbag,Accessories,51,Hawaii,L,Yellow,Fall,3.7,No,Store Pickup,No,No,46,PayPal,Monthly,Adult,30,12.17,2966.67,0
2157,38,Male,Skirt,Clothing,83,Missouri,M,Maroon,Winter,3.6,No,Next Day Air,No,No,41,Debit Card,Bi-Weekly,Adult,14,26.07,5566.81,0
2158,41,Male,Handbag,Accessories,68,Mississippi,L,Turquoise,Winter,4.0,No,Next Day Air,No,No,41,Venmo,Fortnightly,Adult,14,26.07,4560.76,0
2159,19,Male,Gloves,Accessories,84,Massachusetts,XL,Olive,Spring,4.6,No,Standard,No,No,9,Bank Transfer,Fortnightly,Young Adult,14,26.07,2945.88,0
2160,18,Male,Shirt,Clothing,58,Louisiana,M,Peach,Fall,3.0,No,Free Shipping,No,No,34,Cash,Annually,Young Adult,365,1.0,2030.0,0
2161,45,Male,Blouse,Clothing,92,West Virginia,L,Charcoal,Winter,3.3,No,Express,No,No,21,PayPal,Annually,Middle-aged,365,1.0,2024.0,1
2162,23,Male,Dress,Clothing,69,Washington,S,Peach,Summer,3.8,No,Express,No,No,5,Debit Card,Fortnightly,Young Adult,14,26.07,2143.83,0
2163,60,Male,Shorts,Clothing,48,Oregon,S,Black,Summer,2.7,No,Free Shipping,No,No,32,PayPal,Weekly,Senior,7,52.14,4038.72,0
2164,52,Male,Shoes,Footwear,60,New York,L,Gray,Spring,4.5,No,Express,No,No,44,Bank Transfer,Monthly,Middle-aged,30,12.17,3370.2,0
2165,42,Male,Sandals,Footwear,20,Iowa,S,Olive,Winter,4.8,No,Next Day Air,No,No,46,PayPal,Bi-Weekly,Adult,14,26.07,1441.4,0
2166,29,Male,Pants,Clothing,55,Idaho,M,Turquoise,Summer,4.2,No,Express,No,No,42,Credit Card,Every 3 Months,Young Adult,90,4.06,2533.3,0
2167,31,Male,Jacket,Outerwear,88,New Jersey,S,Purple,Spring,3.5,No,Express,No,No,50,Credit Card,Bi-Weekly,Young Adult,14,26.07,6694.16,0
2168,30,Male,Skirt,Clothing,48,Ohio,L,Green,Winter,4.9,No,Standard,No,No,33,Venmo,Fortnightly,Young Adult,14,26.07,2835.36,0
2169,23,Male,Handbag,Accessories,74,Connecticut,M,Beige,Spring,4.1,No,Next Day Air,No,No,32,Cash,Quarterly,Young Adult,90,4.06,2668.44,0
2170,31,Male,Coat,Outerwear,42,Florida,M,Brown,Fall,2.9,No,Next Day Air,No,No,32,Bank Transfer,Bi-Weekly,Young Adult,14,26.07,2438.94,0
2171,40,Male,Sweater,Clothing,32,South Carolina,M,Turquoise,Fall,4.0,No,Next Day Air,No,No,37,Venmo,Every 3 Months,Adult,90,4.06,1313.92,0
2172,39,Male,Shorts,Clothing,98,Missouri,M,Yellow,Summer,4.6,No,Store Pickup,No,No,9,Cash,Fortnightly,Adult,14,26.07,3436.86,0
2173,28,Male,Skirt,Clothing,89,Rhode Island,S,Lavender,Fall,2.8,No,Store Pickup,No,No,6,PayPal,Fortnightly,Young Adult,14,26.07,2854.23,0
2174,23,Male,Gloves,Accessories,97,Delaware,S,Cyan,Summer,5.0,No,2-Day Shipping,No,No,36,Venmo,Quarterly,Young Adult,90,4.06,3885.82,0
2175,42,Male,Backpack,Accessories,49,Colorado,S,Olive,Spring,2.9,No,Store Pickup,No,No,1,Cash,Annually,Adult,365,1.0,98.0,1
2176,68,Male,Dress,Clothing,50,Nebraska,M,Silver,Spring,3.3,No,Free Shipping,No,No,48,Credit Card,Fortnightly,Senior,14,26.07,3703.5,0
2177,24,Male,Belt,Accessories,91,Vermont,S,Red,Winter,3.4,No,2-Day Shipping,No,No,44,Debit Card,Quarterly,Young Adult,90,4.06,4373.46,0
2178,24,Male,Gloves,Accessories,93,Montana,XL,Green,Winter,3.0,No,Express,No,No,9,PayPal,Bi-Weekly,Young Adult,14,26.07,3261.51,0
2179,21,Male,Jewelry,Accessories,98,Florida,M,Gold,Summer,4.7,No,Standard,No,No,32,Venmo,Annually,Young Adult,365,1.0,3234.0,0
2180,49,Male,Socks,Clothing,82,Delaware,L,Lavender,Fall,2.9,No,Next Day Air,No,No,14,PayPal,Monthly,Middle-aged,30,12.17,2145.94,0
2181,41,Male,Coat,Outerwear,37,Connecticut,M,Yellow,Summer,4.1,No,Store Pickup,No,No,43,Cash,Quarterly,Adult,90,4.06,1741.22,0
2182,22,Male,Handbag,Accessories,63,Hawaii,M,Black,Fall,3.2,No,Free Shipping,No,No,32,Bank Transfer,Bi-Weekly,Young Adult,14,26.07,3658.41,0
2183,42,Male,Blouse,Clothing,99,New Mexico,M,Maroon,Winter,2.7,No,Store Pickup,No,No,26,Venmo,Bi-Weekly,Adult,14,26.07,5154.93,0
2184,30,Male,Shorts,Clothing,37,Kansas,M,Maroon,Spring,4.7,No,Store Pickup,No,No,2,Cash,Monthly,Young Adult,30,12.17,524.29,0
2185,38,Male,Shoes,Footwear,34,Nevada,S,Gold,Spring,3.2,No,Free Shipping,No,No,16,PayPal,Every 3 Months,Adult,90,4.06,682.04,1
2186,40,Male,Shorts,Clothing,32,North Carolina,M,Violet,Winter,2.5,No,Express,No,No,50,Debit Card,Every 3 Months,Adult,90,4.06,1729.92,0
2187,55,Male,Sandals,Footwear,23,New Mexico,XL,Teal,Winter,4.3,No,Next Day Air,No,No,6,PayPal,Every 3 Months,Middle-aged,90,4.06,231.38,1
2188,37,Male,Blouse,Clothing,78,Idaho,M,Violet,Spring,4.4,No,Free Shipping,No,No,20,PayPal,Annually,Adult,365,1.0,1638.0,1
2189,41,Male,Coat,Outerwear,54,California,M,Brown,Winter,4.7,No,Next Day Air,No,No,9,Credit Card,Weekly,Adult,7,52.14,3301.56,0
2190,38,Male,Blouse,Clothing,94,Wisconsin,XL,Brown,Fall,4.0,No,Express,No,No,47,Credit Card,Bi-Weekly,Adult,14,26.07,6868.58,0
2191,42,Male,Belt,Accessories,75,Alaska,S,Maroon,Spring,4.6,No,Express,No,No,33,Credit Card,Annually,Adult,365,1.0,2550.0,0
2192,26,Male,Blouse,Clothing,69,Pennsylvania,S,Maroon,Summer,3.8,No,Next Day Air,No,No,46,Cash,Bi-Weekly,Young Adult,14,26.07,4972.83,0
2193,41,Male,Scarf,Accessories,35,Virginia,L,Yellow,Winter,3.2,No,Next Day Air,No,No,9,Credit Card,Monthly,Adult,30,12.17,740.95,0
2194,27,Male,Shirt,Clothing,78,California,L,Turquoise,Spring,5.0,No,Express,No,No,8,PayPal,Monthly,Young Adult,30,12.17,1573.26,0
2195,61,Male,Socks,Clothing,29,Kentucky,M,Silver,Summer,3.5,No,Standard,No,No,48,Bank Transfer,Quarterly,Senior,90,4.06,1509.74,0
2196,58,Male,Jeans,Clothing,62,New York,M,Brown,Fall,3.7,No,Next Day Air,No,No,2,Cash,Monthly,Senior,30,12.17,878.54,0
2197,25,Male,Dress,Clothing,58,Vermont,M,Gray,Spring,4.8,No,Next Day Air,No,No,31,PayPal,Weekly,Young Adult,7,52.14,4822.12,0
2198,33,Male,Boots,Footwear,88,Pennsylvania,M,Indigo,Summer,3.7,No,2-Day Shipping,No,No,40,Venmo,Monthly,Adult,30,12.17,4590.96,0
2199,57,Male,Scarf,Accessories,80,New York,L,Turquoise,Summer,3.5,No,Free Shipping,No,No,35,Venmo,Monthly,Middle-aged,30,12.17,3773.6,0
2200,39,Male,Scarf,Accessories,47,North Carolina,M,Maroon,Summer,4.9,No,Store Pickup,No,No,40,Debit Card,Monthly,Adult,30,12.17,2451.99,0
2201,60,Male,Gloves,Accessories,51,Wyoming,L,Charcoal,Summer,4.7,No,Next Day Air,No,No,27,Debit Card,Every 3 Months,Senior,90,4.06,1584.06,0
2202,39,Male,Pants,Clothing,25,Ohio,L,Peach,Spring,4.9,No,2-Day Shipping,No,No,10,Venmo,Annually,Adult,365,1.0,275.0,1
2203,42,Male,Dress,Clothing,36,Alabama,M,Red,Summer,4.3,No,Next Day Air,No,No,23,Credit Card,Weekly,Adult,7,52.14,2705.04,0
2204,53,Male,Dress,Clothing,79,Rhode Island,M,Indigo,Winter,3.1,No,Free Shipping,No,No,32,Cash,Quarterly,Middle-aged,90,4.06,2848.74,0
2205,20,Male,Jeans,Clothing,41,Oregon,S,Lavender,Winter,3.4,No,2-Day Shipping,No,No,6,Debit Card,Monthly,Young Adult,30,12.17,744.97,0
2206,46,Male,Sweater,Clothing,68,North Dakota,XL,Red,Fall,2.7,No,Express,No,No,27,PayPal,Weekly,Middle-aged,7,52.14,5381.52,0
2207,46,Male,Sandals,Footwear,51,Illinois,L,Green,Spring,2.6,No,Store Pickup,No,No,25,Bank Transfer,Fortnightly,Middle-aged,14,26.07,2604.57,0
2208,69,Male,Handbag,Accessories,38,New Mexico,M,Gray,Fall,2.9,No,Next Day Air,No,No,11,Credit Card,Annually,Senior,365,1.0,456.0,1
2209,28,Male,Scarf,Accessories,46,Colorado,XL,Violet,Summer,2.7,No,2-Day Shipping,No,No,23,PayPal,Monthly,Young Adult,30,12.17,1617.82,0
2210,42,Male,Sandals,Footwear,20,Utah,XL,Beige,Summer,4.5,No,2-Day Shipping,No,No,44,Bank Transfer,Quarterly,Adult,90,4.06,961.2,0
2211,30,Male,Sunglasses,Accessories,25,Virginia,M,Orange,Summer,3.1,No,Store Pickup,No,No,35,PayPal,Fortnightly,Young Adult,14,26.07,1526.75,0
2212,50,Male,Sweater,Clothing,89,Maine,L,Purple,Winter,3.2,No,Free Shipping,No,No,45,Debit Card,Every 3 Months,Middle-aged,90,4.06,4366.34,0
2213,59,Male,Pants,Clothing,77,Nebraska,M,Brown,Winter,3.3,No,Next Day Air,No,No,22,Bank Transfer,Quarterly,Senior,90,4.06,2006.62,1
2214,54,Male,Hat,Accessories,94,Hawaii,M,Maroon,Fall,2.9,No,Express,No,No,18,Debit Card,Quarterly,Middle-aged,90,4.06,2073.64,1
2215,50,Male,Belt,Accessories,100,Idaho,L,Gold,Fall,4.1,No,Standard,No,No,20,Debit Card,Weekly,Middle-aged,7,52.14,7214.0,0
2216,25,Male,Sandals,Footwear,96,West Virginia,M,Indigo,Winter,2.7,No,Express,No,No,28,Credit Card,Fortnightly,Young Adult,14,26.07,5190.72,0
2217,41,Male,Pants,Clothing,36,Vermont,XL,Silver,Winter,4.0,No,Store Pickup,No,No,15,Venmo,Bi-Weekly,Adult,14,26.07,1478.52,0
2218,35,Male,Jewelry,Accessories,27,Indiana,XL,Red,Fall,2.6,No,Store Pickup,No,No,42,Bank Transfer,Fortnightly,Adult,14,26.07,1837.89,0
2219,67,Male,Sunglasses,Accessories,67,Idaho,M,Magenta,Winter,3.5,No,Store Pickup,No,No,20,Debit Card,Quarterly,Senior,90,4.06,1612.02,1
2220,33,Male,Blouse,Clothing,91,Minnesota,S,Purple,Fall,2.8,No,Store Pickup,No,No,16,Bank Transfer,Fortnightly,Adult,14,26.07,3828.37,0
2221,19,Male,Belt,Accessories,62,Wyoming,XL,Beige,Fall,4.5,No,Store Pickup,No,No,47,Cash,Annually,Young Adult,365,1.0,2976.0,0
2222,25,Male,Shorts,Clothing,88,Kansas,XL,White,Fall,3.0,No,Free Shipping,No,No,34,Credit Card,Annually,Young Adult,365,1.0,3080.0,0
2223,32,Male,Pants,Clothing,66,Georgia,M,Teal,Summer,4.4,No,Store Pickup,No,No,30,Credit Card,Weekly,Adult,7,52.14,5421.24,0
2224,30,Male,Sandals,Footwear,65,Kansas,M,Gray,Fall,4.7,No,Next Day Air,No,No,5,PayPal,Quarterly,Young Adult,90,4.06,588.9,1
2225,18,Male,Gloves,Accessories,25,Nebraska,L,Charcoal,Winter,4.3,No,Standard,No,No,38,Cash,Quarterly,Young Adult,90,4.06,1051.5,0
2226,38,Male,Belt,Accessories,64,Washington,S,Olive,Spring,4.8,No,Free Shipping,No,No,18,Credit Card,Annually,Adult,365,1.0,1216.0,1
2227,22,Male,Shirt,Clothing,72,Missouri,L,Blue,Spring,4.8,No,Store Pickup,No,No,28,Cash,Annually,Young Adult,365,1.0,2088.0,0
2228,40,Male,Scarf,Accessories,74,Washington,S,Gray,Summer,4.4,No,Next Day Air,No,No,42,Credit Card,Fortnightly,Adult,14,26.07,5037.18,0
2229,54,Male,Gloves,Accessories,50,Kansas,M,Green,Fall,3.7,No,Free Shipping,No,No,5,Credit Card,Weekly,Middle-aged,7,52.14,2857.0,0
2230,70,Male,Pants,Clothing,97,Minnesota,M,Silver,Fall,3.9,No,Express,No,No,50,Venmo,Monthly,Senior,30,12.17,6030.49,0
2231,52,Male,Sneakers,Footwear,36,Colorado,S,Teal,Spring,3.8,No,Express,No,No,33,Venmo,Fortnightly,Middle-aged,14,26.07,2126.52,0
2232,34,Male,Jacket,Outerwear,49,Utah,M,Beige,Fall,4.1,No,Store Pickup,No,No,1,Credit Card,Weekly,Adult,7,52.14,2603.86,0
2233,65,Male,Shoes,Footwear,64,North Carolina,L,Lavender,Spring,4.0,No,Store Pickup,No,No,14,Cash,Fortnightly,Senior,14,26.07,2564.48,0
2234,38,Male,Blouse,Clothing,31,Florida,XL,Gray,Summer,4.5,No,Express,No,No,48,Credit Card,Monthly,Adult,30,12.17,1865.27,0
2235,35,Male,Boots,Footwear,66,New Hampshire,S,Yellow,Winter,4.0,No,Express,No,No,26,Cash,Weekly,Adult,7,52.14,5157.24,0
2236,40,Male,Socks,Clothing,82,Illinois,M,Gray,Spring,4.5,No,2-Day Shipping,No,No,44,Credit Card,Annually,Adult,365,1.0,3690.0,0
2237,23,Male,T-shirt,Clothing,88,Louisiana,M,Yellow,Winter,2.7,No,Standard,No,No,18,Debit Card,Fortnightly,Young Adult,14,26.07,3878.16,0
2238,45,Male,Sandals,Footwear,34,Alabama,S,Black,Summer,3.8,No,Next Day Air,No,No,31,Venmo,Every 3 Months,Middle-aged,90,4.06,1192.04,0
2239,40,Male,Sneakers,Footwear,84,Florida,L,Beige,Winter,3.8,No,Standard,No,No,18,Debit Card,Weekly,Adult,7,52.14,5891.76,0
2240,42,Male,Jewelry,Accessories,96,Alabama,L,Indigo,Summer,3.8,No,2-Day Shipping,No,No,41,Credit Card,Every 3 Months,Adult,90,4.06,4325.76,0
2241,57,Male,Sandals,Footwear,71,California,L,Green,Winter,4.3,No,Next Day Air,No,No,18,Debit Card,Every 3 Months,Middle-aged,90,4.06,1566.26,1
2242,18,Male,Jacket,Outerwear,77,Maryland,M,Purple,Summer,3.5,No,Free Shipping,No,No,3,Bank Transfer,Bi-Weekly,Young Adult,14,26.07,2238.39,0
2243,18,Male,Skirt,Clothing,66,Nevada,M,Orange,Spring,3.8,No,Next Day Air,No,No,5,Credit Card,Bi-Weekly,Young Adult,14,26.07,2050.62,0
2244,56,Male,Shirt,Clothing,21,Massachusetts,M,Teal,Winter,3.7,No,2-Day Shipping,No,No,13,Debit Card,Annually,Middle-aged,365,1.0,294.0,1
2245,35,Male,Shorts,Clothing,37,South Carolina,M,Gold,Summer,4.8,No,2-Day Shipping,No,No,22,PayPal,Annually,Adult,365,1.0,851.0,1
2246,49,Male,Socks,Clothing,90,Delaware,L,Gray,Fall,4.9,No,Free Shipping,No,No,45,PayPal,Fortnightly,Middle-aged,14,26.07,6396.3,0
2247,49,Male,Jacket,Outerwear,96,Hawaii,M,Cyan,Fall,4.3,No,Store Pickup,No,No,39,PayPal,Every 3 Months,Middle-aged,90,4.06,4133.76,0
2248,34,Male,Jewelry,Accessories,37,Florida,L,Teal,Summer,4.4,No,Next Day Air,No,No,18,Venmo,Annually,Adult,365,1.0,703.0,1
2249,63,Male,T-shirt,Clothing,66,Rhode Island,M,Violet,Winter,3.4,No,Free Shipping,No,No,19,PayPal,Fortnightly,Senior,14,26.07,2974.62,0
2250,42,Male,Gloves,Accessories,45,Wyoming,XL,Indigo,Spring,4.3,No,Next Day Air,No,No,29,Debit Card,Weekly,Adult,7,52.14,3651.3,0
2251,41,Male,Shoes,Footwear,89,Colorado,L,Pink,Summer,4.6,No,Store Pickup,No,No,19,Credit Card,Weekly,Adult,7,52.14,6331.46,0
2252,26,Male,Shoes,Footwear,94,Virginia,L,Gold,Fall,3.8,No,Free Shipping,No,No,22,Debit Card,Monthly,Young Adult,30,12.17,3211.98,0
2253,48,Male,Shoes,Footwear,96,Nebraska,S,Maroon,Summer,3.9,No,Express,No,No,21,Bank Transfer,Annually,Middle-aged,365,1.0,2112.0,1
2254,62,Male,Hoodie,Clothing,31,Oklahoma,M,Brown,Spring,2.6,No,Store Pickup,No,No,22,PayPal,Monthly,Senior,30,12.17,1059.27,0
2255,24,Male,Belt,Accessories,79,North Dakota,M,Gold,Winter,4.2,No,Store Pickup,No,No,44,PayPal,Every 3 Months,Young Adult,90,4.06,3796.74,0
2256,48,Male,Coat,Outerwear,39,Michigan,L,Teal,Spring,4.6,No,Store Pickup,No,No,42,Bank Transfer,Quarterly,Middle-aged,90,4.06,1796.34,0
2257,31,Male,Blouse,Clothing,22,California,M,Turquoise,Fall,5.0,No,Standard,No,No,33,Credit Card,Quarterly,Young Adult,90,4.06,815.32,0
2258,41,Male,Skirt,Clothing,32,Tennessee,L,Olive,Fall,4.2,No,Standard,No,No,6,Bank Transfer,Annually,Adult,365,1.0,224.0,1
2259,24,Male,T-shirt,Clothing,71,Ohio,L,Cyan,Winter,4.3,No,Store Pickup,No,No,44,Credit Card,Every 3 Months,Young Adult,90,4.06,3412.26,0
2260,60,Male,Jeans,Clothing,96,Florida,XL,Beige,Spring,3.3,No,Free Shipping,No,No,24,Cash,Annually,Senior,365,1.0,2400.0,1
2261,38,Male,Scarf,Accessories,82,Missouri,M,Blue,Fall,4.9,No,Express,No,No,16,PayPal,Quarterly,Adult,90,4.06,1644.92,1
2262,58,Male,Backpack,Accessories,76,South Carolina,L,Gold,Spring,4.4,No,Standard,No,No,12,Bank Transfer,Fortnightly,Senior,14,26.07,2893.32,0
2263,53,Male,Backpack,Accessories,22,Arizona,M,Green,Winter,3.1,No,2-Day Shipping,No,No,50,PayPal,Monthly,Middle-aged,30,12.17,1367.74,0
2264,44,Male,Scarf,Accessories,40,Indiana,XL,Green,Winter,3.5,No,Store Pickup,No,No,42,Cash,Quarterly,Adult,90,4.06,1842.4,0
2265,51,Male,Hat,Accessories,92,North Dakota,M,Turquoise,Summer,3.9,No,2-Day Shipping,No,No,50,PayPal,Monthly,Middle-aged,30,12.17,5719.64,0
2266,36,Male,Coat,Outerwear,94,Montana,XL,Yellow,Fall,3.9,No,Store Pickup,No,No,10,PayPal,Quarterly,Adult,90,4.06,1321.64,1
2267,20,Male,Dress,Clothing,44,Missouri,M,Yellow,Fall,4.3,No,Store Pickup,No,No,32,Debit Card,Weekly,Young Adult,7,52.14,3702.16,0
2268,32,Male,Gloves,Accessories,49,Kentucky,S,Blue,Spring,3.8,No,Express,No,No,37,Venmo,Weekly,Adult,7,52.14,4367.86,0
2269,66,Male,Sweater,Clothing,26,Georgia,L,Charcoal,Spring,2.7,No,2-Day Shipping,No,No,15,Bank Transfer,Monthly,Senior,30,12.17,706.42,0
2270,49,Male,Skirt,Clothing,38,Kentucky,M,Yellow,Fall,4.4,No,Store Pickup,No,No,27,Credit Card,Annually,Middle-aged,365,1.0,1064.0,0
2271,27,Male,Blouse,Clothing,72,Georgia,L,Purple,Spring,3.5,No,Express,No,No,7,Venmo,Weekly,Young Adult,7,52.14,4258.08,0
2272,29,Male,Dress,Clothing,99,Alaska,M,Green,Summer,3.4,No,Free Shipping,No,No,49,PayPal,Quarterly,Young Adult,90,4.06,5252.94,0
2273,29,Male,Jacket,Outerwear,38,Maine,L,Charcoal,Spring,4.0,No,Standard,No,No,44,PayPal,Monthly,Young Adult,30,12.17,2134.46,0
2274,55,Male,Coat,Outerwear,96,New Mexico,L,Silver,Winter,4.8,No,Express,No,No,13,PayPal,Bi-Weekly,Middle-aged,14,26.07,3750.72,0
2275,57,Male,Dress,Clothing,27,New York,L,Turquoise,Spring,4.5,No,Next Day Air,No,No,38,PayPal,Fortnightly,Middle-aged,14,26.07,1729.89,0
2276,29,Male,Shorts,Clothing,24,Oklahoma,M,Gray,Winter,4.4,No,Standard,No,No,10,Debit Card,Weekly,Young Adult,7,52.14,1491.36,0
2277,31,Male,Jeans,Clothing,82,Wyoming,L,Red,Summer,4.1,No,2-Day Shipping,No,No,25,Debit Card,Weekly,Young Adult,7,52.14,6325.48,0
2278,25,Male,Hat,Accessories,56,Alabama,M,Beige,Summer,4.6,No,Next Day Air,No,No,18,Credit Card,Quarterly,Young Adult,90,4.06,1235.36,1
2279,61,Male,Gloves,Accessories,25,Maryland,M,Maroon,Fall,3.8,No,Store Pickup,No,No,6,Cash,Every 3 Months,Senior,90,4.06,251.5,1
2280,53,Male,Sneakers,Footwear,67,West Virginia,L,Indigo,Spring,2.9,No,Free Shipping,No,No,35,Bank Transfer,Quarterly,Middle-aged,90,4.06,2617.02,0
2281,22,Male,Shoes,Footwear,21,Kentucky,M,Red,Summer,2.8,No,Standard,No,No,31,Credit Card,Fortnightly,Young Adult,14,26.07,1198.47,0
2282,28,Male,Hoodie,Clothing,27,Kansas,XL,Maroon,Summer,3.0,No,Store Pickup,No,No,41,Bank Transfer,Annually,Young Adult,365,1.0,1134.0,0
2283,18,Male,Sneakers,Footwear,97,Idaho,S,Red,Fall,4.2,No,2-Day Shipping,No,No,8,Credit Card,Annually,Young Adult,365,1.0,873.0,1
2284,44,Male,Handbag,Accessories,45,Ohio,S,Black,Winter,4.1,No,Free Shipping,No,No,34,Credit Card,Fortnightly,Adult,14,26.07,2703.15,0
2285,32,Male,Blouse,Clothing,63,Iowa,XL,Black,Fall,4.1,No,Express,No,No,20,Venmo,Annually,Adult,365,1.0,1323.0,1
2286,34,Male,Belt,Accessories,100,Michigan,L,Pink,Summer,4.6,No,2-Day Shipping,No,No,38,PayPal,Every 3 Months,Adult,90,4.06,4206.0,0
2287,67,Male,Socks,Clothing,38,South Dakota,L,Blue,Spring,2.5,No,Store Pickup,No,No,35,Venmo,Quarterly,Senior,90,4.06,1484.28,0
2288,66,Male,Blouse,Clothing,45,Nebraska,L,Green,Summer,3.0,No,Store Pickup,No,No,6,Debit Card,Annually,Senior,365,1.0,315.0,1
2289,28,Male,Jewelry,Accessories,91,California,M,Orange,Fall,3.8,No,Next Day Air,No,No,50,PayPal,Weekly,Young Adult,7,52.14,9294.74,0
2290,70,Male,Shorts,Clothing,82,Nevada,M,Orange,Fall,4.1,No,Free Shipping,No,No,47,Venmo,Weekly,Senior,7,52.14,8129.48,0
2291,37,Male,Boots,Footwear,48,Kansas,L,Magenta,Winter,3.3,No,Standard,No,No,23,PayPal,Quarterly,Adult,90,4.06,1298.88,1
2292,28,Male,Coat,Outerwear,30,Ohio,M,Indigo,Spring,5.0,No,2-Day Shipping,No,No,13,Credit Card,Quarterly,Young Adult,90,4.06,511.8,1
2293,43,Male,T-shirt,Clothing,34,Vermont,S,Beige,Spring,3.8,No,Next Day Air,No,No,31,Debit Card,Monthly,Adult,30,12.17,1467.78,0
2294,37,Male,Sweater,Clothing,68,Georgia,L,Green,Fall,3.3,No,Express,No,No,16,Debit Card,Every 3 Months,Adult,90,4.06,1364.08,1
2295,54,Male,Sunglasses,Accessories,95,Maryland,M,Red,Winter,5.0,No,Express,No,No,40,Debit Card,Annually,Middle-aged,365,1.0,3895.0,0
2296,50,Male,Hat,Accessories,22,Connecticut,L,Beige,Spring,2.9,No,2-Day Shipping,No,No,45,PayPal,Quarterly,Middle-aged,90,4.06,1079.32,0
2297,46,Male,Gloves,Accessories,88,Washington,M,Green,Fall,2.5,No,Next Day Air,No,No,50,Venmo,Every 3 Months,Middle-aged,90,4.06,4757.28,0
2298,60,Male,Socks,Clothing,83,California,M,Orange,Summer,4.7,No,Standard,No,No,1,Bank Transfer,Quarterly,Senior,90,4.06,419.98,1
2299,40,Male,Handbag,Accessories,87,Montana,L,Cyan,Spring,2.9,No,2-Day Shipping,No,No,10,Cash,Every 3 Months,Adult,90,4.06,1223.22,1
2300,64,Male,Coat,Outerwear,57,Idaho,M,Violet,Summer,3.7,No,Store Pickup,No,No,48,Credit Card,Every 3 Months,Senior,90,4.06,2967.42,0
2301,18,Male,Coat,Outerwear,88,Pennsylvania,XL,Lavender,Summer,4.4,No,2-Day Shipping,No,No,38,Credit Card,Monthly,Young Adult,30,12.17,4414.96,0
2302,37,Male,Pants,Clothing,20,Maine,L,Turquoise,Winter,2.9,No,Next Day Air,No,No,21,Debit Card,Annually,Adult,365,1.0,440.0,1
2303,36,Male,Belt,Accessories,39,Montana,L,Pink,Summer,3.6,No,Store Pickup,No,No,38,Venmo,Monthly,Adult,30,12.17,1956.63,0
2304,51,Male,Sunglasses,Accessories,71,New Jersey,S,Beige,Spring,4.8,No,2-Day Shipping,No,No,31,Credit Card,Fortnightly,Middle-aged,14,26.07,4051.97,0
2305,26,Male,Hoodie,Clothing,73,Louisiana,L,Silver,Winter,4.7,No,Free Shipping,No,No,9,Debit Card,Fortnightly,Young Adult,14,26.07,2560.11,0
2306,68,Male,Handbag,Accessories,63,Maine,M,Gold,Summer,2.6,No,Free Shipping,No,No,47,Cash,Weekly,Senior,7,52.14,6245.82,0
2307,27,Male,Gloves,Accessories,78,Florida,L,Silver,Winter,3.4,No,Standard,No,No,8,Cash,Bi-Weekly,Young Adult,14,26.07,2657.46,0
2308,28,Male,Skirt,Clothing,96,Missouri,L,Green,Fall,3.5,No,Next Day Air,No,No,30,Debit Card,Annually,Young Adult,365,1.0,2976.0,0
2309,49,Male,Sunglasses,Accessories,81,North Dakota,M,Teal,Winter,3.4,No,2-Day Shipping,No,No,22,Bank Transfer,Quarterly,Middle-aged,90,4.06,2110.86,1
2310,70,Male,Dress,Clothing,95,Connecticut,S,Gold,Fall,5.0,No,2-Day Shipping,No,No,3,Bank Transfer,Quarterly,Senior,90,4.06,670.7,1
2311,30,Male,Gloves,Accessories,68,Virginia,M,Cyan,Spring,4.6,No,Standard,No,No,15,PayPal,Monthly,Young Adult,30,12.17,1847.56,0
2312,27,Male,Sneakers,Footwear,28,Montana,L,Gold,Spring,4.8,No,2-Day Shipping,No,No,10,Bank Transfer,Every 3 Months,Young Adult,90,4.06,393.68,1
2313,19,Male,T-shirt,Clothing,30,Vermont,L,Violet,Summer,3.7,No,Free Shipping,No,No,19,Cash,Every 3 Months,Young Adult,90,4.06,691.8,1
2314,64,Male,Dress,Clothing,31,Georgia,M,Black,Summer,4.7,No,Next Day Air,No,No,36,Bank Transfer,Fortnightly,Senior,14,26.07,1924.17,0
2315,42,Male,Handbag,Accessories,95,Virginia,XL,Brown,Winter,4.4,No,Express,No,No,12,Bank Transfer,Every 3 Months,Adult,90,4.06,1525.7,1
2316,69,Male,Socks,Clothing,79,Vermont,M,Indigo,Winter,3.5,No,2-Day Shipping,No,No,49,Debit Card,Quarterly,Senior,90,4.06,4191.74,0
2317,28,Male,Sneakers,Footwear,39,Montana,L,Yellow,Winter,3.8,No,Standard,No,No,7,Debit Card,Annually,Young Adult,365,1.0,312.0,1
2318,47,Male,Jacket,Outerwear,34,New Jersey,M,Purple,Summer,4.7,No,Next Day Air,No,No,28,Bank Transfer,Monthly,Middle-aged,30,12.17,1365.78,0
2319,69,Male,Hoodie,Clothing,28,Wyoming,L,White,Spring,3.1,No,Store Pickup,No,No,30,Credit Card,Annually,Senior,365,1.0,868.0,0
2320,56,Male,Sandals,Footwear,38,Maine,XL,Turquoise,Winter,5.0,No,Free Shipping,No,No,29,PayPal,Monthly,Middle-aged,30,12.17,1564.46,0
2321,28,Male,Shoes,Footwear,55,New Mexico,M,Olive,Spring,3.7,No,Free Shipping,No,No,9,Debit Card,Every 3 Months,Young Adult,90,4.06,718.3,1
2322,50,Male,Sandals,Footwear,31,Colorado,M,Beige,Winter,3.0,No,Next Day Air,No,No,27,Debit Card,Fortnightly,Middle-aged,14,26.07,1645.17,0
2323,39,Male,Coat,Outerwear,84,Connecticut,S,Lavender,Spring,4.5,No,Store Pickup,No,No,21,Venmo,Fortnightly,Adult,14,26.07,3953.88,0
2324,35,Male,Gloves,Accessories,93,Maryland,L,White,Winter,4.7,No,Express,No,No,36,Credit Card,Monthly,Adult,30,12.17,4479.81,0
2325,59,Male,Coat,Outerwear,28,Oregon,L,Brown,Winter,3.5,No,Free Shipping,No,No,19,Debit Card,Annually,Senior,365,1.0,560.0,1
2326,44,Male,Boots,Footwear,55,New York,M,Charcoal,Summer,4.4,No,2-Day Shipping,No,No,47,Cash,Weekly,Adult,7,52.14,5452.7,0
2327,66,Male,Skirt,Clothing,63,Oklahoma,L,Maroon,Winter,2.6,No,Standard,No,No,38,Bank Transfer,Annually,Senior,365,1.0,2457.0,0
2328,20,Male,Skirt,Clothing,94,Alabama,M,Red,Winter,4.2,No,2-Day Shipping,No,No,22,Venmo,Bi-Weekly,Young Adult,14,26.07,4518.58,0
2329,45,Male,Pants,Clothing,36,North Dakota,M,Maroon,Fall,2.6,No,Express,No,No,29,Venmo,Bi-Weekly,Middle-aged,14,26.07,1982.52,0
2330,49,Male,Hat,Accessories,97,Nebraska,S,Teal,Spring,4.8,No,Free Shipping,No,No,42,Bank Transfer,Annually,Middle-aged,365,1.0,4171.0,0
2331,60,Male,Backpack,Accessories,63,Arizona,L,Orange,Summer,2.9,No,Store Pickup,No,No,47,PayPal,Every 3 Months,Senior,90,4.06,3216.78,0
2332,61,Male,Scarf,Accessories,77,Illinois,S,Olive,Spring,4.3,No,2-Day Shipping,No,No,10,Credit Card,Bi-Weekly,Senior,14,26.07,2777.39,0
2333,36,Male,Scarf,Accessories,53,South Carolina,XL,Olive,Fall,2.6,No,Store Pickup,No,No,10,Venmo,Monthly,Adult,30,12.17,1175.01,0
2334,33,Male,Shirt,Clothing,77,Kansas,M,Beige,Spring,3.8,No,Next Day Air,No,No,1,PayPal,Every 3 Months,Adult,90,4.06,389.62,1
2335,49,Male,Boots,Footwear,79,Kansas,L,Green,Summer,4.2,No,Standard,No,No,7,Credit Card,Monthly,Middle-aged,30,12.17,1514.43,0
2336,31,Male,Coat,Outerwear,37,Idaho,M,Black,Summer,3.9,No,Store Pickup,No,No,10,Venmo,Fortnightly,Young Adult,14,26.07,1334.59,0
2337,19,Male,Belt,Accessories,94,California,M,Green,Winter,3.1,No,Free Shipping,No,No,11,Credit Card,Weekly,Young Adult,7,52.14,5935.16,0
2338,39,Male,Boots,Footwear,76,North Dakota,S,Violet,Fall,3.6,No,Store Pickup,No,No,5,Cash,Annually,Adult,365,1.0,456.0,1
2339,66,Male,Sneakers,Footwear,68,Georgia,S,Silver,Fall,4.0,No,Express,No,No,21,PayPal,Quarterly,Senior,90,4.06,1704.08,1
2340,25,Male,Shirt,Clothing,65,Illinois,L,Maroon,Spring,3.4,No,Next Day Air,No,No,24,Bank Transfer,Quarterly,Young Adult,90,4.06,1823.9,1
2341,63,Male,Blouse,Clothing,24,Delaware,M,Cyan,Summer,2.6,No,Standard,No,No,37,Credit Card,Fortnightly,Senior,14,26.07,1513.68,0
2342,56,Male,Jacket,Outerwear,31,Connecticut,L,Teal,Summer,4.5,No,Express,No,No,22,Venmo,Every 3 Months,Middle-aged,90,4.06,807.86,1
2343,20,Male,Skirt,Clothing,89,Tennessee,M,Olive,Fall,4.9,No,Standard,No,No,16,Debit Card,Fortnightly,Young Adult,14,26.07,3744.23,0
2344,58,Male,Socks,Clothing,49,Maryland,M,Red,Summer,4.4,No,2-Day Shipping,No,No,44,PayPal,Monthly,Senior,30,12.17,2752.33,0
2345,34,Male,Sandals,Footwear,92,Rhode Island,XL,Lavender,Fall,3.5,No,Express,No,No,14,Venmo,Bi-Weekly,Adult,14,26.07,3686.44,0
2346,28,Male,T-shirt,Clothing,32,New York,S,Orange,Winter,3.3,No,Express,No,No,23,Bank Transfer,Every 3 Months,Young Adult,90,4.06,865.92,1
2347,22,Male,Jacket,Outerwear,67,New Mexico,L,Brown,Winter,3.1,No,Standard,No,No,46,Debit Card,Fortnightly,Young Adult,14,26.07,4828.69,0
2348,37,Male,Belt,Accessories,64,California,S,Gray,Fall,4.2,No,Express,No,No,46,Cash,Every 3 Months,Adult,90,4.06,3203.84,0
2349,54,Male,Shoes,Footwear,84,Maine,M,Orange,Spring,4.9,No,Next Day Air,No,No,16,PayPal,Every 3 Months,Middle-aged,90,4.06,1685.04,1
2350,65,Male,Blouse,Clothing,34,New York,M,Orange,Fall,3.9,No,Standard,No,No,40,Credit Card,Every 3 Months,Senior,90,4.06,1498.04,0
2351,57,Male,Shoes,Footwear,26,Hawaii,M,Turquoise,Winter,4.2,No,Free Shipping,No,No,21,Cash,Annually,Middle-aged,365,1.0,572.0,1
2352,38,Male,Sweater,Clothing,50,New Hampshire,S,Cyan,Fall,4.9,No,Store Pickup,No,No,25,PayPal,Bi-Weekly,Adult,14,26.07,2553.5,0
2353,70,Male,Boots,Footwear,46,Nebraska,M,Yellow,Fall,2.8,No,Store Pickup,No,No,25,Bank Transfer,Quarterly,Senior,90,4.06,1336.76,1
2354,56,Male,Handbag,Accessories,71,Montana,M,White,Fall,4.1,No,Standard,No,No,25,Debit Card,Every 3 Months,Middle-aged,90,4.06,2063.26,1
2355,56,Male,Blouse,Clothing,78,Wisconsin,M,Blue,Summer,4.8,No,Next Day Air,No,No,27,Venmo,Monthly,Middle-aged,30,12.17,3055.26,0
2356,22,Male,Skirt,Clothing,35,Tennessee,S,Purple,Winter,4.1,No,Next Day Air,No,No,12,Cash,Monthly,Young Adult,30,12.17,845.95,0
2357,57,Male,Backpack,Accessories,58,Montana,M,Gray,Summer,3.0,No,Free Shipping,No,No,27,Debit Card,Quarterly,Middle-aged,90,4.06,1801.48,0
2358,53,Male,Shirt,Clothing,67,Michigan,L,Cyan,Fall,4.2,No,2-Day Shipping,No,No,40,Credit Card,Bi-Weekly,Middle-aged,14,26.07,4426.69,0
2359,53,Male,Sweater,Clothing,93,Texas,L,Pink,Spring,3.8,No,Standard,No,No,38,Credit Card,Quarterly,Middle-aged,90,4.06,3911.58,0
2360,19,Male,Scarf,Accessories,81,Pennsylvania,S,Gold,Spring,3.3,No,2-Day Shipping,No,No,44,Bank Transfer,Every 3 Months,Young Adult,90,4.06,3892.86,0
2361,49,Male,Handbag,Accessories,80,New York,L,Silver,Fall,4.7,No,2-Day Shipping,No,No,27,Venmo,Every 3 Months,Middle-aged,90,4.06,2484.8,0
2362,44,Male,Scarf,Accessories,64,Alabama,M,Gray,Spring,4.3,No,2-Day Shipping,No,No,30,Credit Card,Every 3 Months,Adult,90,4.06,2179.84,0
2363,27,Male,Jeans,Clothing,41,Virginia,M,Brown,Fall,2.7,No,Standard,No,No,24,Credit Card,Monthly,Young Adult,30,12.17,1482.97,0
2364,60,Male,Socks,Clothing,79,Pennsylvania,XL,Pink,Winter,4.2,No,Express,No,No,38,Cash,Bi-Weekly,Senior,14,26.07,5061.53,0
2365,62,Male,Sunglasses,Accessories,60,Mississippi,L,Maroon,Winter,4.2,No,Free Shipping,No,No,4,PayPal,Quarterly,Senior,90,4.06,483.6,1
2366,52,Male,Sneakers,Footwear,91,Wyoming,S,Peach,Winter,2.5,No,Next Day Air,No,No,32,Venmo,Monthly,Middle-aged,30,12.17,4019.47,0
2367,30,Male,Shoes,Footwear,66,New Mexico,L,Brown,Winter,3.6,No,Express,No,No,32,Credit Card,Fortnightly,Young Adult,14,26.07,3832.62,0
2368,66,Male,Socks,Clothing,85,North Dakota,L,Green,Winter,3.4,No,Standard,No,No,28,Bank Transfer,Bi-Weekly,Senior,14,26.07,4595.95,0
2369,29,Male,Sunglasses,Accessories,38,New Jersey,M,Lavender,Summer,3.3,No,Standard,No,No,6,Debit Card,Every 3 Months,Young Adult,90,4.06,382.28,1
2370,24,Male,Sweater,Clothing,23,Vermont,M,Cyan,Winter,4.6,No,Standard,No,No,24,PayPal,Monthly,Young Adult,30,12.17,831.91,0
2371,51,Male,Shoes,Footwear,71,Alaska,M,Black,Spring,3.9,No,Store Pickup,No,No,38,Venmo,Weekly,Middle-aged,7,52.14,6399.94,0
2372,67,Male,Socks,Clothing,25,Indiana,M,Charcoal,Winter,3.7,No,Next Day Air,No,No,28,Debit Card,Annually,Senior,365,1.0,725.0,0
2373,50,Male,Boots,Footwear,39,Alabama,XL,Silver,Spring,3.1,No,Express,No,No,9,PayPal,Fortnightly,Middle-aged,14,26.07,1367.73,0
2374,37,Male,Hoodie,Clothing,20,Michigan,M,Gray,Spring,4.9,No,Express,No,No,21,Debit Card,Every 3 Months,Adult,90,4.06,501.2,1
2375,69,Male,Gloves,Accessories,73,Washington,L,Peach,Winter,4.7,No,Standard,No,No,31,Debit Card,Monthly,Senior,30,12.17,3151.41,0
2376,60,Male,Backpack,Accessories,63,Virginia,L,Peach,Fall,2.9,No,Next Day Air,No,No,18,Credit Card,Quarterly,Senior,90,4.06,1389.78,1
2377,21,Male,Gloves,Accessories,94,Tennessee,XL,Cyan,Spring,4.1,No,Express,No,No,5,Cash,Weekly,Young Adult,7,52.14,5371.16,0
2378,44,Male,Blouse,Clothing,94,South Dakota,L,Magenta,Fall,4.0,No,Next Day Air,No,No,22,Cash,Annually,Adult,365,1.0,2162.0,1
2379,26,Male,Scarf,Accessories,71,New Hampshire,L,Teal,Summer,2.7,No,Store Pickup,No,No,37,PayPal,Bi-Weekly,Young Adult,14,26.07,4477.97,0
2380,40,Male,Hat,Accessories,77,South Dakota,M,Peach,Spring,4.0,No,2-Day Shipping,No,No,22,Debit Card,Monthly,Adult,30,12.17,2631.09,0
2381,41,Male,Scarf,Accessories,66,Pennsylvania,M,Black,Fall,2.5,No,Next Day Air,No,No,36,PayPal,Fortnightly,Adult,14,26.07,4096.62,0
2382,62,Male,Sandals,Footwear,23,Wisconsin,M,Teal,Summer,4.5,No,Free Shipping,No,No,23,PayPal,Annually,Senior,365,1.0,552.0,1
2383,39,Male,Sweater,Clothing,60,California,M,Turquoise,Spring,3.9,No,Express,No,No,44,Debit Card,Weekly,Adult,7,52.14,5768.4,0
2384,53,Male,Backpack,Accessories,72,Rhode Island,L,Gold,Spring,4.9,No,2-Day Shipping,No,No,25,Bank Transfer,Annually,Middle-aged,365,1.0,1872.0,1
2385,24,Male,Blouse,Clothing,35,Alabama,L,Green,Winter,3.3,No,2-Day Shipping,No,No,40,PayPal,Quarterly,Young Adult,90,4.06,1542.1,0
2386,41,Male,Scarf,Accessories,31,Oklahoma,M,Brown,Fall,3.8,No,Express,No,No,12,PayPal,Weekly,Adult,7,52.14,1988.34,0
2387,19,Male,Socks,Clothing,33,Illinois,L,Blue,Summer,2.9,No,Standard,No,No,14,Venmo,Monthly,Young Adult,30,12.17,863.61,0
2388,36,Male,Hat,Accessories,95,Tennessee,M,Gold,Summer,4.0,No,2-Day Shipping,No,No,14,Debit Card,Monthly,Adult,30,12.17,2486.15,0
2389,21,Male,Dress,Clothing,68,Alabama,M,Peach,Fall,4.1,No,Store Pickup,No,No,10,Debit Card,Annually,Young Adult,365,1.0,748.0,1
2390,25,Male,Coat,Outerwear,87,Kansas,M,Violet,Spring,3.1,No,Store Pickup,No,No,17,Bank Transfer,Every 3 Months,Young Adult,90,4.06,1832.22,1
2391,65,Male,Shirt,Clothing,64,Arizona,XL,Yellow,Winter,4.6,No,Express,No,No,24,Debit Card,Fortnightly,Senior,14,26.07,3204.48,0
2392,42,Male,Shirt,Clothing,74,Michigan,M,Black,Winter,4.6,No,Next Day Air,No,No,31,Bank Transfer,Quarterly,Adult,90,4.06,2594.44,0
2393,40,Male,Jeans,Clothing,62,Missouri,L,Silver,Spring,2.6,No,2-Day Shipping,No,No,36,Cash,Annually,Adult,365,1.0,2294.0,0
2394,58,Male,Socks,Clothing,97,Louisiana,M,Brown,Winter,5.0,No,2-Day Shipping,No,No,38,PayPal,Every 3 Months,Senior,90,4.06,4079.82,0
2395,40,Male,Sandals,Footwear,47,Connecticut,L,Peach,Fall,2.9,No,2-Day Shipping,No,No,23,Debit Card,Fortnightly,Adult,14,26.07,2306.29,0
2396,62,Male,Blouse,Clothing,83,Connecticut,M,Cyan,Winter,3.5,No,2-Day Shipping,No,No,47,PayPal,Bi-Weekly,Senior,14,26.07,6064.81,0
2397,38,Male,Shirt,Clothing,82,Oregon,M,Olive,Spring,3.7,No,2-Day Shipping,No,No,20,Venmo,Weekly,Adult,7,52.14,5915.48,0
2398,37,Male,Sunglasses,Accessories,26,West Virginia,L,Black,Fall,2.9,No,Store Pickup,No,No,41,Venmo,Monthly,Adult,30,12.17,1382.42,0
2399,65,Male,Jacket,Outerwear,81,Florida,M,Orange,Winter,4.3,No,Free Shipping,No,No,44,Bank Transfer,Fortnightly,Senior,14,26.07,5675.67,0
2400,55,Male,Dress,Clothing,44,New Hampshire,L,Beige,Spring,3.2,No,Store Pickup,No,No,31,Cash,Monthly,Middle-aged,30,12.17,1899.48,0
2401,43,Male,Sunglasses,Accessories,88,Oregon,M,Peach,Winter,4.2,No,Next Day Air,No,No,11,Credit Card,Bi-Weekly,Adult,14,26.07,3262.16,0
2402,43,Male,Boots,Footwear,76,Oregon,M,Pink,Winter,4.2,No,Standard,No,No,25,PayPal,Bi-Weekly,Adult,14,26.07,3881.32,0
2403,45,Male,Scarf,Accessories,89,Utah,M,Brown,Winter,3.8,No,Free Shipping,No,No,31,Cash,Weekly,Middle-aged,7,52.14,7399.46,0
2404,64,Male,Shorts,Clothing,22,Missouri,M,Magenta,Fall,4.4,No,Standard,No,No,40,Debit Card,Weekly,Senior,7,52.14,2027.08,0
2405,28,Male,Shorts,Clothing,33,West Virginia,L,Cyan,Winter,3.1,No,2-Day Shipping,No,No,23,Credit Card,Bi-Weekly,Young Adult,14,26.07,1619.31,0
2406,69,Male,Jeans,Clothing,97,California,XL,Silver,Fall,5.0,No,Standard,No,No,5,Debit Card,Quarterly,Senior,90,4.06,878.82,1
2407,54,Male,Scarf,Accessories,57,California,M,Indigo,Winter,4.7,No,Standard,No,No,26,PayPal,Weekly,Middle-aged,7,52.14,4453.98,0
2408,52,Male,Shorts,Clothing,38,Illinois,M,Beige,Summer,3.0,No,Express,No,No,11,Credit Card,Bi-Weekly,Middle-aged,14,26.07,1408.66,0
2409,23,Male,Sneakers,Footwear,55,Hawaii,XL,Black,Fall,4.2,No,Next Day Air,No,No,44,Debit Card,Every 3 Months,Young Adult,90,4.06,2643.3,0
2410,26,Male,Jewelry,Accessories,37,Washington,L,Yellow,Spring,3.0,No,Store Pickup,No,No,47,Cash,Every 3 Months,Young Adult,90,4.06,1889.22,0
2411,48,Male,Shoes,Footwear,43,Wisconsin,M,Maroon,Summer,3.7,No,Free Shipping,No,No,46,PayPal,Monthly,Middle-aged,30,12.17,2501.31,0
2412,49,Male,Hoodie,Clothing,96,Virginia,M,Cyan,Summer,2.7,No,Free Shipping,No,No,35,Cash,Every 3 Months,Middle-aged,90,4.06,3749.76,0
2413,53,Male,Jacket,Outerwear,51,Oregon,M,Pink,Winter,4.3,No,2-Day Shipping,No,No,8,Bank Transfer,Bi-Weekly,Middle-aged,14,26.07,1737.57,0
2414,69,Male,Shorts,Clothing,95,Pennsylvania,XL,Violet,Fall,2.7,No,2-Day Shipping,No,No,30,Bank Transfer,Weekly,Senior,7,52.14,7803.3,0
2415,26,Male,Socks,Clothing,26,Virginia,M,Lavender,Summer,3.7,No,Next Day Air,No,No,14,Credit Card,Bi-Weekly,Young Adult,14,26.07,1041.82,0
2416,21,Male,Coat,Outerwear,34,Hawaii,XL,Lavender,Fall,4.3,No,Standard,No,No,30,Bank Transfer,Weekly,Young Adult,7,52.14,2792.76,0
2417,59,Male,Sandals,Footwear,83,Nebraska,S,Black,Summer,4.0,No,Next Day Air,No,No,26,Credit Card,Every 3 Months,Senior,90,4.06,2494.98,0
2418,21,Male,Backpack,Accessories,24,Alaska,M,Olive,Fall,3.3,No,Standard,No,No,32,Venmo,Fortnightly,Young Adult,14,26.07,1393.68,0
2419,22,Male,Pants,Clothing,69,Michigan,S,Indigo,Fall,4.0,No,Next Day Air,No,No,47,Cash,Every 3 Months,Young Adult,90,4.06,3523.14,0
2420,26,Male,Sweater,Clothing,40,North Carolina,M,Blue,Fall,2.7,No,Next Day Air,No,No,11,Credit Card,Every 3 Months,Young Adult,90,4.06,602.4,1
2421,41,Male,Jacket,Outerwear,87,North Carolina,S,Green,Winter,4.2,No,Free Shipping,No,No,28,PayPal,Annually,Adult,365,1.0,2523.0,0
2422,37,Male,Sneakers,Footwear,46,Minnesota,L,Pink,Spring,4.6,No,Standard,No,No,2,Debit Card,Every 3 Months,Adult,90,4.06,278.76,1
2423,30,Male,Jewelry,Accessories,82,Georgia,M,Peach,Winter,4.8,No,Store Pickup,No,No,45,Credit Card,Weekly,Young Adult,7,52.14,7965.48,0
2424,49,Male,Backpack,Accessories,81,West Virginia,M,Purple,Summer,2.8,No,Free Shipping,No,No,7,Credit Card,Every 3 Months,Middle-aged,90,4.06,895.86,1
2425,49,Male,Jewelry,Accessories,57,Delaware,M,Peach,Winter,4.5,No,Next Day Air,No,No,28,Bank Transfer,Bi-Weekly,Middle-aged,14,26.07,3081.99,0
2426,58,Male,Shoes,Footwear,49,North Dakota,S,Olive,Summer,3.0,No,2-Day Shipping,No,No,34,Bank Transfer,Quarterly,Senior,90,4.06,1864.94,0
2427,70,Male,Jacket,Outerwear,42,Florida,M,Olive,Fall,4.6,No,Free Shipping,No,No,26,Debit Card,Every 3 Months,Senior,90,4.06,1262.52,0
2428,27,Male,Jacket,Outerwear,26,Oregon,M,Purple,Spring,3.3,No,Standard,No,No,45,Cash,Quarterly,Young Adult,90,4.06,1275.56,0
2429,65,Male,T-shirt,Clothing,38,Idaho,M,Violet,Spring,4.4,No,Next Day Air,No,No,34,Debit Card,Annually,Senior,365,1.0,1330.0,0
2430,57,Male,Sneakers,Footwear,57,Virginia,XL,Maroon,Summer,4.4,No,Standard,No,No,47,Credit Card,Fortnightly,Middle-aged,14,26.07,4164.99,0
2431,20,Male,Jacket,Outerwear,100,North Dakota,XL,White,Summer,4.3,No,Express,No,No,42,Cash,Quarterly,Young Adult,90,4.06,4606.0,0
2432,34,Male,Hoodie,Clothing,73,Alabama,S,Olive,Fall,3.4,No,Express,No,No,27,Bank Transfer,Every 3 Months,Adult,90,4.06,2267.38,0
2433,59,Male,Jacket,Outerwear,66,Hawaii,M,Peach,Winter,2.8,No,Store Pickup,No,No,43,Venmo,Monthly,Senior,30,12.17,3641.22,0
2434,54,Male,T-shirt,Clothing,73,Oregon,M,Blue,Spring,3.4,No,Standard,No,No,16,Cash,Bi-Weekly,Middle-aged,14,26.07,3071.11,0
2435,36,Male,Gloves,Accessories,45,Utah,M,Brown,Spring,5.0,No,Store Pickup,No,No,40,Credit Card,Monthly,Adult,30,12.17,2347.65,0
2436,21,Male,Sneakers,Footwear,27,Hawaii,S,Black,Fall,4.5,No,Free Shipping,No,No,29,Cash,Bi-Weekly,Young Adult,14,26.07,1486.89,0
2437,52,Male,T-shirt,Clothing,24,Connecticut,M,Yellow,Fall,2.7,No,Store Pickup,No,No,38,Credit Card,Quarterly,Middle-aged,90,4.06,1009.44,0
2438,43,Male,Sneakers,Footwear,59,Wyoming,XL,Magenta,Winter,3.4,No,Store Pickup,No,No,34,Credit Card,Weekly,Adult,7,52.14,5082.26,0
2439,32,Male,Jeans,Clothing,20,Delaware,S,Cyan,Winter,3.4,No,Express,No,No,30,Venmo,Weekly,Adult,7,52.14,1642.8,0
2440,55,Male,Handbag,Accessories,44,Arkansas,M,Maroon,Summer,2.8,No,Standard,No,No,45,Bank Transfer,Annually,Middle-aged,365,1.0,2024.0,0
2441,31,Male,Socks,Clothing,90,Indiana,M,Red,Spring,4.7,No,Standard,No,No,47,Bank Transfer,Annually,Young Adult,365,1.0,4320.0,0
2442,45,Male,Jewelry,Accessories,36,California,M,Black,Fall,4.7,No,Free Shipping,No,No,5,Credit Card,Monthly,Middle-aged,30,12.17,618.12,0
2443,53,Male,Blouse,Clothing,95,Wyoming,L,Violet,Winter,4.7,No,Free Shipping,No,No,50,Debit Card,Bi-Weekly,Middle-aged,14,26.07,7226.65,0
2444,24,Male,Backpack,Accessories,30,South Dakota,M,Green,Spring,3.4,No,2-Day Shipping,No,No,24,Bank Transfer,Bi-Weekly,Young Adult,14,26.07,1502.1,0
2445,47,Male,Scarf,Accessories,65,West Virginia,S,Gold,Fall,3.7,No,Express,No,No,15,Debit Card,Bi-Weekly,Middle-aged,14,26.07,2669.55,0
2446,63,Male,Scarf,Accessories,96,Tennessee,M,Brown,Summer,4.1,No,Store Pickup,No,No,50,Cash,Weekly,Senior,7,52.14,9805.44,0
2447,38,Male,Shirt,Clothing,65,Alaska,L,Peach,Spring,2.9,No,2-Day Shipping,No,No,7,Credit Card,Monthly,Adult,30,12.17,1246.05,0
2448,59,Male,Pants,Clothing,47,South Dakota,L,Peach,Fall,3.2,No,Store Pickup,No,No,10,Venmo,Fortnightly,Senior,14,26.07,1695.29,0
2449,54,Male,Hat,Accessories,25,Tennessee,S,Violet,Fall,3.0,No,Free Shipping,No,No,38,PayPal,Bi-Weekly,Middle-aged,14,26.07,1601.75,0
2450,26,Male,Coat,Outerwear,56,Alabama,S,Violet,Fall,4.1,No,Express,No,No,31,Venmo,Fortnightly,Young Adult,14,26.07,3195.92,0
2451,68,Male,T-shirt,Clothing,76,North Carolina,M,Magenta,Fall,4.5,No,Standard,No,No,7,Venmo,Quarterly,Senior,90,4.06,840.56,1
2452,41,Male,Socks,Clothing,60,Oklahoma,M,Purple,Fall,3.4,No,Store Pickup,No,No,27,Venmo,Monthly,Adult,30,12.17,2350.2,0
2453,68,Male,Shirt,Clothing,67,New York,L,Purple,Winter,4.1,No,Express,No,No,45,Bank Transfer,Every 3 Months,Senior,90,4.06,3287.02,0
2454,21,Male,Sweater,Clothing,95,Iowa,XL,Cyan,Spring,4.6,No,Store Pickup,No,No,13,Cash,Annually,Young Adult,365,1.0,1330.0,1
2455,32,Male,Gloves,Accessories,72,Alaska,M,Magenta,Winter,4.6,No,Express,No,No,33,Venmo,Annually,Adult,365,1.0,2448.0,0
2456,20,Male,Belt,Accessories,98,Alaska,L,Lavender,Spring,3.4,No,Express,No,No,25,Cash,Every 3 Months,Young Adult,90,4.06,2847.88,1
2457,59,Male,Jeans,Clothing,83,Nebraska,M,Green,Winter,3.3,No,2-Day Shipping,No,No,5,PayPal,Monthly,Senior,30,12.17,1425.11,0
2458,53,Male,Handbag,Accessories,37,Delaware,M,Maroon,Fall,3.6,No,2-Day Shipping,No,No,23,Cash,Quarterly,Middle-aged,90,4.06,1001.22,1
2459,66,Male,T-shirt,Clothing,85,Texas,L,Turquoise,Fall,4.6,No,Free Shipping,No,No,17,Bank Transfer,Weekly,Senior,7,52.14,5876.9,0
2460,47,Male,Socks,Clothing,36,Missouri,L,Violet,Fall,4.3,No,2-Day Shipping,No,No,14,Cash,Weekly,Middle-aged,7,52.14,2381.04,0
2461,58,Male,Jeans,Clothing,36,Maine,S,Lavender,Winter,4.0,No,Store Pickup,No,No,28,Credit Card,Annually,Senior,365,1.0,1044.0,0
2462,28,Male,Scarf,Accessories,86,Pennsylvania,L,Red,Summer,4.8,No,Next Day Air,No,No,19,Credit Card,Weekly,Young Adult,7,52.14,6118.04,0
2463,68,Male,Pants,Clothing,99,Missouri,XL,Orange,Spring,4.3,No,Standard,No,No,31,Bank Transfer,Bi-Weekly,Senior,14,26.07,5649.93,0
2464,60,Male,Blouse,Clothing,21,Mississippi,XL,Indigo,Summer,3.3,No,Standard,No,No,25,Cash,Bi-Weekly,Senior,14,26.07,1072.47,0
2465,47,Male,Jacket,Outerwear,84,Hawaii,L,Teal,Winter,2.8,No,Express,No,No,4,Cash,Bi-Weekly,Middle-aged,14,26.07,2525.88,0
2466,18,Male,Sandals,Footwear,63,Texas,M,Brown,Spring,4.4,No,Free Shipping,No,No,20,Bank Transfer,Weekly,Young Adult,7,52.14,4544.82,0
2467,32,Male,Shorts,Clothing,84,South Dakota,S,Pink,Summer,3.7,No,Express,No,No,37,Cash,Annually,Adult,365,1.0,3192.0,0
2468,27,Male,Shorts,Clothing,72,New Jersey,M,Lavender,Spring,3.6,No,Express,No,No,28,Credit Card,Annually,Young Adult,365,1.0,2088.0,0
2469,65,Male,Skirt,Clothing,21,Connecticut,L,Cyan,Winter,3.7,No,2-Day Shipping,No,No,6,Venmo,Weekly,Senior,7,52.14,1220.94,0
2470,68,Male,Sandals,Footwear,92,Maryland,M,Yellow,Fall,5.0,No,Standard,No,No,27,PayPal,Annually,Senior,365,1.0,2576.0,0
2471,55,Male,Blouse,Clothing,72,Arizona,XL,Pink,Fall,2.7,No,Next Day Air,No,No,29,Credit Card,Fortnightly,Middle-aged,14,26.07,3965.04,0
2472,30,Male,Sandals,Footwear,83,Oklahoma,M,Gray,Spring,4.3,No,Store Pickup,No,No,1,Cash,Annually,Young Adult,365,1.0,166.0,1
2473,24,Male,Shirt,Clothing,73,Utah,M,Peach,Summer,4.1,No,Standard,No,No,31,Credit Card,Annually,Young Adult,365,1.0,2336.0,0
2474,57,Male,Socks,Clothing,98,Arkansas,M,Red,Winter,2.6,No,Next Day Air,No,No,28,Cash,Quarterly,Middle-aged,90,4.06,3141.88,0
2475,23,Male,T-shirt,Clothing,76,North Carolina,M,Olive,Fall,3.2,No,Store Pickup,No,No,19,Bank Transfer,Quarterly,Young Adult,90,4.06,1752.56,1
2476,69,Male,Dress,Clothing,43,California,S,Lavender,Summer,3.5,No,Next Day Air,No,No,36,Venmo,Monthly,Senior,30,12.17,2071.31,0
2477,60,Male,Hat,Accessories,60,Colorado,M,Turquoise,Summer,3.7,No,Next Day Air,No,No,28,Cash,Monthly,Senior,30,12.17,2410.2,0
2478,25,Male,Gloves,Accessories,40,California,L,Turquoise,Spring,3.8,No,2-Day Shipping,No,No,29,PayPal,Weekly,Young Adult,7,52.14,3245.6,0
2479,18,Male,Socks,Clothing,93,Vermont,S,Maroon,Winter,4.8,No,2-Day Shipping,No,No,9,Bank Transfer,Every 3 Months,Young Adult,90,4.06,1214.58,1
2480,37,Male,Dress,Clothing,98,Kansas,S,Olive,Fall,4.2,No,Standard,No,No,26,Credit Card,Every 3 Months,Adult,90,4.06,2945.88,0
2481,61,Male,Socks,Clothing,91,Ohio,XL,Maroon,Summer,2.9,No,Next Day Air,No,No,7,Credit Card,Fortnightly,Senior,14,26.07,3009.37,0
2482,41,Male,Belt,Accessories,92,New Jersey,XL,Cyan,Fall,2.9,No,Free Shipping,No,No,35,Debit Card,Weekly,Adult,7,52.14,8016.88,0
2483,69,Male,Handbag,Accessories,87,Arizona,S,Peach,Winter,4.8,No,Next Day Air,No,No,46,Credit Card,Every 3 Months,Senior,90,4.06,4355.22,0
2484,32,Male,Skirt,Clothing,96,Arizona,S,Teal,Fall,2.9,No,Standard,No,No,8,Debit Card,Monthly,Adult,30,12.17,1936.32,0
2485,60,Male,Hoodie,Clothing,97,New Hampshire,M,Green,Summer,4.8,No,2-Day Shipping,No,No,50,Cash,Every 3 Months,Senior,90,4.06,5243.82,0
2486,43,Male,Blouse,Clothing,55,Louisiana,M,Beige,Spring,4.6,No,2-Day Shipping,No,No,37,Bank Transfer,Annually,Adult,365,1.0,2090.0,0
2487,61,Male,Jeans,Clothing,58,Texas,L,Magenta,Spring,4.4,No,Store Pickup,No,No,6,Credit Card,Fortnightly,Senior,14,26.07,1860.06,0
2488,57,Male,Boots,Footwear,21,Montana,L,Violet,Spring,3.0,No,Next Day Air,No,No,16,PayPal,Bi-Weekly,Middle-aged,14,26.07,883.47,0
2489,56,Male,Handbag,Accessories,82,New Hampshire,XL,Charcoal,Summer,4.4,No,Express,No,No,30,PayPal,Monthly,Middle-aged,30,12.17,3457.94,0
2490,66,Male,Coat,Outerwear,34,South Dakota,M,Green,Winter,3.9,No,Express,No,No,50,Venmo,Quarterly,Senior,90,4.06,1838.04,0
2491,52,Male,Blouse,Clothing,78,Montana,M,Gray,Spring,4.0,No,Free Shipping,No,No,5,Cash,Every 3 Months,Middle-aged,90,4.06,706.68,1
2492,63,Male,Handbag,Accessories,47,North Carolina,M,Magenta,Spring,2.5,No,Express,No,No,15,Bank Transfer,Monthly,Senior,30,12.17,1276.99,0
2493,50,Male,Sunglasses,Accessories,96,South Dakota,S,Silver,Summer,4.1,No,Next Day Air,No,No,34,Bank Transfer,Bi-Weekly,Middle-aged,14,26.07,5766.72,0
2494,21,Male,Socks,Clothing,23,Maine,S,Beige,Fall,4.8,No,2-Day Shipping,No,No,6,Venmo,Every 3 Months,Young Adult,90,4.06,231.38,1
2495,42,Male,Shoes,Footwear,27,Oklahoma,S,Peach,Winter,2.6,No,Store Pickup,No,No,26,Debit Card,Annually,Adult,365,1.0,729.0,0
2496,40,Male,Backpack,Accessories,37,Nebraska,XL,Orange,Spring,3.1,No,Free Shipping,No,No,34,Credit Card,Every 3 Months,Adult,90,4.06,1408.22,0
2497,67,Male,Scarf,Accessories,79,Illinois,S,Yellow,Summer,3.2,No,Store Pickup,No,No,37,Credit Card,Weekly,Senior,7,52.14,7042.06,0
2498,35,Male,Backpack,Accessories,40,Colorado,M,Violet,Summer,4.2,No,Standard,No,No,28,Bank Transfer,Annually,Adult,365,1.0,1160.0,0
2499,18,Male,Coat,Outerwear,39,Massachusetts,S,Green,Fall,2.6,No,Next Day Air,No,No,38,Cash,Fortnightly,Young Adult,14,26.07,2498.73,0
2500,52,Male,Hoodie,Clothing,73,Louisiana,L,Pink,Summer,3.1,No,Next Day Air,No,No,2,Cash,Quarterly,Middle-aged,90,4.06,442.38,1
2501,59,Male,Gloves,Accessories,84,Massachusetts,M,Violet,Fall,2.9,No,Store Pickup,No,No,32,Cash,Bi-Weekly,Senior,14,26.07,4877.88,0
2502,49,Male,Shorts,Clothing,94,West Virginia,M,Violet,Fall,4.6,No,Free Shipping,No,No,30,Venmo,Bi-Weekly,Middle-aged,14,26.07,5270.58,0
2503,46,Male,Skirt,Clothing,47,Idaho,L,Pink,Spring,4.1,No,Standard,No,No,17,PayPal,Every 3 Months,Middle-aged,90,4.06,989.82,1
2504,69,Male,Boots,Footwear,77,Ohio,M,Violet,Summer,2.5,No,Store Pickup,No,No,5,Debit Card,Bi-Weekly,Senior,14,26.07,2392.39,0
2505,56,Male,Shorts,Clothing,94,Rhode Island,M,Turquoise,Winter,4.0,No,Store Pickup,No,No,31,Cash,Bi-Weekly,Middle-aged,14,26.07,5364.58,0
2506,27,Male,Handbag,Accessories,75,Illinois,M,Cyan,Summer,3.5,No,Express,No,No,43,PayPal,Quarterly,Young Adult,90,4.06,3529.5,0
2507,57,Male,Dress,Clothing,82,New York,XL,Orange,Spring,4.4,No,Free Shipping,No,No,19,Venmo,Annually,Middle-aged,365,1.0,1640.0,1
2508,58,Male,Shoes,Footwear,36,Louisiana,M,Cyan,Fall,2.9,No,Store Pickup,No,No,32,Credit Card,Every 3 Months,Senior,90,4.06,1298.16,0
2509,23,Male,Sneakers,Footwear,90,California,XL,Indigo,Spring,3.1,No,2-Day Shipping,No,No,5,Debit Card,Bi-Weekly,Young Adult,14,26.07,2796.3,0
2510,19,Male,Socks,Clothing,48,Washington,M,Black,Spring,4.4,No,Free Shipping,No,No,9,Bank Transfer,Quarterly,Young Adult,90,4.06,626.88,1
2511,40,Male,Jacket,Outerwear,42,South Dakota,L,Purple,Winter,4.4,No,Standard,No,No,48,Credit Card,Weekly,Adult,7,52.14,4205.88,0
2512,54,Male,Backpack,Accessories,33,Idaho,M,Cyan,Summer,2.7,No,Store Pickup,No,No,1,PayPal,Quarterly,Middle-aged,90,4.06,166.98,1
2513,50,Male,Socks,Clothing,63,North Dakota,M,Green,Summer,4.9,No,Free Shipping,No,No,20,Credit Card,Monthly,Middle-aged,30,12.17,2026.71,0
2514,69,Male,Handbag,Accessories,53,Washington,L,Teal,Winter,3.5,No,2-Day Shipping,No,No,42,Cash,Annually,Senior,365,1.0,2279.0,0
2515,42,Male,Hat,Accessories,37,Alaska,L,Teal,Spring,4.8,No,Free Shipping,No,No,45,PayPal,Bi-Weekly,Adult,14,26.07,2629.59,0
2516,37,Male,Blouse,Clothing,92,Kansas,M,Magenta,Summer,4.2,No,2-Day Shipping,No,No,41,Cash,Monthly,Adult,30,12.17,4891.64,0
2517,46,Male,Shorts,Clothing,73,Utah,XL,Brown,Spring,4.6,No,Standard,No,No,36,Debit Card,Quarterly,Middle-aged,90,4.06,2924.38,0
2518,64,Male,Shirt,Clothing,38,Wyoming,L,Orange,Spring,2.9,No,Standard,No,No,10,Venmo,Annually,Senior,365,1.0,418.0,1
2519,20,Male,Boots,Footwear,51,Maine,XL,Blue,Fall,4.0,No,Store Pickup,No,No,31,Venmo,Annually,Young Adult,365,1.0,1632.0,0
2520,40,Male,Jacket,Outerwear,90,Michigan,L,Magenta,Spring,4.9,No,Standard,No,No,21,Credit Card,Quarterly,Adult,90,4.06,2255.4,1
2521,64,Male,Jacket,Outerwear,56,Illinois,L,Magenta,Summer,3.1,No,Next Day Air,No,No,16,Cash,Every 3 Months,Senior,90,4.06,1123.36,1
2522,29,Male,Handbag,Accessories,33,Minnesota,M,Magenta,Fall,4.4,No,Standard,No,No,18,PayPal,Every 3 Months,Young Adult,90,4.06,727.98,1
2523,20,Male,Belt,Accessories,53,Massachusetts,S,Olive,Winter,2.5,No,2-Day Shipping,No,No,20,Debit Card,Weekly,Young Adult,7,52.14,3823.42,0
2524,43,Male,Handbag,Accessories,24,New Jersey,S,Cyan,Spring,3.4,No,Express,No,No,21,Bank Transfer,Annually,Adult,365,1.0,528.0,1
2525,60,Male,Coat,Outerwear,59,Kansas,M,Purple,Spring,3.7,No,Express,No,No,23,Credit Card,Quarterly,Senior,90,4.06,1596.54,1
2526,39,Male,Sweater,Clothing,72,Kentucky,M,Purple,Winter,4.2,No,Standard,No,No,20,PayPal,Weekly,Adult,7,52.14,5194.08,0
2527,47,Male,Shorts,Clothing,28,Rhode Island,S,Peach,Spring,3.4,No,Express,No,No,30,PayPal,Bi-Weekly,Middle-aged,14,26.07,1569.96,0
2528,19,Male,Pants,Clothing,36,Illinois,M,Gold,Fall,3.6,No,Express,No,No,33,Bank Transfer,Every 3 Months,Young Adult,90,4.06,1334.16,0
2529,52,Male,Jewelry,Accessories,47,Alabama,S,Peach,Fall,4.7,No,2-Day Shipping,No,No,31,Debit Card,Monthly,Middle-aged,30,12.17,2028.99,0
2530,34,Male,Gloves,Accessories,62,Tennessee,M,Magenta,Spring,4.7,No,Next Day Air,No,No,48,Bank Transfer,Monthly,Adult,30,12.17,3730.54,0
2531,25,Male,Skirt,Clothing,98,Massachusetts,S,Cyan,Spring,3.6,No,Free Shipping,No,No,28,Debit Card,Weekly,Young Adult,7,52.14,7853.72,0
2532,43,Male,Sandals,Footwear,28,Texas,M,Violet,Summer,4.6,No,Free Shipping,No,No,7,Cash,Every 3 Months,Adult,90,4.06,309.68,1
2533,55,Male,Socks,Clothing,86,Nebraska,S,Charcoal,Summer,2.6,No,Next Day Air,No,No,4,Debit Card,Weekly,Middle-aged,7,52.14,4828.04,0
2534,66,Male,Jewelry,Accessories,46,Pennsylvania,S,Blue,Summer,3.1,No,Standard,No,No,49,Cash,Bi-Weekly,Senior,14,26.07,3453.22,0
2535,41,Male,Sunglasses,Accessories,42,Virginia,XL,Red,Fall,3.2,No,Free Shipping,No,No,22,Cash,Weekly,Adult,7,52.14,3113.88,0
2536,47,Male,Coat,Outerwear,80,Vermont,S,Purple,Winter,3.9,No,Express,No,No,39,Bank Transfer,Fortnightly,Middle-aged,14,26.07,5205.6,0
2537,51,Male,Belt,Accessories,39,Oklahoma,L,Gray,Spring,4.9,No,Express,No,No,45,PayPal,Every 3 Months,Middle-aged,90,4.06,1913.34,0
2538,44,Male,Coat,Outerwear,49,Maine,M,Purple,Summer,4.1,No,2-Day Shipping,No,No,30,PayPal,Fortnightly,Adult,14,26.07,2747.43,0
2539,18,Male,Scarf,Accessories,32,New Jersey,M,Silver,Summer,4.2,No,Next Day Air,No,No,33,Credit Card,Bi-Weekly,Young Adult,14,26.07,1890.24,0
2540,33,Male,Sandals,Footwear,73,Massachusetts,M,Purple,Fall,4.1,No,Next Day Air,No,No,24,Cash,Bi-Weekly,Adult,14,26.07,3655.11,0
2541,24,Male,Belt,Accessories,42,New Jersey,M,Charcoal,Summer,3.9,No,Free Shipping,No,No,11,Debit Card,Quarterly,Young Adult,90,4.06,632.52,1
2542,33,Male,Scarf,Accessories,58,Washington,M,Silver,Spring,2.7,No,Next Day Air,No,No,13,Venmo,Every 3 Months,Adult,90,4.06,989.48,1
2543,61,Male,Jewelry,Accessories,22,Arkansas,M,White,Winter,3.7,No,Express,No,No,27,PayPal,Annually,Senior,365,1.0,616.0,0
2544,27,Male,Scarf,Accessories,56,West Virginia,L,Peach,Spring,2.7,No,Next Day Air,No,No,30,PayPal,Bi-Weekly,Young Adult,14,26.07,3139.92,0
2545,46,Male,Pants,Clothing,70,Delaware,M,Red,Spring,2.5,No,Next Day Air,No,No,39,Venmo,Quarterly,Middle-aged,90,4.06,3014.2,0
2546,38,Male,Shoes,Footwear,50,Texas,L,Olive,Spring,3.9,No,Free Shipping,No,No,10,Debit Card,Annually,Adult,365,1.0,550.0,1
2547,63,Male,Boots,Footwear,21,Texas,L,Gray,Summer,3.0,No,Express,No,No,4,Credit Card,Quarterly,Senior,90,4.06,169.26,1
2548,47,Male,Jacket,Outerwear,97,Mississippi,M,Beige,Summer,3.2,No,2-Day Shipping,No,No,16,Cash,Weekly,Middle-aged,7,52.14,6609.58,0
2549,42,Male,Backpack,Accessories,63,Texas,L,Pink,Winter,3.8,No,Standard,No,No,34,Credit Card,Monthly,Adult,30,12.17,2908.71,0
2550,41,Male,Jacket,Outerwear,60,Virginia,M,Red,Fall,2.7,No,Standard,No,No,11,Debit Card,Every 3 Months,Adult,90,4.06,903.6,1
2551,53,Male,Boots,Footwear,52,New Hampshire,XL,Peach,Fall,3.0,No,Store Pickup,No,No,30,Debit Card,Fortnightly,Middle-aged,14,26.07,2915.64,0
2552,29,Male,Shoes,Footwear,32,Minnesota,M,Maroon,Winter,4.1,No,Next Day Air,No,No,40,Debit Card,Annually,Young Adult,365,1.0,1312.0,0
2553,61,Male,Belt,Accessories,48,Maryland,XL,Purple,Spring,3.2,No,2-Day Shipping,No,No,13,Credit Card,Annually,Senior,365,1.0,672.0,1
2554,69,Male,Jewelry,Accessories,25,Vermont,M,Maroon,Summer,4.5,No,Store Pickup,No,No,28,Venmo,Every 3 Months,Senior,90,4.06,801.5,0
2555,51,Male,Jewelry,Accessories,68,Kansas,M,Gray,Summer,4.3,No,Store Pickup,No,No,49,Debit Card,Bi-Weekly,Middle-aged,14,26.07,5104.76,0
2556,24,Male,Pants,Clothing,74,Idaho,M,Gray,Fall,3.5,No,Standard,No,No,23,Credit Card,Weekly,Young Adult,7,52.14,5560.36,0
2557,24,Male,T-shirt,Clothing,88,Montana,XL,Magenta,Fall,3.1,No,Standard,No,No,4,Bank Transfer,Quarterly,Young Adult,90,4.06,709.28,1
2558,70,Male,Shorts,Clothing,23,Oklahoma,L,Cyan,Spring,3.9,No,Standard,No,No,17,PayPal,Fortnightly,Senior,14,26.07,990.61,0
2559,49,Male,Hoodie,Clothing,32,California,M,Silver,Fall,2.7,No,Express,No,No,24,PayPal,Fortnightly,Middle-aged,14,26.07,1602.24,0
2560,48,Male,Belt,Accessories,71,Mississippi,S,Green,Winter,4.0,No,Free Shipping,No,No,21,Debit Card,Every 3 Months,Middle-aged,90,4.06,1779.26,1
2561,58,Male,Boots,Footwear,62,California,M,Violet,Spring,2.7,No,Next Day Air,No,No,17,Debit Card,Bi-Weekly,Senior,14,26.07,2670.34,0
2562,32,Male,Hoodie,Clothing,20,New York,L,Magenta,Spring,2.7,No,Free Shipping,No,No,22,Debit Card,Quarterly,Adult,90,4.06,521.2,1
2563,57,Male,Shorts,Clothing,62,Arizona,XL,Yellow,Spring,4.7,No,Standard,No,No,27,Cash,Fortnightly,Middle-aged,14,26.07,3290.34,0
2564,69,Male,Backpack,Accessories,81,Massachusetts,XL,Gray,Winter,4.5,No,Standard,No,No,1,Venmo,Every 3 Months,Senior,90,4.06,409.86,1
2565,42,Male,Scarf,Accessories,90,Kentucky,L,Indigo,Winter,3.0,No,2-Day Shipping,No,No,27,Bank Transfer,Weekly,Adult,7,52.14,7122.6,0
2566,30,Male,Socks,Clothing,43,Vermont,S,Indigo,Fall,3.6,No,Store Pickup,No,No,8,Venmo,Quarterly,Young Adult,90,4.06,518.58,1
2567,35,Male,Handbag,Accessories,38,Missouri,S,Yellow,Fall,3.3,No,Standard,No,No,43,PayPal,Quarterly,Adult,90,4.06,1788.28,0
2568,19,Male,Sunglasses,Accessories,25,Michigan,XL,Gold,Spring,4.3,No,Store Pickup,No,No,24,Cash,Fortnightly,Young Adult,14,26.07,1251.75,0
2569,52,Male,T-shirt,Clothing,98,Texas,XL,Green,Winter,4.3,No,Express,No,No,29,PayPal,Fortnightly,Middle-aged,14,26.07,5396.86,0
2570,42,Male,Dress,Clothing,75,New York,M,Charcoal,Spring,4.8,No,Free Shipping,No,No,10,Bank Transfer,Bi-Weekly,Adult,14,26.07,2705.25,0
2571,36,Male,Sneakers,Footwear,27,New Mexico,XL,Olive,Spring,4.0,No,Store Pickup,No,No,12,PayPal,Fortnightly,Adult,14,26.07,1027.89,0
2572,45,Male,Sunglasses,Accessories,27,Mississippi,L,Black,Winter,3.5,No,Standard,No,No,48,Cash,Fortnightly,Middle-aged,14,26.07,1999.89,0
2573,54,Male,Blouse,Clothing,42,Washington,M,Silver,Fall,3.9,No,Next Day Air,No,No,40,Bank Transfer,Quarterly,Middle-aged,90,4.06,1850.52,0
2574,54,Male,T-shirt,Clothing,90,New Mexico,M,Red,Summer,4.4,No,Store Pickup,No,No,1,Bank Transfer,Annually,Middle-aged,365,1.0,180.0,1
2575,27,Male,Hat,Accessories,63,Florida,M,Brown,Summer,4.6,No,2-Day Shipping,No,No,26,Credit Card,Fortnightly,Young Adult,14,26.07,3280.41,0
2576,53,Male,Shorts,Clothing,96,Minnesota,M,Silver,Fall,4.0,No,Express,No,No,9,PayPal,Annually,Middle-aged,365,1.0,960.0,1
2577,20,Male,Hoodie,Clothing,40,New Hampshire,M,Silver,Winter,4.2,No,Free Shipping,No,No,19,Debit Card,Quarterly,Young Adult,90,4.06,922.4,1
2578,52,Male,Socks,Clothing,39,Minnesota,L,Black,Fall,4.5,No,Next Day Air,No,No,37,Bank Transfer,Monthly,Middle-aged,30,12.17,1917.63,0
2579,54,Male,Sunglasses,Accessories,48,Vermont,M,Purple,Fall,3.9,No,Free Shipping,No,No,3,Cash,Quarterly,Middle-aged,90,4.06,338.88,1
2580,65,Male,Blouse,Clothing,20,Minnesota,M,Purple,Summer,3.7,No,Express,No,No,40,Venmo,Weekly,Senior,7,52.14,1842.8,0
2581,43,Male,Jeans,Clothing,29,Massachusetts,S,Turquoise,Summer,3.6,No,Store Pickup,No,No,13,Bank Transfer,Quarterly,Adult,90,4.06,494.74,1
2582,57,Male,Dress,Clothing,81,Wyoming,M,Gold,Winter,4.7,No,Express,No,No,48,Credit Card,Monthly,Middle-aged,30,12.17,4873.77,0
2583,19,Male,Dress,Clothing,98,South Dakota,S,Indigo,Fall,3.6,No,2-Day Shipping,No,No,4,Venmo,Every 3 Months,Young Adult,90,4.06,789.88,1
2584,69,Male,Jeans,Clothing,93,Oklahoma,M,Lavender,Fall,2.5,No,Next Day Air,No,No,9,Cash,Weekly,Senior,7,52.14,5686.02,0
2585,26,Male,Socks,Clothing,30,Florida,L,Blue,Summer,2.9,No,Store Pickup,No,No,26,Bank Transfer,Bi-Weekly,Young Adult,14,26.07,1562.1,0
2586,57,Male,Sunglasses,Accessories,37,Wisconsin,L,Maroon,Fall,4.4,No,Free Shipping,No,No,19,Debit Card,Weekly,Middle-aged,7,52.14,2632.18,0
2587,20,Male,Coat,Outerwear,28,Maine,L,Yellow,Winter,4.6,No,Express,No,No,1,Credit Card,Every 3 Months,Young Adult,90,4.06,141.68,1
2588,55,Male,Scarf,Accessories,29,Connecticut,M,Purple,Winter,3.7,No,Express,No,No,29,PayPal,Every 3 Months,Middle-aged,90,4.06,958.74,0
2589,44,Male,Backpack,Accessories,49,Delaware,M,Peach,Summer,3.2,No,Free Shipping,No,No,38,Venmo,Bi-Weekly,Adult,14,26.07,3139.43,0
2590,52,Male,Pants,Clothing,53,North Dakota,M,Silver,Winter,4.9,No,2-Day Shipping,No,No,31,PayPal,Annually,Middle-aged,365,1.0,1696.0,0
2591,57,Male,Gloves,Accessories,66,California,M,Turquoise,Summer,5.0,No,Free Shipping,No,No,35,Venmo,Annually,Middle-aged,365,1.0,2376.0,0
2592,40,Male,Jacket,Outerwear,61,New Mexico,S,Olive,Spring,3.3,No,Express,No,No,40,Cash,Quarterly,Adult,90,4.06,2687.66,0
2593,23,Male,Shorts,Clothing,23,Iowa,XL,Peach,Summer,4.4,No,Store Pickup,No,No,13,Venmo,Quarterly,Young Adult,90,4.06,392.38,1
2594,36,Male,Pants,Clothing,36,Colorado,S,Indigo,Fall,4.7,No,Store Pickup,No,No,9,Bank Transfer,Every 3 Months,Adult,90,4.06,470.16,1
2595,59,Male,Skirt,Clothing,81,Montana,L,Indigo,Fall,3.6,No,Free Shipping,No,No,25,Cash,Every 3 Months,Senior,90,4.06,2353.86,1
2596,29,Male,Blouse,Clothing,56,Iowa,XL,Maroon,Summer,3.2,No,Free Shipping,No,No,3,Bank Transfer,Bi-Weekly,Young Adult,14,26.07,1627.92,0
2597,63,Male,Shirt,Clothing,78,Louisiana,L,Black,Spring,3.0,No,Next Day Air,No,No,35,Credit Card,Monthly,Senior,30,12.17,3679.26,0
2598,60,Male,Jewelry,Accessories,25,Alabama,XL,Teal,Summer,4.4,No,Store Pickup,No,No,13,Venmo,Bi-Weekly,Senior,14,26.07,976.75,0
2599,64,Male,Backpack,Accessories,86,Nevada,XL,Olive,Fall,3.3,No,Express,No,No,31,Debit Card,Annually,Senior,365,1.0,2752.0,0
2600,63,Male,Jewelry,Accessories,99,Vermont,M,Gold,Winter,3.4,No,Express,No,No,48,Credit Card,Monthly,Senior,30,12.17,5956.83,0
2601,21,Male,Belt,Accessories,83,New York,M,Gray,Fall,3.9,No,Express,No,No,6,Bank Transfer,Bi-Weekly,Young Adult,14,26.07,2661.81,0
2602,61,Male,Dress,Clothing,33,Mississippi,L,Orange,Winter,2.9,No,Store Pickup,No,No,43,Cash,Monthly,Senior,30,12.17,1820.61,0
2603,65,Male,Coat,Outerwear,44,South Carolina,M,Black,Fall,2.9,No,Free Shipping,No,No,1,Venmo,Quarterly,Senior,90,4.06,222.64,1
2604,69,Male,Dress,Clothing,58,Washington,M,Teal,Spring,2.7,No,2-Day Shipping,No,No,8,Cash,Annually,Senior,365,1.0,522.0,1
2605,47,Male,Sweater,Clothing,54,Colorado,M,Beige,Spring,3.4,No,Store Pickup,No,No,6,Debit Card,Weekly,Middle-aged,7,52.14,3139.56,0
2606,41,Male,Hoodie,Clothing,93,Nevada,M,White,Spring,3.7,No,2-Day Shipping,No,No,32,Venmo,Fortnightly,Adult,14,26.07,5400.51,0
2607,68,Male,Shoes,Footwear,98,Nevada,L,Turquoise,Spring,4.7,No,Standard,No,No,46,Bank Transfer,Bi-Weekly,Senior,14,26.07,7062.86,0
2608,41,Male,Shoes,Footwear,36,Oklahoma,XL,Teal,Spring,3.1,No,Express,No,No,38,PayPal,Every 3 Months,Adult,90,4.06,1514.16,0
2609,42,Male,Jacket,Outerwear,68,Mississippi,L,Orange,Fall,4.2,No,2-Day Shipping,No,No,48,Credit Card,Fortnightly,Adult,14,26.07,5036.76,0
2610,66,Male,Backpack,Accessories,95,Arkansas,M,Black,Summer,3.0,No,Store Pickup,No,No,18,Debit Card,Bi-Weekly,Senior,14,26.07,4186.65,0
2611,66,Male,Jeans,Clothing,93,West Virginia,M,Violet,Spring,3.1,No,Express,No,No,25,Cash,Quarterly,Senior,90,4.06,2702.58,1
2612,33,Male,Jacket,Outerwear,99,Michigan,L,Maroon,Fall,4.2,No,2-Day Shipping,No,No,4,Cash,Fortnightly,Adult,14,26.07,2976.93,0
2613,55,Male,Sunglasses,Accessories,22,Louisiana,M,Turquoise,Winter,3.8,No,Next Day Air,No,No,27,Venmo,Quarterly,Middle-aged,90,4.06,683.32,0
2614,58,Male,Gloves,Accessories,88,South Dakota,M,Gold,Fall,2.9,No,Express,No,No,14,Bank Transfer,Monthly,Senior,30,12.17,2302.96,0
2615,18,Male,Jacket,Outerwear,65,North Dakota,M,Turquoise,Spring,4.2,No,Express,No,No,36,Bank Transfer,Fortnightly,Young Adult,14,26.07,4034.55,0
2616,49,Male,T-shirt,Clothing,62,Arizona,M,Maroon,Fall,3.1,No,2-Day Shipping,No,No,6,Debit Card,Quarterly,Middle-aged,90,4.06,623.72,1
2617,61,Male,Sandals,Footwear,55,Georgia,XL,Purple,Spring,3.6,No,Express,No,No,46,Cash,Annually,Senior,365,1.0,2585.0,0
2618,31,Male,Shorts,Clothing,97,Idaho,S,Maroon,Spring,4.8,No,Standard,No,No,29,Bank Transfer,Annually,Young Adult,365,1.0,2910.0,0
2619,70,Male,Handbag,Accessories,77,Louisiana,L,Brown,Fall,4.1,No,Express,No,No,12,Venmo,Monthly,Senior,30,12.17,1861.09,0
2620,68,Male,Pants,Clothing,40,Connecticut,L,Indigo,Winter,3.9,No,Free Shipping,No,No,47,Credit Card,Weekly,Senior,7,52.14,3965.6,0
2621,27,Male,Blouse,Clothing,23,Ohio,S,Lavender,Winter,3.0,No,Standard,No,No,28,Debit Card,Annually,Young Adult,365,1.0,667.0,0
2622,48,Male,Shoes,Footwear,46,Maine,M,Beige,Winter,3.0,No,Express,No,No,21,Bank Transfer,Annually,Middle-aged,365,1.0,1012.0,1
2623,63,Male,Backpack,Accessories,75,New Hampshire,M,Yellow,Spring,4.9,No,2-Day Shipping,No,No,15,Credit Card,Annually,Senior,365,1.0,1200.0,1
2624,49,Male,Shoes,Footwear,76,Massachusetts,M,Gold,Fall,4.8,No,Next Day Air,No,No,38,Cash,Annually,Middle-aged,365,1.0,2964.0,0
2625,19,Male,Dress,Clothing,59,South Dakota,M,Indigo,Summer,3.3,No,Standard,No,No,19,Credit Card,Annually,Young Adult,365,1.0,1180.0,1
2626,30,Male,Skirt,Clothing,51,Colorado,L,Cyan,Summer,2.7,No,Standard,No,No,31,Credit Card,Weekly,Young Adult,7,52.14,4240.14,0
2627,50,Male,Jacket,Outerwear,46,Rhode Island,XL,Silver,Fall,4.2,No,Express,No,No,30,Credit Card,Every 3 Months,Middle-aged,90,4.06,1566.76,0
2628,66,Male,Shirt,Clothing,26,Missouri,L,Silver,Fall,3.6,No,Next Day Air,No,No,40,Bank Transfer,Quarterly,Senior,90,4.06,1145.56,0
2629,25,Male,Hoodie,Clothing,51,Wyoming,M,Silver,Summer,3.8,No,Next Day Air,No,No,42,Credit Card,Bi-Weekly,Young Adult,14,26.07,3471.57,0
2630,61,Male,Scarf,Accessories,44,New Hampshire,M,Peach,Winter,3.8,No,Free Shipping,No,No,25,Venmo,Annually,Senior,365,1.0,1144.0,1
2631,29,Male,Skirt,Clothing,82,Maine,S,Pink,Spring,4.2,No,Free Shipping,No,No,20,Cash,Quarterly,Young Adult,90,4.06,1972.92,1
2632,53,Male,Skirt,Clothing,44,Connecticut,S,Violet,Summer,2.7,No,Express,No,No,3,Cash,Weekly,Middle-aged,7,52.14,2426.16,0
2633,24,Male,Scarf,Accessories,27,Alaska,M,Black,Fall,5.0,No,Next Day Air,No,No,14,Cash,Annually,Young Adult,365,1.0,405.0,1
2634,51,Male,Sunglasses,Accessories,90,Alaska,M,Purple,Fall,4.7,No,Next Day Air,No,No,32,Credit Card,Fortnightly,Middle-aged,14,26.07,5226.3,0
2635,26,Male,Sandals,Footwear,58,North Carolina,S,Black,Summer,3.2,No,Store Pickup,No,No,20,PayPal,Every 3 Months,Young Adult,90,4.06,1395.48,1
2636,59,Male,Hoodie,Clothing,80,Colorado,XL,Peach,Spring,2.9,No,2-Day Shipping,No,No,34,PayPal,Fortnightly,Senior,14,26.07,4805.6,0
2637,41,Male,Jacket,Outerwear,40,Utah,S,Magenta,Winter,4.2,No,Store Pickup,No,No,6,Venmo,Annually,Adult,365,1.0,280.0,1
2638,20,Male,Pants,Clothing,23,Alabama,M,Magenta,Spring,3.7,No,Store Pickup,No,No,2,PayPal,Annually,Young Adult,365,1.0,69.0,1
2639,22,Male,Shirt,Clothing,34,Hawaii,S,Black,Spring,4.2,No,Store Pickup,No,No,35,Credit Card,Annually,Young Adult,365,1.0,1224.0,0
2640,18,Male,Blouse,Clothing,35,New Hampshire,XL,Pink,Winter,2.6,No,Free Shipping,No,No,33,Debit Card,Quarterly,Young Adult,90,4.06,1297.1,0
2641,30,Male,Skirt,Clothing,75,Indiana,L,Olive,Summer,4.0,No,Store Pickup,No,No,45,Venmo,Bi-Weekly,Young Adult,14,26.07,5330.25,0
2642,25,Male,Sunglasses,Accessories,60,Vermont,XL,Olive,Winter,2.7,No,Next Day Air,No,No,20,Bank Transfer,Every 3 Months,Young Adult,90,4.06,1443.6,1
2643,39,Male,Belt,Accessories,87,Iowa,L,Peach,Summer,4.0,No,Store Pickup,No,No,48,Bank Transfer,Annually,Adult,365,1.0,4263.0,0
2644,49,Male,Gloves,Accessories,41,Maryland,S,Silver,Spring,2.9,No,Next Day Air,No,No,37,Cash,Monthly,Middle-aged,30,12.17,2015.97,0
2645,25,Male,Pants,Clothing,83,New Mexico,M,Turquoise,Spring,3.3,No,Standard,No,No,4,Bank Transfer,Every 3 Months,Young Adult,90,4.06,668.98,1
2646,23,Male,Scarf,Accessories,81,Louisiana,L,Olive,Spring,4.0,No,Store Pickup,No,No,24,Bank Transfer,Bi-Weekly,Young Adult,14,26.07,4055.67,0
2647,33,Male,T-shirt,Clothing,56,New Mexico,S,Lavender,Summer,3.9,No,Next Day Air,No,No,4,Debit Card,Every 3 Months,Adult,90,4.06,451.36,1
2648,60,Male,Shoes,Footwear,58,South Carolina,M,Red,Summer,3.3,No,2-Day Shipping,No,No,25,Debit Card,Annually,Senior,365,1.0,1508.0,1
2649,51,Male,Pants,Clothing,84,Illinois,M,Gray,Spring,3.9,No,Next Day Air,No,No,14,PayPal,Bi-Weekly,Middle-aged,14,26.07,3365.88,0
2650,23,Male,Gloves,Accessories,21,Minnesota,M,Magenta,Fall,3.9,No,Store Pickup,No,No,14,Bank Transfer,Fortnightly,Young Adult,14,26.07,841.47,0
2651,20,Male,Socks,Clothing,35,Oregon,L,Maroon,Summer,4.2,No,Standard,No,No,46,Credit Card,Every 3 Months,Young Adult,90,4.06,1752.1,0
2652,51,Male,Sneakers,Footwear,43,Tennessee,M,Cyan,Summer,4.6,No,Store Pickup,No,No,27,PayPal,Quarterly,Middle-aged,90,4.06,1335.58,0
2653,23,Female,Shorts,Clothing,20,Maryland,L,Cyan,Summer,3.3,No,2-Day Shipping,No,No,46,Credit Card,Monthly,Young Adult,30,12.17,1163.4,0
2654,67,Female,Blouse,Clothing,36,Wisconsin,L,Lavender,Fall,4.8,No,Express,No,No,24,Venmo,Every 3 Months,Senior,90,4.06,1010.16,1
2655,23,Female,Coat,Outerwear,70,Idaho,S,Pink,Fall,4.1,No,Next Day Air,No,No,4,PayPal,Annually,Young Adult,365,1.0,350.0,1
2656,26,Female,Sunglasses,Accessories,83,Wyoming,M,Gray,Summer,3.4,No,Standard,No,No,2,Credit Card,Fortnightly,Young Adult,14,26.07,2329.81,0
2657,52,Female,Shorts,Clothing,76,Indiana,L,Yellow,Winter,3.6,No,Express,No,No,29,Bank Transfer,Fortnightly,Middle-aged,14,26.07,4185.32,0
2658,52,Female,Dress,Clothing,81,Texas,M,Pink,Summer,2.7,No,Express,No,No,7,Credit Card,Fortnightly,Middle-aged,14,26.07,2678.67,0
2659,52,Female,Handbag,Accessories,47,Ohio,XL,Indigo,Summer,3.2,No,Next Day Air,No,No,39,PayPal,Monthly,Middle-aged,30,12.17,2404.99,0
2660,35,Female,Boots,Footwear,35,Kansas,L,Gray,Summer,4.4,No,2-Day Shipping,No,No,46,Credit Card,Fortnightly,Adult,14,26.07,2522.45,0
2661,24,Female,Pants,Clothing,85,South Carolina,L,Yellow,Spring,4.9,No,Express,No,No,44,Venmo,Annually,Young Adult,365,1.0,3825.0,0
2662,43,Female,Boots,Footwear,96,Michigan,XL,Olive,Fall,4.8,No,Express,No,No,20,Bank Transfer,Annually,Adult,365,1.0,2016.0,1
2663,25,Female,Skirt,Clothing,98,Nebraska,M,Cyan,Summer,2.8,No,2-Day Shipping,No,No,44,PayPal,Fortnightly,Young Adult,14,26.07,6866.86,0
2664,46,Female,Sneakers,Footwear,52,Wisconsin,L,Silver,Fall,2.9,No,Free Shipping,No,No,23,Bank Transfer,Annually,Middle-aged,365,1.0,1248.0,1
2665,22,Female,Jewelry,Accessories,84,Illinois,L,Silver,Winter,3.2,No,Store Pickup,No,No,37,PayPal,Weekly,Young Adult,7,52.14,7487.76,0
2666,70,Female,T-shirt,Clothing,71,Louisiana,L,Red,Winter,3.5,No,Store Pickup,No,No,4,Venmo,Weekly,Senior,7,52.14,3985.94,0
2667,49,Female,Sandals,Footwear,95,Ohio,S,Brown,Winter,4.1,No,Store Pickup,No,No,14,Venmo,Fortnightly,Middle-aged,14,26.07,3806.65,0
2668,48,Female,Boots,Footwear,47,Maryland,M,Orange,Summer,4.1,No,Free Shipping,No,No,31,Cash,Fortnightly,Middle-aged,14,26.07,2682.29,0
2669,59,Female,Coat,Outerwear,75,Texas,M,Black,Summer,4.8,No,Next Day Air,No,No,9,PayPal,Quarterly,Senior,90,4.06,979.5,1
2670,39,Female,Belt,Accessories,28,Illinois,L,Teal,Spring,2.8,No,Free Shipping,No,No,31,Credit Card,Weekly,Adult,7,52.14,2327.92,0
2671,30,Female,Sunglasses,Accessories,44,Pennsylvania,M,Yellow,Fall,4.7,No,Express,No,No,26,Bank Transfer,Bi-Weekly,Young Adult,14,26.07,2291.08,0
2672,37,Female,Sandals,Footwear,64,Alabama,XL,Gray,Winter,4.8,No,2-Day Shipping,No,No,41,PayPal,Every 3 Months,Adult,90,4.06,2883.84,0
2673,56,Female,Boots,Footwear,28,West Virginia,M,Maroon,Spring,2.9,No,Standard,No,No,13,Cash,Annually,Middle-aged,365,1.0,392.0,1
2674,67,Female,Hoodie,Clothing,21,Nevada,M,Olive,Summer,2.6,No,2-Day Shipping,No,No,4,Cash,Monthly,Senior,30,12.17,339.57,0
2675,40,Female,Hat,Accessories,41,Florida,S,Charcoal,Fall,3.3,No,Express,No,No,15,Cash,Every 3 Months,Adult,90,4.06,781.46,1
2676,24,Female,Shorts,Clothing,38,Virginia,M,Peach,Winter,3.4,No,Free Shipping,No,No,38,Cash,Bi-Weekly,Young Adult,14,26.07,2434.66,0
2677,43,Female,Backpack,Accessories,77,Kentucky,M,Maroon,Spring,3.6,No,Free Shipping,No,No,3,Cash,Fortnightly,Adult,14,26.07,2238.39,0
2678,45,Female,Shorts,Clothing,43,Connecticut,L,Olive,Spring,3.8,No,Next Day Air,No,No,6,PayPal,Every 3 Months,Middle-aged,90,4.06,432.58,1
2679,33,Female,Belt,Accessories,91,Montana,M,Magenta,Spring,3.4,No,2-Day Shipping,No,No,34,Credit Card,Bi-Weekly,Adult,14,26.07,5466.37,0
2680,53,Female,Shorts,Clothing,68,Montana,S,Yellow,Spring,3.8,No,Express,No,No,7,Debit Card,Quarterly,Middle-aged,90,4.06,752.08,1
2681,44,Female,Socks,Clothing,37,Nebraska,L,Indigo,Fall,3.3,No,Next Day Air,No,No,21,Venmo,Annually,Adult,365,1.0,814.0,1
2682,23,Female,Shoes,Footwear,23,Massachusetts,L,Olive,Summer,4.8,No,Standard,No,No,17,Debit Card,Monthly,Young Adult,30,12.17,670.91,0
2683,59,Female,Sneakers,Footwear,65,North Carolina,L,Maroon,Winter,3.9,No,2-Day Shipping,No,No,5,Venmo,Every 3 Months,Senior,90,4.06,588.9,1
2684,68,Female,Backpack,Accessories,30,Montana,M,Indigo,Summer,4.2,No,Next Day Air,No,No,21,Cash,Fortnightly,Senior,14,26.07,1412.1,0
2685,46,Female,Dress,Clothing,45,Washington,M,Gray,Summer,4.7,No,Free Shipping,No,No,42,Credit Card,Bi-Weekly,Middle-aged,14,26.07,3063.15,0
2686,56,Female,Boots,Footwear,25,Virginia,M,Gray,Winter,2.7,No,Express,No,No,49,Credit Card,Quarterly,Middle-aged,90,4.06,1326.5,0
2687,40,Female,Socks,Clothing,72,Georgia,M,Black,Winter,3.8,No,2-Day Shipping,No,No,33,Cash,Fortnightly,Adult,14,26.07,4253.04,0
2688,61,Female,Dress,Clothing,75,Delaware,M,White,Fall,3.6,No,2-Day Shipping,No,No,12,Debit Card,Bi-Weekly,Senior,14,26.07,2855.25,0
2689,53,Female,Handbag,Accessories,63,West Virginia,XL,Turquoise,Spring,2.9,No,2-Day Shipping,No,No,18,Credit Card,Every 3 Months,Middle-aged,90,4.06,1389.78,1
2690,29,Female,Blouse,Clothing,35,Wyoming,M,Orange,Fall,3.9,No,Standard,No,No,47,PayPal,Quarterly,Young Adult,90,4.06,1787.1,0
2691,44,Female,Belt,Accessories,32,New Mexico,L,Yellow,Summer,4.7,No,Free Shipping,No,No,18,Bank Transfer,Weekly,Adult,7,52.14,2244.48,0
2692,43,Female,Pants,Clothing,25,Nebraska,L,Blue,Winter,3.3,No,2-Day Shipping,No,No,48,Cash,Monthly,Adult,30,12.17,1504.25,0
2693,40,Female,Sneakers,Footwear,90,Washington,XL,Violet,Spring,4.2,No,Free Shipping,No,No,18,Debit Card,Every 3 Months,Adult,90,4.06,1985.4,1
2694,55,Female,Boots,Footwear,70,Hawaii,L,Lavender,Summer,2.6,No,Standard,No,No,46,Cash,Quarterly,Middle-aged,90,4.06,3504.2,0
2695,66,Female,Sunglasses,Accessories,27,Louisiana,M,Olive,Spring,4.9,No,Express,No,No,34,Credit Card,Every 3 Months,Senior,90,4.06,1027.62,0
2696,50,Female,Hat,Accessories,92,Tennessee,M,Orange,Fall,3.6,No,Standard,No,No,10,PayPal,Bi-Weekly,Middle-aged,14,26.07,3318.44,0
2697,57,Female,Coat,Outerwear,20,South Dakota,M,White,Spring,4.7,No,Free Shipping,No,No,12,Debit Card,Monthly,Middle-aged,30,12.17,483.4,0
2698,42,Female,Jacket,Outerwear,52,Delaware,L,Red,Winter,3.2,No,Standard,No,No,36,Bank Transfer,Quarterly,Adult,90,4.06,2083.12,0
2699,55,Female,Hoodie,Clothing,57,Virginia,M,Magenta,Summer,3.6,No,Store Pickup,No,No,34,Venmo,Quarterly,Middle-aged,90,4.06,2169.42,0
2700,25,Female,Boots,Footwear,96,Utah,M,Violet,Fall,3.6,No,2-Day Shipping,No,No,49,Debit Card,Annually,Young Adult,365,1.0,4800.0,0
2701,22,Female,T-shirt,Clothing,68,California,XL,Olive,Winter,3.2,No,Standard,No,No,36,Cash,Weekly,Young Adult,7,52.14,5993.52,0
2702,49,Female,Sweater,Clothing,30,Idaho,L,Silver,Summer,2.8,No,Store Pickup,No,No,18,Bank Transfer,Fortnightly,Middle-aged,14,26.07,1322.1,0
2703,70,Female,Shoes,Footwear,37,Texas,L,Gray,Fall,4.0,No,Next Day Air,No,No,39,Debit Card,Fortnightly,Senior,14,26.07,2407.59,0
2704,56,Female,Scarf,Accessories,42,Tennessee,XL,Olive,Winter,4.4,No,Free Shipping,No,No,34,PayPal,Weekly,Middle-aged,7,52.14,3617.88,0
2705,52,Female,Dress,Clothing,54,Tennessee,L,Beige,Spring,3.4,No,Next Day Air,No,No,35,Debit Card,Weekly,Middle-aged,7,52.14,4705.56,0
2706,65,Female,Jacket,Outerwear,81,Washington,S,Turquoise,Spring,5.0,No,Store Pickup,No,No,1,Credit Card,Bi-Weekly,Senior,14,26.07,2192.67,0
2707,24,Female,Shoes,Footwear,40,Alabama,S,Blue,Spring,3.1,No,Express,No,No,48,Debit Card,Quarterly,Young Adult,90,4.06,2082.4,0
2708,32,Female,Backpack,Accessories,88,Nebraska,M,Pink,Fall,4.2,No,Standard,No,No,19,Cash,Weekly,Adult,7,52.14,6260.32,0
2709,57,Female,Dress,Clothing,94,Alabama,M,Teal,Summer,3.3,No,Store Pickup,No,No,44,Debit Card,Weekly,Middle-aged,7,52.14,9037.16,0
2710,35,Female,Shirt,Clothing,54,Illinois,S,Cyan,Winter,2.9,No,Standard,No,No,9,Credit Card,Bi-Weekly,Adult,14,26.07,1893.78,0
2711,69,Female,Jacket,Outerwear,51,Wisconsin,L,Purple,Summer,4.7,No,Standard,No,No,3,Bank Transfer,Fortnightly,Senior,14,26.07,1482.57,0
2712,30,Female,Sunglasses,Accessories,22,Nebraska,L,Red,Spring,4.0,No,Standard,No,No,50,Venmo,Monthly,Young Adult,30,12.17,1367.74,0
2713,37,Female,Jacket,Outerwear,95,North Dakota,L,Brown,Fall,4.6,No,Standard,No,No,7,Debit Card,Quarterly,Adult,90,4.06,1050.7,1
2714,19,Female,Coat,Outerwear,57,Mississippi,M,Magenta,Fall,3.8,No,2-Day Shipping,No,No,20,Debit Card,Annually,Young Adult,365,1.0,1197.0,1
2715,53,Female,Sweater,Clothing,45,Iowa,S,Olive,Winter,3.6,No,Store Pickup,No,No,16,Credit Card,Bi-Weekly,Middle-aged,14,26.07,1893.15,0
2716,25,Female,Sneakers,Footwear,92,Mississippi,XL,Pink,Winter,4.1,No,Express,No,No,29,PayPal,Fortnightly,Young Adult,14,26.07,5066.44,0
2717,47,Female,Shoes,Footwear,40,Colorado,L,Black,Spring,2.7,No,Store Pickup,No,No,21,Debit Card,Weekly,Middle-aged,7,52.14,2925.6,0
2718,18,Female,Sunglasses,Accessories,62,Nebraska,XL,Beige,Winter,4.3,No,Free Shipping,No,No,19,Credit Card,Every 3 Months,Young Adult,90,4.06,1429.72,1
2719,22,Female,Shorts,Clothing,90,Virginia,M,Peach,Winter,4.9,No,Next Day Air,No,No,10,Venmo,Bi-Weekly,Young Adult,14,26.07,3246.3,0
2720,69,Female,Hoodie,Clothing,82,Louisiana,S,Peach,Fall,4.2,No,Free Shipping,No,No,4,Bank Transfer,Monthly,Senior,30,12.17,1325.94,0
2721,55,Female,Scarf,Accessories,52,Maryland,M,Peach,Spring,2.8,No,Store Pickup,No,No,45,Bank Transfer,Quarterly,Middle-aged,90,4.06,2551.12,0
2722,19,Female,Sandals,Footwear,70,Minnesota,S,Teal,Spring,4.9,No,Free Shipping,No,No,17,PayPal,Fortnightly,Young Adult,14,26.07,3014.9,0
2723,23,Female,Hat,Accessories,83,Maine,M,Green,Spring,2.8,No,2-Day Shipping,No,No,22,PayPal,Fortnightly,Young Adult,14,26.07,3989.81,0
2724,54,Female,Shoes,Footwear,49,Texas,XL,Brown,Summer,2.9,No,Store Pickup,No,No,3,PayPal,Every 3 Months,Middle-aged,90,4.06,345.94,1
2725,52,Female,Sneakers,Footwear,91,Missouri,M,Brown,Spring,2.5,No,Next Day Air,No,No,11,Debit Card,Fortnightly,Middle-aged,14,26.07,3373.37,0
2726,64,Female,Backpack,Accessories,99,Mississippi,S,Violet,Summer,2.7,No,Free Shipping,No,No,4,Debit Card,Annually,Senior,365,1.0,495.0,1
2727,33,Female,Belt,Accessories,92,Michigan,L,Blue,Winter,3.3,No,Free Shipping,No,No,11,PayPal,Bi-Weekly,Adult,14,26.07,3410.44,0
2728,40,Female,Shirt,Clothing,87,Colorado,L,Charcoal,Winter,3.7,No,2-Day Shipping,No,No,47,Credit Card,Fortnightly,Adult,14,26.07,6357.09,0
2729,26,Female,Skirt,Clothing,28,Florida,M,Pink,Winter,4.0,No,Express,No,No,17,Debit Card,Weekly,Young Adult,7,52.14,1935.92,0
2730,31,Female,Gloves,Accessories,71,Montana,S,Violet,Summer,4.1,No,Free Shipping,No,No,32,Credit Card,Monthly,Young Adult,30,12.17,3136.07,0
2731,23,Female,Gloves,Accessories,32,Wisconsin,M,Teal,Winter,4.1,No,Store Pickup,No,No,37,Bank Transfer,Annually,Young Adult,365,1.0,1216.0,0
2732,52,Female,Handbag,Accessories,33,Wisconsin,M,Red,Summer,2.5,No,2-Day Shipping,No,No,44,Bank Transfer,Quarterly,Middle-aged,90,4.06,1585.98,0
2733,21,Female,Socks,Clothing,75,Delaware,L,Orange,Winter,4.2,No,Store Pickup,No,No,27,Debit Card,Every 3 Months,Young Adult,90,4.06,2329.5,0
2734,31,Female,Backpack,Accessories,83,North Carolina,M,Magenta,Summer,4.7,No,Express,No,No,46,PayPal,Annually,Young Adult,365,1.0,3901.0,0
2735,63,Female,Jeans,Clothing,93,New York,XL,Yellow,Summer,2.7,No,2-Day Shipping,No,No,13,Cash,Bi-Weekly,Senior,14,26.07,3633.51,0
2736,46,Female,Skirt,Clothing,29,California,M,Yellow,Spring,3.0,No,Express,No,No,2,PayPal,Bi-Weekly,Middle-aged,14,26.07,814.03,0
2737,44,Female,Hoodie,Clothing,25,Montana,M,Pink,Spring,4.8,No,Store Pickup,No,No,45,Credit Card,Annually,Adult,365,1.0,1150.0,0
2738,57,Female,Jewelry,Accessories,76,North Carolina,S,Indigo,Spring,4.4,No,Free Shipping,No,No,35,Cash,Every 3 Months,Middle-aged,90,4.06,2968.56,0
2739,50,Female,Sneakers,Footwear,81,Ohio,M,Charcoal,Summer,4.3,No,2-Day Shipping,No,No,39,Venmo,Every 3 Months,Middle-aged,90,4.06,3487.86,0
2740,33,Female,Shirt,Clothing,80,Alaska,XL,Blue,Winter,2.5,No,Store Pickup,No,No,39,Credit Card,Every 3 Months,Adult,90,4.06,3444.8,0
2741,19,Female,Sunglasses,Accessories,70,Pennsylvania,M,Lavender,Summer,4.9,No,Free Shipping,No,No,34,Bank Transfer,Fortnightly,Young Adult,14,26.07,4204.9,0
2742,68,Female,Dress,Clothing,81,Maine,L,Yellow,Fall,4.9,No,2-Day Shipping,No,No,41,Venmo,Monthly,Senior,30,12.17,4306.77,0
2743,27,Female,Shoes,Footwear,86,Texas,M,Black,Spring,3.9,No,Free Shipping,No,No,47,Debit Card,Annually,Young Adult,365,1.0,4128.0,0
2744,61,Female,Belt,Accessories,94,New Jersey,S,Beige,Fall,4.1,No,2-Day Shipping,No,No,17,Venmo,Quarterly,Senior,90,4.06,1979.64,1
2745,38,Female,Shirt,Clothing,66,Wyoming,M,Silver,Winter,3.3,No,Store Pickup,No,No,40,Credit Card,Monthly,Adult,30,12.17,3443.22,0
2746,28,Female,Boots,Footwear,98,Michigan,M,Magenta,Summer,4.1,No,Standard,No,No,44,PayPal,Bi-Weekly,Young Adult,14,26.07,6866.86,0
2747,39,Female,Hoodie,Clothing,25,Ohio,M,Orange,Fall,3.7,No,Standard,No,No,21,PayPal,Every 3 Months,Adult,90,4.06,626.5,1
2748,18,Female,Jeans,Clothing,62,West Virginia,M,Teal,Winter,3.1,No,Free Shipping,No,No,21,Credit Card,Every 3 Months,Young Adult,90,4.06,1553.72,1
2749,24,Female,Jacket,Outerwear,98,Virginia,L,Turquoise,Spring,3.0,No,Free Shipping,No,No,16,Venmo,Annually,Young Adult,365,1.0,1666.0,1
2750,64,Female,Jacket,Outerwear,53,Vermont,M,Cyan,Spring,3.4,No,Standard,No,No,15,Bank Transfer,Annually,Senior,365,1.0,848.0,1
2751,51,Female,Sandals,Footwear,66,Alaska,L,Pink,Spring,2.7,No,2-Day Shipping,No,No,26,PayPal,Every 3 Months,Middle-aged,90,4.06,1983.96,0
2752,27,Female,Dress,Clothing,52,Minnesota,S,Indigo,Fall,3.1,No,Free Shipping,No,No,50,Venmo,Monthly,Young Adult,30,12.17,3232.84,0
2753,48,Female,Sweater,Clothing,64,Colorado,S,Peach,Winter,4.0,No,Free Shipping,No,No,30,Venmo,Bi-Weekly,Middle-aged,14,26.07,3588.48,0
2754,69,Female,Gloves,Accessories,59,Rhode Island,M,Beige,Spring,3.6,No,Next Day Air,No,No,48,PayPal,Quarterly,Senior,90,4.06,3071.54,0
2755,59,Female,Sunglasses,Accessories,61,New Jersey,L,Gold,Summer,3.6,No,Free Shipping,No,No,21,Venmo,Bi-Weekly,Senior,14,26.07,2871.27,0
2756,59,Female,Belt,Accessories,97,Nevada,M,Indigo,Winter,3.3,No,Store Pickup,No,No,18,Credit Card,Annually,Senior,365,1.0,1843.0,1
2757,42,Female,Hat,Accessories,23,Minnesota,L,Violet,Winter,4.1,No,Free Shipping,No,No,41,PayPal,Monthly,Adult,30,12.17,1222.91,0
2758,39,Female,Hat,Accessories,98,Delaware,XL,Brown,Fall,4.3,No,Next Day Air,No,No,11,Venmo,Monthly,Adult,30,12.17,2270.66,0
2759,32,Female,Blouse,Clothing,98,Illinois,M,Purple,Summer,3.2,No,Standard,No,No,8,Bank Transfer,Bi-Weekly,Adult,14,26.07,3338.86,0
2760,68,Female,Shoes,Footwear,59,Washington,M,Turquoise,Summer,3.9,No,Free Shipping,No,No,42,Cash,Every 3 Months,Senior,90,4.06,2717.54,0
2761,41,Female,Skirt,Clothing,82,Alaska,S,Violet,Fall,5.0,No,Next Day Air,No,No,41,Credit Card,Bi-Weekly,Adult,14,26.07,5499.74,0
2762,31,Female,Sneakers,Footwear,82,Michigan,M,Purple,Fall,3.4,No,Next Day Air,No,No,3,Credit Card,Every 3 Months,Young Adult,90,4.06,578.92,1
2763,58,Female,T-shirt,Clothing,41,Georgia,M,Charcoal,Fall,3.8,No,Store Pickup,No,No,10,Debit Card,Every 3 Months,Senior,90,4.06,576.46,1
2764,28,Female,Handbag,Accessories,52,West Virginia,M,Green,Fall,2.9,No,2-Day Shipping,No,No,35,Venmo,Quarterly,Young Adult,90,4.06,2031.12,0
2765,63,Female,Sweater,Clothing,41,Arizona,XL,White,Spring,2.6,No,Next Day Air,No,No,2,Debit Card,Weekly,Senior,7,52.14,2219.74,0
2766,64,Female,Gloves,Accessories,70,Colorado,M,Purple,Summer,4.3,No,2-Day Shipping,No,No,24,Credit Card,Quarterly,Senior,90,4.06,1964.2,1
2767,66,Female,Dress,Clothing,91,Tennessee,M,Cyan,Winter,2.8,No,Standard,No,No,47,Credit Card,Monthly,Senior,30,12.17,5384.47,0
2768,31,Female,Dress,Clothing,95,Iowa,M,Green,Spring,4.5,No,Free Shipping,No,No,31,Cash,Monthly,Young Adult,30,12.17,4101.15,0
2769,55,Female,Blouse,Clothing,25,Kansas,M,Beige,Spring,3.8,No,2-Day Shipping,No,No,28,PayPal,Bi-Weekly,Middle-aged,14,26.07,1351.75,0
2770,32,Female,Shirt,Clothing,89,Oklahoma,L,Lavender,Fall,3.0,No,Standard,No,No,13,Cash,Weekly,Adult,7,52.14,5797.46,0
2771,50,Female,Boots,Footwear,44,Nebraska,S,Blue,Fall,3.3,No,Express,No,No,22,Bank Transfer,Quarterly,Middle-aged,90,4.06,1146.64,1
2772,58,Female,Jacket,Outerwear,52,Maryland,S,Beige,Summer,3.1,No,2-Day Shipping,No,No,12,Bank Transfer,Fortnightly,Senior,14,26.07,1979.64,0
2773,18,Female,Backpack,Accessories,94,Pennsylvania,L,Blue,Spring,3.5,No,Store Pickup,No,No,10,Bank Transfer,Every 3 Months,Young Adult,90,4.06,1321.64,1
2774,39,Female,Pants,Clothing,98,Arizona,S,Maroon,Spring,4.6,No,Express,No,No,45,Bank Transfer,Quarterly,Adult,90,4.06,4807.88,0
2775,56,Female,Boots,Footwear,40,Oklahoma,L,Yellow,Fall,4.1,No,Standard,No,No,42,Credit Card,Quarterly,Middle-aged,90,4.06,1842.4,0
2776,37,Female,Socks,Clothing,25,Montana,L,Red,Fall,3.6,No,Free Shipping,No,No,16,Debit Card,Weekly,Adult,7,52.14,1703.5,0
2777,46,Female,Scarf,Accessories,62,Wyoming,L,Green,Fall,2.9,No,Free Shipping,No,No,6,Bank Transfer,Annually,Middle-aged,365,1.0,434.0,1
2778,52,Female,Blouse,Clothing,24,Idaho,M,Magenta,Fall,4.8,No,Standard,No,No,28,Credit Card,Every 3 Months,Middle-aged,90,4.06,769.44,0
2779,70,Female,Belt,Accessories,57,Pennsylvania,L,Yellow,Spring,3.2,No,Standard,No,No,24,Credit Card,Bi-Weekly,Senior,14,26.07,2853.99,0
2780,61,Female,Sunglasses,Accessories,66,Montana,L,Blue,Winter,4.3,No,Express,No,No,14,Credit Card,Fortnightly,Senior,14,26.07,2644.62,0
2781,33,Female,Boots,Footwear,70,Ohio,M,Charcoal,Winter,4.1,No,Next Day Air,No,No,29,PayPal,Fortnightly,Adult,14,26.07,3854.9,0
2782,65,Female,Sandals,Footwear,39,Mississippi,M,Blue,Spring,4.6,No,Standard,No,No,33,PayPal,Weekly,Senior,7,52.14,3320.46,0
2783,41,Female,Gloves,Accessories,34,Idaho,S,Cyan,Spring,3.8,No,Free Shipping,No,No,30,PayPal,Annually,Adult,365,1.0,1054.0,0
2784,19,Female,Skirt,Clothing,38,Virginia,M,Silver,Spring,4.5,No,Next Day Air,No,No,26,Credit Card,Quarterly,Young Adult,90,4.06,1142.28,0
2785,33,Female,Skirt,Clothing,70,Idaho,M,Black,Winter,3.1,No,Express,No,No,12,PayPal,Every 3 Months,Adult,90,4.06,1124.2,1
2786,53,Female,Blouse,Clothing,80,Louisiana,S,Green,Summer,2.9,No,Next Day Air,No,No,13,Bank Transfer,Monthly,Middle-aged,30,12.17,2013.6,0
2787,54,Female,Handbag,Accessories,51,Colorado,M,Violet,Spring,3.8,No,Next Day Air,No,No,41,Debit Card,Every 3 Months,Middle-aged,90,4.06,2298.06,0
2788,36,Female,Boots,Footwear,79,West Virginia,XL,Pink,Spring,4.1,No,Next Day Air,No,No,4,Venmo,Fortnightly,Adult,14,26.07,2375.53,0
2789,56,Female,Boots,Footwear,92,Rhode Island,M,Olive,Summer,3.1,No,Free Shipping,No,No,2,Credit Card,Annually,Middle-aged,365,1.0,276.0,1
2790,28,Female,Sweater,Clothing,85,North Carolina,L,Orange,Fall,5.0,No,Express,No,No,28,Credit Card,Bi-Weekly,Young Adult,14,26.07,4595.95,0
2791,34,Female,Socks,Clothing,63,Maine,M,Black,Spring,4.5,No,Free Shipping,No,No,24,Debit Card,Annually,Adult,365,1.0,1575.0,1
2792,43,Female,Gloves,Accessories,60,Iowa,M,Yellow,Fall,2.8,No,Express,No,No,14,Venmo,Fortnightly,Adult,14,26.07,2404.2,0
2793,54,Female,Shorts,Clothing,44,Kentucky,L,Violet,Winter,3.2,No,Express,No,No,11,Credit Card,Weekly,Middle-aged,7,52.14,2778.16,0
2794,37,Female,Boots,Footwear,57,Massachusetts,M,Silver,Spring,3.1,No,Standard,No,No,27,Debit Card,Bi-Weekly,Adult,14,26.07,3024.99,0
2795,33,Female,Jacket,Outerwear,24,New York,M,Gold,Fall,3.3,No,Standard,No,No,7,Cash,Fortnightly,Adult,14,26.07,793.68,0
2796,33,Female,Scarf,Accessories,35,Nebraska,M,Magenta,Winter,3.4,No,Store Pickup,No,No,49,PayPal,Annually,Adult,365,1.0,1750.0,0
2797,55,Female,Jacket,Outerwear,73,Oklahoma,M,Red,Winter,3.8,No,Store Pickup,No,No,21,Cash,Annually,Middle-aged,365,1.0,1606.0,1
2798,63,Female,Jewelry,Accessories,42,Oklahoma,M,Green,Winter,3.5,No,Express,No,No,10,Venmo,Every 3 Months,Senior,90,4.06,590.52,1
2799,52,Female,Hoodie,Clothing,20,Rhode Island,XL,Red,Winter,4.8,No,Store Pickup,No,No,37,PayPal,Weekly,Middle-aged,7,52.14,1782.8,0
2800,23,Female,T-shirt,Clothing,89,Maine,L,Pink,Spring,3.9,No,Free Shipping,No,No,9,Bank Transfer,Every 3 Months,Young Adult,90,4.06,1162.34,1
2801,70,Female,Shirt,Clothing,76,Arkansas,L,Violet,Fall,3.4,No,Free Shipping,No,No,14,Cash,Bi-Weekly,Senior,14,26.07,3045.32,0
2802,64,Female,Shirt,Clothing,56,New Mexico,M,Indigo,Winter,2.6,No,Express,No,No,30,PayPal,Annually,Senior,365,1.0,1736.0,0
2803,22,Female,Coat,Outerwear,100,Hawaii,L,Red,Fall,3.1,No,Store Pickup,No,No,42,Credit Card,Fortnightly,Young Adult,14,26.07,6807.0,0
2804,46,Female,T-shirt,Clothing,44,Idaho,M,Violet,Winter,3.3,No,Free Shipping,No,No,31,Bank Transfer,Monthly,Middle-aged,30,12.17,1899.48,0
2805,65,Female,Hoodie,Clothing,76,South Carolina,M,Cyan,Spring,2.8,No,Standard,No,No,48,Bank Transfer,Every 3 Months,Senior,90,4.06,3956.56,0
2806,18,Female,Sunglasses,Accessories,97,Nevada,S,Black,Fall,4.3,No,Standard,No,No,48,Cash,Quarterly,Young Adult,90,4.06,5049.82,0
2807,45,Female,Blouse,Clothing,39,South Carolina,L,Purple,Spring,2.7,No,Standard,No,No,50,Credit Card,Annually,Middle-aged,365,1.0,1989.0,0
2808,56,Female,Hoodie,Clothing,100,Maryland,M,Charcoal,Spring,4.4,No,2-Day Shipping,No,No,10,Debit Card,Fortnightly,Middle-aged,14,26.07,3607.0,0
2809,49,Female,Skirt,Clothing,62,Tennessee,M,Beige,Spring,3.9,No,Free Shipping,No,No,45,PayPal,Every 3 Months,Middle-aged,90,4.06,3041.72,0
2810,66,Female,Shorts,Clothing,98,Arkansas,XL,Teal,Summer,3.0,No,Standard,No,No,27,Debit Card,Quarterly,Senior,90,4.06,3043.88,0
2811,27,Female,Jeans,Clothing,31,Arizona,M,Purple,Summer,4.0,No,Standard,No,No,10,Debit Card,Fortnightly,Young Adult,14,26.07,1118.17,0
2812,69,Female,Jacket,Outerwear,89,Ohio,M,Blue,Fall,3.7,No,Store Pickup,No,No,19,Credit Card,Quarterly,Senior,90,4.06,2052.34,1
2813,66,Female,Hoodie,Clothing,91,North Dakota,XL,Magenta,Fall,3.8,No,Store Pickup,No,No,1,Credit Card,Every 3 Months,Senior,90,4.06,460.46,1
2814,45,Female,Shirt,Clothing,50,Vermont,S,Maroon,Summer,3.3,No,2-Day Shipping,No,No,39,Debit Card,Quarterly,Middle-aged,90,4.06,2153.0,0
2815,31,Female,T-shirt,Clothing,32,Minnesota,L,Gold,Winter,3.6,No,Standard,No,No,14,Bank Transfer,Monthly,Young Adult,30,12.17,837.44,0
2816,33,Female,Blouse,Clothing,67,Idaho,L,Black,Fall,3.9,No,Free Shipping,No,No,40,Venmo,Every 3 Months,Adult,90,4.06,2952.02,0
2817,43,Female,Skirt,Clothing,28,Maryland,M,Black,Spring,3.5,No,Free Shipping,No,No,45,Venmo,Weekly,Adult,7,52.14,2719.92,0
2818,25,Female,Backpack,Accessories,65,South Carolina,XL,Yellow,Winter,3.4,No,Standard,No,No,6,Venmo,Weekly,Young Adult,7,52.14,3779.1,0
2819,46,Female,Shorts,Clothing,73,California,M,Turquoise,Fall,4.7,No,Next Day Air,No,No,12,Debit Card,Annually,Middle-aged,365,1.0,949.0,1
2820,67,Female,Shirt,Clothing,27,Georgia,L,Lavender,Spring,3.0,No,Free Shipping,No,No,19,Cash,Monthly,Senior,30,12.17,841.59,0
2821,26,Female,Backpack,Accessories,89,Vermont,L,Yellow,Summer,3.9,No,Free Shipping,No,No,5,Cash,Bi-Weekly,Young Adult,14,26.07,2765.23,0
2822,35,Female,Shoes,Footwear,72,Georgia,L,Olive,Summer,4.5,No,Standard,No,No,37,Venmo,Monthly,Adult,30,12.17,3540.24,0
2823,61,Female,Skirt,Clothing,37,New Jersey,S,Brown,Fall,4.1,No,Standard,No,No,33,PayPal,Quarterly,Senior,90,4.06,1371.22,0
2824,26,Female,Dress,Clothing,63,Utah,M,Olive,Summer,4.5,No,Standard,No,No,47,Debit Card,Bi-Weekly,Young Adult,14,26.07,4603.41,0
2825,39,Female,Hat,Accessories,90,Utah,M,Purple,Fall,4.0,No,Free Shipping,No,No,49,Debit Card,Quarterly,Adult,90,4.06,4775.4,0
2826,69,Female,Handbag,Accessories,62,North Carolina,M,Yellow,Winter,4.3,No,2-Day Shipping,No,No,28,Bank Transfer,Annually,Senior,365,1.0,1798.0,0
2827,32,Female,Handbag,Accessories,43,Florida,L,Brown,Fall,3.6,No,Express,No,No,23,Venmo,Annually,Adult,365,1.0,1032.0,1
2828,20,Female,Blouse,Clothing,96,Wisconsin,M,Magenta,Fall,3.1,No,Next Day Air,No,No,11,Bank Transfer,Bi-Weekly,Young Adult,14,26.07,3558.72,0
2829,25,Female,Scarf,Accessories,83,Tennessee,L,Lavender,Fall,2.6,No,Standard,No,No,33,PayPal,Quarterly,Young Adult,90,4.06,3075.98,0
2830,56,Female,Jewelry,Accessories,67,Arizona,XL,Teal,Fall,3.4,No,Next Day Air,No,No,47,Cash,Weekly,Middle-aged,7,52.14,6642.38,0
2831,63,Female,Skirt,Clothing,90,Oregon,L,Cyan,Spring,2.9,No,Store Pickup,No,No,13,Venmo,Every 3 Months,Senior,90,4.06,1535.4,1
2832,34,Female,Hoodie,Clothing,53,Virginia,L,Pink,Winter,5.0,No,Express,No,No,4,Credit Card,Weekly,Adult,7,52.14,2975.42,0
2833,29,Female,Scarf,Accessories,37,Maryland,M,Magenta,Summer,4.6,No,Standard,No,No,40,PayPal,Quarterly,Young Adult,90,4.06,1630.22,0
2834,43,Female,Jeans,Clothing,56,Arkansas,M,Teal,Fall,3.3,No,Free Shipping,No,No,19,Cash,Monthly,Adult,30,12.17,1745.52,0
2835,39,Female,Jacket,Outerwear,43,Texas,M,Indigo,Fall,2.9,No,2-Day Shipping,No,No,17,Credit Card,Weekly,Adult,7,52.14,2973.02,0
2836,33,Female,T-shirt,Clothing,84,Vermont,S,Pink,Winter,4.9,No,Free Shipping,No,No,7,Venmo,Annually,Adult,365,1.0,672.0,1
2837,51,Female,Pants,Clothing,50,Wyoming,M,Charcoal,Winter,5.0,No,2-Day Shipping,No,No,21,Cash,Bi-Weekly,Middle-aged,14,26.07,2353.5,0
2838,65,Female,Shoes,Footwear,88,Alabama,M,Brown,Summer,4.5,No,Express,No,No,44,PayPal,Weekly,Senior,7,52.14,8460.32,0
2839,51,Female,Jacket,Outerwear,50,Maine,M,Blue,Fall,3.7,No,Free Shipping,No,No,2,Bank Transfer,Weekly,Middle-aged,7,52.14,2707.0,0
2840,70,Female,Scarf,Accessories,80,South Dakota,L,Teal,Summer,2.8,No,Store Pickup,No,No,30,Bank Transfer,Monthly,Senior,30,12.17,3373.6,0
2841,40,Female,T-shirt,Clothing,47,West Virginia,L,Pink,Spring,3.5,No,Store Pickup,No,No,41,Cash,Annually,Adult,365,1.0,1974.0,0
2842,19,Female,Dress,Clothing,33,Ohio,XL,Magenta,Winter,3.0,No,2-Day Shipping,No,No,31,Cash,Weekly,Young Adult,7,52.14,2743.62,0
2843,28,Female,Coat,Outerwear,100,Arizona,L,Green,Fall,4.3,No,Standard,No,No,48,Debit Card,Quarterly,Young Adult,90,4.06,5206.0,0
2844,51,Female,Sweater,Clothing,26,Ohio,M,White,Summer,3.6,No,Store Pickup,No,No,41,Venmo,Weekly,Middle-aged,7,52.14,2421.64,0
2845,32,Female,Hat,Accessories,79,New Mexico,M,Indigo,Summer,4.4,No,Standard,No,No,42,Venmo,Annually,Adult,365,1.0,3397.0,0
2846,26,Female,Backpack,Accessories,77,South Dakota,L,Lavender,Summer,4.1,No,Express,No,No,39,Debit Card,Every 3 Months,Young Adult,90,4.06,3315.62,0
2847,50,Female,Socks,Clothing,36,Oklahoma,XL,Black,Fall,2.8,No,Next Day Air,No,No,15,PayPal,Bi-Weekly,Middle-aged,14,26.07,1478.52,0
2848,68,Female,Jewelry,Accessories,21,Connecticut,L,Charcoal,Winter,2.8,No,Free Shipping,No,No,3,PayPal,Every 3 Months,Senior,90,4.06,148.26,1
2849,33,Female,Boots,Footwear,72,Wisconsin,L,Gray,Fall,4.9,No,Store Pickup,No,No,28,Bank Transfer,Quarterly,Adult,90,4.06,2308.32,0
2850,56,Female,Coat,Outerwear,25,New Hampshire,M,Gold,Spring,4.1,No,Express,No,No,27,PayPal,Bi-Weekly,Middle-aged,14,26.07,1326.75,0
2851,57,Female,Sweater,Clothing,79,Nebraska,M,Silver,Spring,3.0,No,Store Pickup,No,No,36,Debit Card,Annually,Middle-aged,365,1.0,2923.0,0
2852,58,Female,Blouse,Clothing,73,Nevada,L,Teal,Summer,3.0,No,Store Pickup,No,No,42,Debit Card,Monthly,Senior,30,12.17,3954.41,0
2853,40,Female,Belt,Accessories,71,New York,M,Magenta,Spring,3.0,No,Store Pickup,No,No,30,Venmo,Weekly,Adult,7,52.14,5831.94,0
2854,37,Female,Hat,Accessories,48,Pennsylvania,M,Magenta,Winter,3.2,No,Next Day Air,No,No,9,PayPal,Weekly,Adult,7,52.14,2934.72,0
2855,36,Female,Sandals,Footwear,28,Delaware,M,Beige,Fall,2.7,No,Store Pickup,No,No,25,Venmo,Monthly,Adult,30,12.17,1040.76,0
2856,29,Female,Boots,Footwear,95,Mississippi,S,Maroon,Winter,3.8,No,2-Day Shipping,No,No,33,PayPal,Quarterly,Young Adult,90,4.06,3520.7,0
2857,65,Female,Jacket,Outerwear,48,Iowa,M,Indigo,Winter,3.5,No,2-Day Shipping,No,No,31,Credit Card,Monthly,Senior,30,12.17,2072.16,0
2858,44,Female,Dress,Clothing,93,Utah,S,Maroon,Spring,3.8,No,Next Day Air,No,No,35,Debit Card,Monthly,Adult,30,12.17,4386.81,0
2859,34,Female,Jeans,Clothing,87,Maryland,L,Teal,Summer,3.8,No,2-Day Shipping,No,No,46,Bank Transfer,Monthly,Adult,30,12.17,5060.79,0
2860,31,Female,Shorts,Clothing,32,Utah,L,Yellow,Fall,3.4,No,Express,No,No,29,Bank Transfer,Annually,Young Adult,365,1.0,960.0,0
2861,28,Female,Shirt,Clothing,38,Rhode Island,M,Gold,Spring,2.9,No,Next Day Air,No,No,49,Bank Transfer,Weekly,Young Adult,7,52.14,3843.32,0
2862,66,Female,Coat,Outerwear,54,Maryland,M,Teal,Fall,3.4,No,Free Shipping,No,No,27,Credit Card,Monthly,Senior,30,12.17,2115.18,0
2863,68,Female,Coat,Outerwear,75,Hawaii,S,Violet,Summer,4.7,No,Store Pickup,No,No,5,Bank Transfer,Every 3 Months,Senior,90,4.06,679.5,1
2864,37,Female,T-shirt,Clothing,56,Connecticut,M,Yellow,Fall,3.9,No,2-Day Shipping,No,No,18,Venmo,Monthly,Adult,30,12.17,1689.52,0
2865,58,Female,Sweater,Clothing,43,Illinois,S,Maroon,Fall,3.6,No,Store Pickup,No,No,31,Venmo,Weekly,Senior,7,52.14,3575.02,0
2866,28,Female,Skirt,Clothing,97,California,M,Silver,Fall,3.7,No,Free Shipping,No,No,27,Cash,Fortnightly,Young Adult,14,26.07,5147.79,0
2867,54,Female,Blouse,Clothing,75,Connecticut,S,Violet,Summer,3.1,No,Free Shipping,No,No,19,Cash,Annually,Middle-aged,365,1.0,1500.0,1
2868,21,Female,Sneakers,Footwear,55,Colorado,L,White,Summer,4.9,No,Next Day Air,No,No,33,Cash,Fortnightly,Young Adult,14,26.07,3248.85,0
2869,45,Female,Backpack,Accessories,49,Colorado,M,Black,Winter,2.6,No,Next Day Air,No,No,42,PayPal,Every 3 Months,Middle-aged,90,4.06,2256.94,0
2870,57,Female,Socks,Clothing,58,Georgia,M,White,Summer,4.2,No,Standard,No,No,16,Bank Transfer,Weekly,Middle-aged,7,52.14,3952.12,0
2871,47,Female,Jewelry,Accessories,34,North Dakota,M,Blue,Winter,4.8,No,Free Shipping,No,No,49,Debit Card,Every 3 Months,Middle-aged,90,4.06,1804.04,0
2872,46,Female,Shorts,Clothing,43,Idaho,S,Black,Summer,2.7,No,2-Day Shipping,No,No,40,Venmo,Bi-Weekly,Middle-aged,14,26.07,2841.01,0
2873,63,Female,Jewelry,Accessories,48,Connecticut,L,Olive,Fall,2.6,No,Next Day Air,No,No,5,Cash,Annually,Senior,365,1.0,288.0,1
2874,44,Female,Sweater,Clothing,40,Montana,M,Teal,Spring,2.6,No,Free Shipping,No,No,8,Bank Transfer,Monthly,Adult,30,12.17,806.8,0
2875,36,Female,Shirt,Clothing,29,Colorado,L,Silver,Summer,3.1,No,Standard,No,No,2,Debit Card,Annually,Adult,365,1.0,87.0,1
2876,24,Female,Pants,Clothing,81,Kentucky,M,Pink,Fall,2.6,No,Free Shipping,No,No,14,Debit Card,Weekly,Young Adult,7,52.14,5357.34,0
2877,65,Female,Hoodie,Clothing,84,New Mexico,M,Charcoal,Spring,3.4,No,2-Day Shipping,No,No,5,Bank Transfer,Fortnightly,Senior,14,26.07,2609.88,0
2878,32,Female,Socks,Clothing,46,New Jersey,M,Silver,Summer,3.6,No,Standard,No,No,34,Venmo,Monthly,Adult,30,12.17,2123.82,0
2879,63,Female,Dress,Clothing,86,California,L,Turquoise,Summer,4.3,No,Next Day Air,No,No,13,Bank Transfer,Annually,Senior,365,1.0,1204.0,1
2880,62,Female,Blouse,Clothing,57,North Dakota,XL,Turquoise,Winter,4.9,No,Free Shipping,No,No,31,Venmo,Annually,Senior,365,1.0,1824.0,0
2881,19,Female,Skirt,Clothing,61,Florida,L,Beige,Winter,4.8,No,Store Pickup,No,No,43,PayPal,Quarterly,Young Adult,90,4.06,2870.66,0
2882,38,Female,Backpack,Accessories,90,Texas,M,Cyan,Winter,4.2,No,Free Shipping,No,No,6,Bank Transfer,Annually,Adult,365,1.0,630.0,1
2883,59,Female,Blouse,Clothing,51,Oklahoma,L,Gold,Winter,2.6,No,Store Pickup,No,No,23,Credit Card,Bi-Weekly,Senior,14,26.07,2502.57,0
2884,22,Female,Socks,Clothing,48,Rhode Island,XL,Silver,Spring,3.2,No,Standard,No,No,10,PayPal,Weekly,Young Adult,7,52.14,2982.72,0
2885,55,Female,Boots,Footwear,50,Arkansas,M,Purple,Summer,3.4,No,2-Day Shipping,No,No,47,Credit Card,Every 3 Months,Middle-aged,90,4.06,2553.0,0
2886,29,Female,Backpack,Accessories,82,Nevada,M,Yellow,Summer,3.5,No,Next Day Air,No,No,14,Credit Card,Bi-Weekly,Young Adult,14,26.07,3285.74,0
2887,42,Female,Hat,Accessories,33,Utah,L,Blue,Spring,4.2,No,Free Shipping,No,No,29,PayPal,Weekly,Adult,7,52.14,2677.62,0
2888,23,Female,Sandals,Footwear,28,Kentucky,L,Blue,Winter,2.8,No,Express,No,No,12,Cash,Bi-Weekly,Young Adult,14,26.07,1065.96,0
2889,70,Female,Hoodie,Clothing,42,Wisconsin,L,Green,Spring,5.0,No,2-Day Shipping,No,No,25,Debit Card,Quarterly,Senior,90,4.06,1220.52,1
2890,64,Female,Sunglasses,Accessories,43,Minnesota,M,Charcoal,Fall,3.3,No,Store Pickup,No,No,21,Venmo,Annually,Senior,365,1.0,946.0,1
2891,39,Female,Jeans,Clothing,55,North Dakota,M,Violet,Winter,3.7,No,Free Shipping,No,No,23,Credit Card,Monthly,Adult,30,12.17,1934.35,0
2892,47,Female,T-shirt,Clothing,73,Ohio,XL,Black,Winter,2.5,No,Free Shipping,No,No,10,PayPal,Monthly,Middle-aged,30,12.17,1618.41,0
2893,22,Female,Dress,Clothing,39,Nevada,M,Teal,Spring,3.2,No,Standard,No,No,47,Credit Card,Monthly,Young Adult,30,12.17,2307.63,0
2894,69,Female,Belt,Accessories,20,Kentucky,S,Orange,Spring,3.1,No,Free Shipping,No,No,44,Debit Card,Every 3 Months,Senior,90,4.06,961.2,0
2895,35,Female,Jewelry,Accessories,32,Kentucky,S,Brown,Spring,3.5,No,Standard,No,No,41,Venmo,Annually,Adult,365,1.0,1344.0,0
2896,56,Female,Hoodie,Clothing,86,Montana,L,Green,Summer,4.6,No,Standard,No,No,29,Bank Transfer,Monthly,Middle-aged,30,12.17,3540.62,0
2897,30,Female,Blouse,Clothing,91,Delaware,M,Silver,Summer,3.3,No,Free Shipping,No,No,2,Venmo,Every 3 Months,Young Adult,90,4.06,551.46,1
2898,43,Female,Jacket,Outerwear,59,Montana,L,Violet,Fall,2.5,No,Free Shipping,No,No,2,Cash,Fortnightly,Adult,14,26.07,1656.13,0
2899,23,Female,Sneakers,Footwear,33,New Jersey,XL,Peach,Summer,4.6,No,Express,No,No,29,Credit Card,Annually,Young Adult,365,1.0,990.0,0
2900,50,Female,Boots,Footwear,64,Nebraska,M,Gold,Spring,4.2,No,2-Day Shipping,No,No,22,Bank Transfer,Fortnightly,Middle-aged,14,26.07,3076.48,0
2901,41,Female,Blouse,Clothing,67,Maryland,XL,Violet,Winter,4.0,No,Standard,No,No,23,Cash,Bi-Weekly,Adult,14,26.07,3287.69,0
2902,41,Female,Blouse,Clothing,43,Alabama,L,Olive,Winter,2.6,No,Free Shipping,No,No,46,Credit Card,Quarterly,Adult,90,4.06,2152.58,0
2903,27,Female,Boots,Footwear,32,North Carolina,S,Orange,Spring,4.6,No,Standard,No,No,19,PayPal,Bi-Weekly,Young Adult,14,26.07,1442.24,0
2904,38,Female,Scarf,Accessories,39,Delaware,S,Teal,Spring,3.5,No,2-Day Shipping,No,No,24,Credit Card,Every 3 Months,Adult,90,4.06,1094.34,1
2905,41,Female,Sandals,Footwear,41,Iowa,M,Gray,Spring,4.0,No,2-Day Shipping,No,No,43,Venmo,Monthly,Adult,30,12.17,2261.97,0
2906,58,Female,Sunglasses,Accessories,53,New York,L,Black,Winter,4.8,No,Standard,No,No,14,Debit Card,Fortnightly,Senior,14,26.07,2123.71,0
2907,58,Female,Coat,Outerwear,27,Virginia,M,Indigo,Spring,3.9,No,Standard,No,No,7,Venmo,Annually,Senior,365,1.0,216.0,1
2908,19,Female,Sunglasses,Accessories,82,Maryland,XL,Lavender,Summer,3.7,No,Next Day Air,No,No,50,PayPal,Bi-Weekly,Young Adult,14,26.07,6237.74,0
2909,43,Female,Blouse,Clothing,87,Texas,M,Beige,Winter,3.1,No,Store Pickup,No,No,15,Debit Card,Every 3 Months,Adult,90,4.06,1658.22,1
2910,27,Female,Backpack,Accessories,78,Louisiana,M,Indigo,Winter,3.0,No,Next Day Air,No,No,40,Credit Card,Every 3 Months,Young Adult,90,4.06,3436.68,0
2911,32,Female,Belt,Accessories,32,Mississippi,M,Blue,Summer,2.9,No,Store Pickup,No,No,41,Credit Card,Monthly,Adult,30,12.17,1701.44,0
2912,28,Female,Socks,Clothing,38,Ohio,XL,Orange,Fall,2.9,No,Next Day Air,No,No,34,Venmo,Quarterly,Young Adult,90,4.06,1446.28,0
2913,48,Female,Shoes,Footwear,37,Oregon,M,Yellow,Winter,4.0,No,Standard,No,No,27,Cash,Bi-Weekly,Middle-aged,14,26.07,1963.59,0
2914,43,Female,Coat,Outerwear,83,Wyoming,L,Cyan,Winter,3.5,No,Express,No,No,12,Cash,Every 3 Months,Adult,90,4.06,1332.98,1
2915,45,Female,Sweater,Clothing,72,Pennsylvania,M,Yellow,Fall,3.8,No,Express,No,No,1,Debit Card,Bi-Weekly,Middle-aged,14,26.07,1949.04,0
2916,26,Female,Shirt,Clothing,30,Oregon,M,Cyan,Fall,4.5,No,Express,No,No,39,Debit Card,Bi-Weekly,Young Adult,14,26.07,1952.1,0
2917,62,Female,Shorts,Clothing,66,Oklahoma,M,Green,Winter,2.7,No,Express,No,No,13,Credit Card,Bi-Weekly,Senior,14,26.07,2578.62,0
2918,58,Female,Shirt,Clothing,45,Colorado,XL,White,Winter,2.9,No,Store Pickup,No,No,50,Venmo,Annually,Senior,365,1.0,2295.0,0
2919,19,Female,Sunglasses,Accessories,73,New York,S,Black,Fall,4.9,No,Free Shipping,No,No,36,Cash,Weekly,Young Adult,7,52.14,6434.22,0
2920,64,Female,Shoes,Footwear,67,Minnesota,L,Charcoal,Winter,3.8,No,Standard,No,No,31,Debit Card,Monthly,Senior,30,12.17,2892.39,0
2921,33,Female,Sunglasses,Accessories,72,Texas,XL,Brown,Spring,4.9,No,Free Shipping,No,No,3,Debit Card,Bi-Weekly,Adult,14,26.07,2093.04,0
2922,20,Female,Handbag,Accessories,24,Wisconsin,M,Cyan,Fall,4.6,No,Standard,No,No,11,Cash,Fortnightly,Young Adult,14,26.07,889.68,0
2923,45,Female,Sunglasses,Accessories,68,Kentucky,L,Beige,Winter,3.5,No,Express,No,No,16,PayPal,Quarterly,Middle-aged,90,4.06,1364.08,1
2924,28,Female,Shirt,Clothing,70,Pennsylvania,M,Magenta,Spring,4.2,No,2-Day Shipping,No,No,12,Cash,Quarterly,Young Adult,90,4.06,1124.2,1
2925,47,Female,Shirt,Clothing,64,Rhode Island,L,Indigo,Winter,3.7,No,Free Shipping,No,No,37,Debit Card,Every 3 Months,Middle-aged,90,4.06,2627.84,0
2926,54,Female,Sweater,Clothing,91,Illinois,M,Maroon,Spring,2.8,No,Store Pickup,No,No,43,Credit Card,Every 3 Months,Middle-aged,90,4.06,4282.46,0
2927,64,Female,Handbag,Accessories,82,Maryland,M,Gray,Winter,4.8,No,2-Day Shipping,No,No,9,Cash,Weekly,Senior,7,52.14,5013.48,0
2928,45,Female,Shirt,Clothing,24,Missouri,M,Black,Summer,2.7,No,Express,No,No,15,Venmo,Bi-Weekly,Middle-aged,14,26.07,985.68,0
2929,40,Female,Jewelry,Accessories,80,Alabama,L,Yellow,Spring,3.6,No,Store Pickup,No,No,17,Credit Card,Weekly,Adult,7,52.14,5531.2,0
2930,31,Female,Socks,Clothing,53,Maine,XL,White,Winter,4.5,No,Next Day Air,No,No,42,Venmo,Fortnightly,Young Adult,14,26.07,3607.71,0
2931,38,Female,T-shirt,Clothing,50,Mississippi,M,Orange,Spring,4.0,No,Free Shipping,No,No,14,Venmo,Monthly,Adult,30,12.17,1308.5,0
2932,36,Female,Jewelry,Accessories,31,Alabama,M,Magenta,Fall,4.5,No,2-Day Shipping,No,No,49,Credit Card,Bi-Weekly,Adult,14,26.07,2327.17,0
2933,65,Female,Backpack,Accessories,88,Alaska,L,Black,Spring,3.9,No,Express,No,No,3,PayPal,Quarterly,Senior,90,4.06,621.28,1
2934,27,Female,Hat,Accessories,52,Illinois,M,Brown,Summer,3.8,No,Standard,No,No,28,Venmo,Monthly,Young Adult,30,12.17,2088.84,0
2935,38,Female,Gloves,Accessories,22,Idaho,M,Orange,Fall,4.7,No,Next Day Air,No,No,41,Bank Transfer,Quarterly,Adult,90,4.06,991.32,0
2936,58,Female,Sneakers,Footwear,27,North Carolina,XL,Gray,Spring,4.6,No,Standard,No,No,11,Venmo,Weekly,Senior,7,52.14,1704.78,0
2937,31,Female,Skirt,Clothing,34,Washington,M,White,Spring,3.6,No,Express,No,No,46,PayPal,Weekly,Young Adult,7,52.14,3336.76,0
2938,28,Female,Handbag,Accessories,39,West Virginia,M,White,Spring,4.3,No,2-Day Shipping,No,No,15,Credit Card,Weekly,Young Adult,7,52.14,2618.46,0
2939,28,Female,Sunglasses,Accessories,53,Maine,M,Violet,Fall,3.0,No,Standard,No,No,15,Cash,Monthly,Young Adult,30,12.17,1440.01,0
2940,32,Female,Sweater,Clothing,46,Kentucky,M,Beige,Winter,4.3,No,Express,No,No,34,Venmo,Weekly,Adult,7,52.14,3962.44,0
2941,61,Female,Handbag,Accessories,85,Massachusetts,L,Beige,Summer,4.8,No,Next Day Air,No,No,13,Cash,Monthly,Senior,30,12.17,2139.45,0
2942,38,Female,Skirt,Clothing,86,Pennsylvania,L,Purple,Spring,3.7,No,Free Shipping,No,No,27,PayPal,Monthly,Adult,30,12.17,3368.62,0
2943,54,Female,Socks,Clothing,63,Hawaii,M,Brown,Summer,2.6,No,Free Shipping,No,No,37,Bank Transfer,Weekly,Middle-aged,7,52.14,5615.82,0
2944,29,Female,Shirt,Clothing,44,Virginia,M,Orange,Spring,3.4,No,Standard,No,No,37,Credit Card,Monthly,Young Adult,30,12.17,2163.48,0
2945,50,Female,Sneakers,Footwear,95,New York,XL,Cyan,Summer,3.9,No,Free Shipping,No,No,4,Venmo,Every 3 Months,Middle-aged,90,4.06,765.7,1
2946,32,Female,Belt,Accessories,49,Delaware,M,Charcoal,Summer,4.8,No,Free Shipping,No,No,1,Credit Card,Every 3 Months,Adult,90,4.06,247.94,1
2947,38,Female,Pants,Clothing,77,Hawaii,L,Purple,Spring,2.8,No,Free Shipping,No,No,29,Bank Transfer,Quarterly,Adult,90,4.06,2545.62,0
2948,52,Female,Jewelry,Accessories,63,Nebraska,L,Peach,Spring,4.4,No,Standard,No,No,50,Venmo,Annually,Middle-aged,365,1.0,3213.0,0
2949,61,Female,Pants,Clothing,83,Vermont,M,Violet,Winter,3.1,No,Standard,No,No,38,Debit Card,Bi-Weekly,Senior,14,26.07,5317.81,0
2950,25,Female,Jewelry,Accessories,93,Iowa,M,Peach,Spring,3.8,No,Store Pickup,No,No,15,PayPal,Annually,Young Adult,365,1.0,1488.0,1
2951,22,Female,Jeans,Clothing,91,Iowa,S,Maroon,Winter,4.1,No,2-Day Shipping,No,No,44,Debit Card,Every 3 Months,Young Adult,90,4.06,4373.46,0
2952,47,Female,Scarf,Accessories,99,Arkansas,L,Maroon,Fall,4.6,No,Free Shipping,No,No,14,Cash,Weekly,Middle-aged,7,52.14,6547.86,0
2953,50,Female,Belt,Accessories,24,Alabama,M,Peach,Spring,4.9,No,Next Day Air,No,No,5,Debit Card,Monthly,Middle-aged,30,12.17,412.08,0
2954,45,Female,Dress,Clothing,82,Maryland,M,Silver,Summer,4.8,No,Next Day Air,No,No,11,Credit Card,Annually,Middle-aged,365,1.0,984.0,1
2955,33,Female,T-shirt,Clothing,28,South Dakota,M,Indigo,Winter,3.9,No,Express,No,No,15,Credit Card,Annually,Adult,365,1.0,448.0,1
2956,42,Female,Boots,Footwear,67,Vermont,M,Silver,Winter,2.6,No,Free Shipping,No,No,46,Credit Card,Annually,Adult,365,1.0,3149.0,0
2957,52,Female,Dress,Clothing,88,Montana,M,Olive,Fall,3.7,No,Standard,No,No,30,Venmo,Monthly,Middle-aged,30,12.17,3710.96,0
2958,69,Female,Jewelry,Accessories,70,South Dakota,S,Gray,Fall,4.7,No,Standard,No,No,2,Cash,Annually,Senior,365,1.0,210.0,1
2959,55,Female,Skirt,Clothing,100,Ohio,M,Black,Summer,4.5,No,Standard,No,No,28,PayPal,Monthly,Middle-aged,30,12.17,4017.0,0
2960,38,Female,Handbag,Accessories,28,Texas,L,Maroon,Summer,4.7,No,Free Shipping,No,No,9,PayPal,Quarterly,Adult,90,4.06,365.68,1
2961,57,Female,Coat,Outerwear,48,Indiana,S,Olive,Spring,3.6,No,Standard,No,No,47,Credit Card,Weekly,Middle-aged,7,52.14,4758.72,0
2962,33,Female,Hoodie,Clothing,43,New Hampshire,S,Gold,Fall,2.8,No,Free Shipping,No,No,21,Debit Card,Bi-Weekly,Adult,14,26.07,2024.01,0
2963,57,Female,Pants,Clothing,40,California,L,Pink,Fall,4.0,No,Express,No,No,42,Credit Card,Every 3 Months,Middle-aged,90,4.06,1842.4,0
2964,52,Female,Boots,Footwear,97,Maine,M,Brown,Spring,3.6,No,Free Shipping,No,No,28,Credit Card,Weekly,Middle-aged,7,52.14,7773.58,0
2965,44,Female,Coat,Outerwear,25,Ohio,S,White,Fall,3.8,No,2-Day Shipping,No,No,13,Venmo,Fortnightly,Adult,14,26.07,976.75,0
2966,48,Female,Scarf,Accessories,45,Delaware,M,Blue,Summer,4.4,No,Standard,No,No,25,PayPal,Fortnightly,Middle-aged,14,26.07,2298.15,0
2967,52,Female,Boots,Footwear,49,Oklahoma,L,Orange,Fall,2.8,No,Store Pickup,No,No,38,Debit Card,Every 3 Months,Middle-aged,90,4.06,2060.94,0
2968,34,Female,Sneakers,Footwear,36,Indiana,L,Silver,Summer,3.4,No,Free Shipping,No,No,40,Venmo,Annually,Adult,365,1.0,1476.0,0
2969,26,Female,Sweater,Clothing,48,South Carolina,S,Gray,Fall,4.9,No,Express,No,No,25,Cash,Every 3 Months,Young Adult,90,4.06,1394.88,1
2970,36,Female,Belt,Accessories,62,Vermont,S,Blue,Fall,4.3,No,Next Day Air,No,No,20,Cash,Every 3 Months,Adult,90,4.06,1491.72,1
2971,24,Female,Jewelry,Accessories,74,Kansas,M,White,Winter,3.4,No,Free Shipping,No,No,44,Credit Card,Bi-Weekly,Young Adult,14,26.07,5185.18,0
2972,30,Female,Handbag,Accessories,100,Utah,L,Yellow,Fall,3.9,No,Next Day Air,No,No,9,PayPal,Every 3 Months,Young Adult,90,4.06,1306.0,1
2973,31,Female,Jacket,Outerwear,39,New York,S,Indigo,Fall,4.2,No,Free Shipping,No,No,11,Venmo,Every 3 Months,Young Adult,90,4.06,587.34,1
2974,25,Female,Boots,Footwear,65,Indiana,M,Blue,Summer,2.7,No,Store Pickup,No,No,3,Bank Transfer,Fortnightly,Young Adult,14,26.07,1889.55,0
2975,57,Female,Sneakers,Footwear,99,Tennessee,XL,Peach,Summer,4.1,No,Store Pickup,No,No,34,Credit Card,Weekly,Middle-aged,7,52.14,8527.86,0
2976,61,Female,Scarf,Accessories,68,Georgia,XL,Lavender,Winter,4.5,No,2-Day Shipping,No,No,48,Cash,Every 3 Months,Senior,90,4.06,3540.08,0
2977,30,Female,Coat,Outerwear,97,Nebraska,M,Silver,Summer,2.8,No,Express,No,No,28,Cash,Fortnightly,Young Adult,14,26.07,5244.79,0
2978,38,Female,Shorts,Clothing,47,Washington,L,Gold,Winter,3.4,No,Standard,No,No,20,Venmo,Annually,Adult,365,1.0,987.0,1
2979,53,Female,Shorts,Clothing,56,Idaho,S,Cyan,Spring,3.9,No,Free Shipping,No,No,49,Bank Transfer,Fortnightly,Middle-aged,14,26.07,4203.92,0
2980,31,Female,Jeans,Clothing,91,Louisiana,L,Olive,Fall,2.6,No,Next Day Air,No,No,14,PayPal,Weekly,Young Adult,7,52.14,6018.74,0
2981,70,Female,Gloves,Accessories,93,New Jersey,L,Teal,Fall,4.4,No,2-Day Shipping,No,No,9,Bank Transfer,Monthly,Senior,30,12.17,1968.81,0
2982,21,Female,Pants,Clothing,36,Delaware,L,Pink,Winter,4.9,No,Standard,No,No,37,Venmo,Annually,Young Adult,365,1.0,1368.0,0
2983,33,Female,Dress,Clothing,45,Wisconsin,M,Orange,Summer,3.6,No,Store Pickup,No,No,4,Credit Card,Weekly,Adult,7,52.14,2526.3,0
2984,60,Female,Pants,Clothing,44,West Virginia,M,Charcoal,Winter,2.8,No,2-Day Shipping,No,No,1,Credit Card,Quarterly,Senior,90,4.06,222.64,1
2985,45,Female,Gloves,Accessories,32,Texas,L,Red,Spring,4.3,No,2-Day Shipping,No,No,36,Debit Card,Bi-Weekly,Middle-aged,14,26.07,1986.24,0
2986,46,Female,Belt,Accessories,36,Hawaii,S,Teal,Summer,3.0,No,Express,No,No,21,Cash,Bi-Weekly,Middle-aged,14,26.07,1694.52,0
2987,62,Female,Belt,Accessories,85,Arizona,S,Silver,Summer,3.3,No,2-Day Shipping,No,No,16,Credit Card,Monthly,Senior,30,12.17,2394.45,0
2988,63,Female,Skirt,Clothing,36,Louisiana,L,Black,Winter,2.5,No,Store Pickup,No,No,42,Cash,Monthly,Senior,30,12.17,1950.12,0
2989,69,Female,Socks,Clothing,55,Nevada,S,Pink,Spring,5.0,No,2-Day Shipping,No,No,31,Debit Card,Monthly,Senior,30,12.17,2374.35,0
2990,46,Female,Belt,Accessories,20,Rhode Island,XL,Teal,Summer,4.3,No,2-Day Shipping,No,No,6,Credit Card,Weekly,Middle-aged,7,52.14,1162.8,0
2991,69,Female,Shirt,Clothing,91,Illinois,M,Teal,Fall,4.2,No,Free Shipping,No,No,24,Venmo,Monthly,Senior,30,12.17,3291.47,0
2992,66,Female,Dress,Clothing,71,Utah,L,Green,Summer,3.9,No,Standard,No,No,7,PayPal,Bi-Weekly,Senior,14,26.07,2347.97,0
2993,41,Female,Socks,Clothing,64,North Dakota,M,Charcoal,Spring,3.9,No,Store Pickup,No,No,25,Venmo,Weekly,Adult,7,52.14,4936.96,0
2994,32,Female,Jacket,Outerwear,21,Kansas,L,Indigo,Spring,4.2,No,Free Shipping,No,No,18,Cash,Bi-Weekly,Adult,14,26.07,925.47,0
2995,69,Female,Sweater,Clothing,100,Nevada,S,White,Winter,3.5,No,Store Pickup,No,No,14,Bank Transfer,Quarterly,Senior,90,4.06,1806.0,1
2996,29,Female,Jeans,Clothing,96,Virginia,M,Orange,Summer,2.5,No,Standard,No,No,42,Debit Card,Bi-Weekly,Young Adult,14,26.07,6534.72,0
2997,70,Female,Jewelry,Accessories,91,Utah,M,White,Spring,2.9,No,Express,No,No,6,Venmo,Every 3 Months,Senior,90,4.06,915.46,1
2998,41,Female,Sweater,Clothing,40,Idaho,S,Yellow,Spring,2.7,No,Next Day Air,No,No,14,Venmo,Every 3 Months,Adult,90,4.06,722.4,1
2999,31,Female,Hoodie,Clothing,53,Alaska,M,Red,Summer,4.7,No,Express,No,No,30,Debit Card,Quarterly,Young Adult,90,4.06,1805.18,0
3000,31,Female,Sunglasses,Accessories,48,New Hampshire,S,Charcoal,Winter,3.8,No,Standard,No,No,10,Cash,Monthly,Young Adult,30,12.17,1064.16,0
3001,57,Female,Sandals,Footwear,70,Ohio,M,Lavender,Winter,3.7,No,Express,No,No,7,PayPal,Weekly,Middle-aged,7,52.14,4139.8,0
3002,29,Female,Coat,Outerwear,29,Montana,L,Charcoal,Summer,4.7,No,Express,No,No,28,Credit Card,Quarterly,Young Adult,90,4.06,929.74,0
3003,70,Female,Belt,Accessories,29,Louisiana,M,Maroon,Fall,3.6,No,Next Day Air,No,No,19,Bank Transfer,Quarterly,Senior,90,4.06,668.74,1
3004,51,Female,Blouse,Clothing,53,Oregon,M,Brown,Fall,2.8,No,Express,No,No,13,Credit Card,Every 3 Months,Middle-aged,90,4.06,904.18,1
3005,45,Female,Skirt,Clothing,79,Arizona,M,Lavender,Winter,3.7,No,Store Pickup,No,No,23,Venmo,Fortnightly,Middle-aged,14,26.07,3876.53,0
3006,18,Female,Shorts,Clothing,65,Alaska,XL,Brown,Spring,3.5,No,Express,No,No,5,Venmo,Weekly,Young Adult,7,52.14,3714.1,0
3007,37,Female,Dress,Clothing,99,Utah,M,Olive,Summer,3.7,No,Store Pickup,No,No,17,Venmo,Bi-Weekly,Adult,14,26.07,4263.93,0
3008,23,Female,Sunglasses,Accessories,60,New York,L,Lavender,Winter,3.0,No,Next Day Air,No,No,31,Venmo,Weekly,Young Adult,7,52.14,4988.4,0
3009,39,Female,Shoes,Footwear,86,New Mexico,M,Gold,Winter,4.9,No,Free Shipping,No,No,19,PayPal,Weekly,Adult,7,52.14,6118.04,0
3010,62,Female,Belt,Accessories,73,Louisiana,M,Silver,Winter,4.6,No,Free Shipping,No,No,8,Venmo,Fortnightly,Senior,14,26.07,2487.11,0
3011,70,Female,Belt,Accessories,45,Ohio,M,Violet,Winter,3.3,No,Free Shipping,No,No,15,Credit Card,Annually,Senior,365,1.0,720.0,1
3012,20,Female,Belt,Accessories,70,Nevada,S,Brown,Summer,3.0,No,Next Day Air,No,No,18,Credit Card,Every 3 Months,Young Adult,90,4.06,1544.2,1
3013,42,Female,Belt,Accessories,65,Idaho,M,Teal,Fall,3.5,No,Standard,No,No,16,PayPal,Annually,Adult,365,1.0,1105.0,1
3014,41,Female,Skirt,Clothing,55,Arizona,L,Peach,Summer,4.2,No,Store Pickup,No,No,13,Cash,Monthly,Adult,30,12.17,1384.35,0
3015,24,Female,T-shirt,Clothing,65,Utah,M,Maroon,Spring,4.5,No,Express,No,No,38,PayPal,Every 3 Months,Young Adult,90,4.06,2733.9,0
3016,37,Female,Scarf,Accessories,21,Wyoming,XL,Lavender,Spring,2.8,No,Express,No,No,27,Bank Transfer,Bi-Weekly,Adult,14,26.07,1114.47,0
3017,30,Female,Blouse,Clothing,26,Indiana,L,Lavender,Summer,4.9,No,Store Pickup,No,No,31,Bank Transfer,Quarterly,Young Adult,90,4.06,911.56,0
3018,58,Female,Sunglasses,Accessories,71,Wisconsin,S,Purple,Summer,3.3,No,Next Day Air,No,No,24,Cash,Bi-Weekly,Senior,14,26.07,3554.97,0
3019,43,Female,Boots,Footwear,41,Texas,M,Green,Summer,3.0,No,Free Shipping,No,No,21,Debit Card,Bi-Weekly,Adult,14,26.07,1929.87,0
3020,19,Female,Jacket,Outerwear,44,Utah,M,Yellow,Winter,3.9,No,2-Day Shipping,No,No,15,PayPal,Annually,Young Adult,365,1.0,704.0,1
3021,23,Female,Jeans,Clothing,81,Arkansas,S,Charcoal,Fall,2.8,No,Store Pickup,No,No,48,Venmo,Every 3 Months,Young Adult,90,4.06,4216.86,0
3022,65,Female,Sunglasses,Accessories,77,Pennsylvania,S,Blue,Summer,4.5,No,2-Day Shipping,No,No,47,Cash,Quarterly,Senior,90,4.06,3931.62,0
3023,58,Female,Sandals,Footwear,26,Georgia,M,Lavender,Fall,4.0,No,Free Shipping,No,No,23,PayPal,Weekly,Senior,7,52.14,1953.64,0
3024,50,Female,Backpack,Accessories,31,Indiana,M,Brown,Summer,2.9,No,Express,No,No,4,PayPal,Quarterly,Middle-aged,90,4.06,249.86,1
3025,67,Female,Blouse,Clothing,82,Idaho,S,White,Spring,4.0,No,Free Shipping,No,No,47,Credit Card,Every 3 Months,Senior,90,4.06,4186.92,0
3026,40,Female,Shoes,Footwear,60,Montana,XL,Green,Summer,3.4,No,Store Pickup,No,No,7,PayPal,Monthly,Adult,30,12.17,1150.2,0
3027,55,Female,Shirt,Clothing,70,Tennessee,L,Magenta,Fall,2.5,No,Free Shipping,No,No,6,Credit Card,Annually,Middle-aged,365,1.0,490.0,1
3028,52,Female,Hoodie,Clothing,26,West Virginia,XL,Peach,Winter,2.8,No,2-Day Shipping,No,No,47,Credit Card,Quarterly,Middle-aged,90,4.06,1327.56,0
3029,62,Female,Dress,Clothing,100,California,L,Charcoal,Summer,3.0,No,Free Shipping,No,No,7,PayPal,Every 3 Months,Senior,90,4.06,1106.0,1
3030,64,Female,Dress,Clothing,82,Georgia,M,Gold,Summer,3.1,No,Free Shipping,No,No,1,Debit Card,Quarterly,Senior,90,4.06,414.92,1
3031,43,Female,Sneakers,Footwear,24,Maryland,XL,Purple,Spring,2.6,No,2-Day Shipping,No,No,23,Credit Card,Weekly,Adult,7,52.14,1803.36,0
3032,61,Female,Blouse,Clothing,74,Idaho,L,Teal,Summer,4.9,No,2-Day Shipping,No,No,30,Credit Card,Monthly,Senior,30,12.17,3120.58,0
3033,26,Female,Backpack,Accessories,58,California,XL,Green,Summer,3.5,No,Next Day Air,No,No,24,Credit Card,Quarterly,Young Adult,90,4.06,1627.48,1
3034,22,Female,Sweater,Clothing,56,Alabama,L,Orange,Spring,2.6,No,Store Pickup,No,No,9,PayPal,Weekly,Young Adult,7,52.14,3423.84,0
3035,51,Female,Boots,Footwear,37,Utah,L,Peach,Spring,3.5,No,2-Day Shipping,No,No,25,Credit Card,Quarterly,Middle-aged,90,4.06,1075.22,1
3036,69,Female,Handbag,Accessories,64,Kentucky,M,Gold,Spring,4.5,No,Free Shipping,No,No,18,Cash,Bi-Weekly,Senior,14,26.07,2820.48,0
3037,50,Female,Hoodie,Clothing,58,Vermont,S,Violet,Spring,4.3,No,Next Day Air,No,No,7,Venmo,Fortnightly,Middle-aged,14,26.07,1918.06,0
3038,51,Female,Belt,Accessories,44,Iowa,L,Charcoal,Summer,4.8,No,Next Day Air,No,No,2,Cash,Annually,Middle-aged,365,1.0,132.0,1
3039,56,Female,Jewelry,Accessories,39,Georgia,M,Brown,Summer,4.2,No,Free Shipping,No,No,36,Debit Card,Annually,Middle-aged,365,1.0,1443.0,0
3040,59,Female,Blouse,Clothing,48,Alabama,L,Blue,Spring,3.2,No,Next Day Air,No,No,31,PayPal,Bi-Weekly,Senior,14,26.07,2739.36,0
3041,18,Female,Handbag,Accessories,32,Nebraska,M,Gold,Fall,4.1,No,Express,No,No,10,Cash,Fortnightly,Young Adult,14,26.07,1154.24,0
3042,48,Female,Handbag,Accessories,79,Rhode Island,M,Orange,Winter,4.0,No,Express,No,No,27,PayPal,Monthly,Middle-aged,30,12.17,3094.43,0
3043,53,Female,Coat,Outerwear,27,South Dakota,L,Turquoise,Winter,2.9,No,Next Day Air,No,No,14,PayPal,Every 3 Months,Middle-aged,90,4.06,487.62,1
3044,45,Female,Belt,Accessories,98,Illinois,S,Peach,Fall,2.6,No,Store Pickup,No,No,17,Credit Card,Monthly,Middle-aged,30,12.17,2858.66,0
3045,21,Female,Boots,Footwear,67,North Carolina,M,Magenta,Winter,2.7,No,Free Shipping,No,No,10,Bank Transfer,Quarterly,Young Adult,90,4.06,942.02,1
3046,42,Female,Socks,Clothing,37,Florida,L,Black,Winter,4.6,No,2-Day Shipping,No,No,4,PayPal,Bi-Weekly,Adult,14,26.07,1112.59,0
3047,60,Female,Shoes,Footwear,49,Pennsylvania,M,White,Spring,3.2,No,Store Pickup,No,No,25,Cash,Every 3 Months,Senior,90,4.06,1423.94,1
3048,21,Female,Sneakers,Footwear,74,Vermont,M,Violet,Fall,4.1,No,2-Day Shipping,No,No,3,PayPal,Bi-Weekly,Young Adult,14,26.07,2151.18,0
3049,69,Female,Jewelry,Accessories,93,Colorado,M,Olive,Summer,3.9,No,Standard,No,No,47,Venmo,Fortnightly,Senior,14,26.07,6795.51,0
3050,40,Female,Handbag,Accessories,60,Utah,L,Red,Summer,3.0,No,Next Day Air,No,No,41,Bank Transfer,Bi-Weekly,Adult,14,26.07,4024.2,0
3051,31,Female,Coat,Outerwear,76,Kentucky,S,Green,Spring,3.6,No,Standard,No,No,28,Venmo,Every 3 Months,Young Adult,90,4.06,2436.56,0
3052,44,Female,Sunglasses,Accessories,64,Wyoming,L,Gold,Summer,4.6,No,Express,No,No,49,Debit Card,Every 3 Months,Adult,90,4.06,3395.84,0
3053,48,Female,Shoes,Footwear,38,Maine,XL,Olive,Spring,4.5,No,Store Pickup,No,No,7,Bank Transfer,Fortnightly,Middle-aged,14,26.07,1256.66,0
3054,32,Female,Shoes,Footwear,91,Maine,L,Brown,Winter,3.2,No,Next Day Air,No,No,22,Bank Transfer,Monthly,Adult,30,12.17,3109.47,0
3055,42,Female,Boots,Footwear,70,New Hampshire,S,Magenta,Summer,4.9,No,2-Day Shipping,No,No,34,Venmo,Monthly,Adult,30,12.17,3231.9,0
3056,27,Female,Sandals,Footwear,22,Kansas,M,Violet,Fall,5.0,No,Standard,No,No,5,Debit Card,Bi-Weekly,Young Adult,14,26.07,683.54,0
3057,69,Female,Gloves,Accessories,59,New Jersey,M,Beige,Spring,3.8,No,Standard,No,No,15,Cash,Bi-Weekly,Senior,14,26.07,2423.13,0
3058,67,Female,Backpack,Accessories,22,North Carolina,M,Blue,Spring,3.4,No,Next Day Air,No,No,26,Bank Transfer,Weekly,Senior,7,52.14,1719.08,0
3059,41,Female,Handbag,Accessories,74,West Virginia,S,Orange,Winter,3.8,No,Store Pickup,No,No,3,Bank Transfer,Fortnightly,Adult,14,26.07,2151.18,0
3060,46,Female,Sweater,Clothing,71,Kentucky,L,Maroon,Spring,3.2,No,Express,No,No,42,Credit Card,Quarterly,Middle-aged,90,4.06,3270.26,0
3061,47,Female,Coat,Outerwear,80,California,S,Charcoal,Summer,4.7,No,Store Pickup,No,No,1,Venmo,Monthly,Middle-aged,30,12.17,1053.6,0
3062,33,Female,T-shirt,Clothing,59,South Dakota,L,Olive,Fall,4.5,No,Express,No,No,20,PayPal,Every 3 Months,Adult,90,4.06,1419.54,1
3063,51,Female,Backpack,Accessories,96,California,L,Green,Fall,3.3,No,Standard,No,No,39,PayPal,Monthly,Middle-aged,30,12.17,4912.32,0
3064,26,Female,Sunglasses,Accessories,43,Connecticut,L,Brown,Winter,3.9,No,Store Pickup,No,No,24,Credit Card,Fortnightly,Young Adult,14,26.07,2153.01,0
3065,22,Female,Belt,Accessories,76,Idaho,S,Cyan,Winter,3.6,No,Express,No,No,49,Bank Transfer,Quarterly,Young Adult,90,4.06,4032.56,0
3066,49,Female,Jacket,Outerwear,59,North Dakota,M,Beige,Fall,2.8,No,Store Pickup,No,No,7,Venmo,Bi-Weekly,Middle-aged,14,26.07,1951.13,0
3067,58,Female,Skirt,Clothing,48,Michigan,L,Teal,Summer,4.3,No,Free Shipping,No,No,13,Venmo,Every 3 Months,Senior,90,4.06,818.88,1
3068,70,Female,Belt,Accessories,22,Missouri,S,Gray,Spring,3.5,No,Free Shipping,No,No,2,Cash,Weekly,Senior,7,52.14,1191.08,0
3069,32,Female,Boots,Footwear,40,California,M,Indigo,Winter,4.2,No,Express,No,No,4,Debit Card,Weekly,Adult,7,52.14,2245.6,0
3070,62,Female,Jeans,Clothing,73,Delaware,L,Magenta,Spring,4.6,No,Express,No,No,17,Debit Card,Quarterly,Senior,90,4.06,1537.38,1
3071,52,Female,Shoes,Footwear,26,Alabama,XL,Red,Fall,2.6,No,Free Shipping,No,No,43,PayPal,Bi-Weekly,Middle-aged,14,26.07,1795.82,0
3072,23,Female,Sweater,Clothing,41,New Hampshire,L,Turquoise,Spring,3.4,No,Next Day Air,No,No,6,PayPal,Monthly,Young Adult,30,12.17,744.97,0
3073,26,Female,Jewelry,Accessories,98,New York,L,Peach,Spring,3.1,No,Standard,No,No,46,PayPal,Quarterly,Young Adult,90,4.06,4905.88,0
3074,58,Female,Shirt,Clothing,63,Oregon,L,White,Winter,3.6,No,Free Shipping,No,No,7,Debit Card,Bi-Weekly,Senior,14,26.07,2083.41,0
3075,26,Female,Boots,Footwear,55,Massachusetts,L,Maroon,Winter,4.2,No,Next Day Air,No,No,34,Debit Card,Fortnightly,Young Adult,14,26.07,3303.85,0
3076,54,Female,Shorts,Clothing,90,Utah,XL,Beige,Winter,3.6,No,Standard,No,No,21,PayPal,Every 3 Months,Middle-aged,90,4.06,2255.4,1
3077,66,Female,Handbag,Accessories,46,New Hampshire,M,Blue,Summer,3.6,No,Express,No,No,13,Venmo,Bi-Weekly,Senior,14,26.07,1797.22,0
3078,60,Female,Sweater,Clothing,88,Illinois,S,Red,Spring,3.0,No,Store Pickup,No,No,33,Debit Card,Bi-Weekly,Senior,14,26.07,5198.16,0
3079,32,Female,Belt,Accessories,95,Alaska,M,Blue,Spring,2.5,No,2-Day Shipping,No,No,24,Bank Transfer,Bi-Weekly,Adult,14,26.07,4756.65,0
3080,48,Female,Belt,Accessories,31,Wyoming,M,Maroon,Fall,4.0,No,Store Pickup,No,No,4,Bank Transfer,Annually,Middle-aged,365,1.0,155.0,1
3081,69,Female,Hoodie,Clothing,42,Colorado,L,Yellow,Spring,4.1,No,Next Day Air,No,No,5,Cash,Bi-Weekly,Senior,14,26.07,1304.94,0
3082,64,Female,Sneakers,Footwear,44,Vermont,L,Pink,Winter,4.9,No,Next Day Air,No,No,11,Credit Card,Weekly,Senior,7,52.14,2778.16,0
3083,56,Female,T-shirt,Clothing,99,Utah,M,Maroon,Spring,4.0,No,Next Day Air,No,No,20,Bank Transfer,Annually,Middle-aged,365,1.0,2079.0,1
3084,22,Female,Pants,Clothing,20,Illinois,S,Purple,Summer,3.5,No,Store Pickup,No,No,28,PayPal,Quarterly,Young Adult,90,4.06,641.2,0
3085,46,Female,Scarf,Accessories,37,Idaho,S,Indigo,Spring,3.2,No,Store Pickup,No,No,43,PayPal,Monthly,Middle-aged,30,12.17,2041.29,0
3086,24,Female,Sweater,Clothing,50,Nevada,L,Gray,Winter,2.8,No,Store Pickup,No,No,10,Venmo,Every 3 Months,Young Adult,90,4.06,703.0,1
3087,47,Female,Handbag,Accessories,73,Utah,M,Lavender,Summer,3.5,No,Next Day Air,No,No,26,Venmo,Every 3 Months,Middle-aged,90,4.06,2194.38,0
3088,62,Female,Shirt,Clothing,84,North Carolina,M,Charcoal,Spring,3.1,No,Free Shipping,No,No,29,Bank Transfer,Monthly,Senior,30,12.17,3458.28,0
3089,34,Female,Dress,Clothing,64,Arkansas,M,Teal,Spring,3.3,No,Store Pickup,No,No,35,Bank Transfer,Quarterly,Adult,90,4.06,2499.84,0
3090,50,Female,Sandals,Footwear,21,North Carolina,L,Blue,Fall,4.6,No,Free Shipping,No,No,23,Cash,Bi-Weekly,Middle-aged,14,26.07,1030.47,0
3091,29,Female,Shirt,Clothing,36,Texas,M,Peach,Summer,4.9,No,Store Pickup,No,No,15,Bank Transfer,Quarterly,Young Adult,90,4.06,686.16,1
3092,68,Female,Dress,Clothing,81,Nevada,L,Orange,Winter,3.4,No,2-Day Shipping,No,No,46,Credit Card,Annually,Senior,365,1.0,3807.0,0
3093,52,Female,Sunglasses,Accessories,54,Utah,L,Silver,Fall,3.5,No,Next Day Air,No,No,14,Bank Transfer,Bi-Weekly,Middle-aged,14,26.07,2163.78,0
3094,29,Female,Socks,Clothing,63,Pennsylvania,L,Red,Summer,4.8,No,Store Pickup,No,No,17,Cash,Every 3 Months,Young Adult,90,4.06,1326.78,1
3095,22,Female,Sandals,Footwear,59,Georgia,M,Gray,Summer,2.7,No,Store Pickup,No,No,9,Cash,Weekly,Young Adult,7,52.14,3607.26,0
3096,62,Female,Hat,Accessories,53,Minnesota,S,Beige,Fall,3.4,No,Standard,No,No,13,Venmo,Fortnightly,Senior,14,26.07,2070.71,0
3097,69,Female,Shirt,Clothing,63,Kansas,L,White,Winter,3.5,No,Next Day Air,No,No,20,Bank Transfer,Monthly,Senior,30,12.17,2026.71,0
3098,48,Female,Shoes,Footwear,33,Delaware,M,Silver,Fall,3.7,No,Free Shipping,No,No,39,Bank Transfer,Quarterly,Middle-aged,90,4.06,1420.98,0
3099,66,Female,Pants,Clothing,64,New Mexico,L,Cyan,Summer,3.3,No,Next Day Air,No,No,50,Bank Transfer,Quarterly,Senior,90,4.06,3459.84,0
3100,42,Female,Shirt,Clothing,98,Michigan,S,Maroon,Fall,2.9,No,Free Shipping,No,No,21,Bank Transfer,Bi-Weekly,Adult,14,26.07,4612.86,0
3101,50,Female,Hat,Accessories,85,Vermont,L,Purple,Winter,3.9,No,Express,No,No,3,Bank Transfer,Weekly,Middle-aged,7,52.14,4686.9,0
3102,32,Female,Jewelry,Accessories,82,Idaho,S,Brown,Summer,2.7,No,Express,No,No,9,PayPal,Fortnightly,Adult,14,26.07,2875.74,0
3103,51,Female,Jacket,Outerwear,85,South Dakota,M,Green,Summer,4.3,No,Standard,No,No,29,Cash,Bi-Weekly,Middle-aged,14,26.07,4680.95,0
3104,27,Female,Shirt,Clothing,37,Illinois,S,Peach,Winter,3.0,No,2-Day Shipping,No,No,42,Bank Transfer,Weekly,Young Adult,7,52.14,3483.18,0
3105,43,Female,Pants,Clothing,56,Georgia,S,Turquoise,Summer,5.0,No,2-Day Shipping,No,No,41,Debit Card,Fortnightly,Adult,14,26.07,3755.92,0
3106,48,Female,Skirt,Clothing,33,Oregon,M,Olive,Fall,2.7,No,Express,No,No,17,Debit Card,Monthly,Middle-aged,30,12.17,962.61,0
3107,62,Female,Sandals,Footwear,57,Alabama,M,Yellow,Winter,4.7,No,Next Day Air,No,No,20,PayPal,Annually,Senior,365,1.0,1197.0,1
3108,65,Female,Blouse,Clothing,31,Hawaii,L,Gray,Winter,4.6,No,Standard,No,No,18,Credit Card,Bi-Weekly,Senior,14,26.07,1366.17,0
3109,50,Female,Socks,Clothing,69,Oregon,M,Purple,Fall,3.2,No,2-Day Shipping,No,No,7,PayPal,Monthly,Middle-aged,30,12.17,1322.73,0
3110,60,Female,Jacket,Outerwear,92,Illinois,M,Gray,Winter,4.3,No,Free Shipping,No,No,47,Bank Transfer,Fortnightly,Senior,14,26.07,6722.44,0
3111,19,Female,Handbag,Accessories,46,Texas,L,Lavender,Fall,4.6,No,Next Day Air,No,No,2,Bank Transfer,Bi-Weekly,Young Adult,14,26.07,1291.22,0
3112,21,Female,Belt,Accessories,81,Kansas,XL,Indigo,Spring,4.9,No,Free Shipping,No,No,25,Debit Card,Quarterly,Young Adult,90,4.06,2353.86,1
3113,19,Female,Blouse,Clothing,97,Texas,S,Green,Fall,3.8,No,Express,No,No,26,Venmo,Annually,Young Adult,365,1.0,2619.0,0
3114,46,Female,Shirt,Clothing,93,Nebraska,L,Green,Summer,2.6,No,Express,No,No,2,Debit Card,Weekly,Middle-aged,7,52.14,5035.02,0
3115,21,Female,Handbag,Accessories,56,Arkansas,M,Olive,Spring,4.7,No,Store Pickup,No,No,45,Venmo,Bi-Weekly,Young Adult,14,26.07,3979.92,0
3116,26,Female,Scarf,Accessories,53,South Dakota,M,Charcoal,Fall,4.1,No,Free Shipping,No,No,9,Bank Transfer,Bi-Weekly,Young Adult,14,26.07,1858.71,0
3117,50,Female,Coat,Outerwear,66,Montana,L,Gray,Spring,3.7,No,Store Pickup,No,No,1,Venmo,Weekly,Middle-aged,7,52.14,3507.24,0
3118,43,Female,Hoodie,Clothing,50,Florida,M,Olive,Fall,3.0,No,Free Shipping,No,No,4,PayPal,Bi-Weekly,Adult,14,26.07,1503.5,0
3119,61,Female,Shorts,Clothing,97,Virginia,L,Blue,Summer,4.7,No,Standard,No,No,31,Debit Card,Quarterly,Senior,90,4.06,3400.82,0
3120,63,Female,Sandals,Footwear,79,Louisiana,XL,Silver,Winter,4.7,No,2-Day Shipping,No,No,21,Credit Card,Every 3 Months,Senior,90,4.06,1979.74,1
3121,46,Female,Shirt,Clothing,76,Louisiana,M,Magenta,Fall,4.0,No,Store Pickup,No,No,32,Debit Card,Fortnightly,Middle-aged,14,26.07,4413.32,0
3122,63,Female,Hoodie,Clothing,38,Louisiana,L,Black,Fall,2.6,No,Standard,No,No,16,Venmo,Weekly,Senior,7,52.14,2589.32,0
3123,23,Female,Socks,Clothing,45,Georgia,M,Pink,Fall,3.0,No,Express,No,No,34,Credit Card,Fortnightly,Young Adult,14,26.07,2703.15,0
3124,57,Female,Handbag,Accessories,77,Iowa,XL,Red,Fall,3.3,No,Next Day Air,No,No,40,Venmo,Bi-Weekly,Middle-aged,14,26.07,5087.39,0
3125,57,Female,Jewelry,Accessories,51,California,M,Peach,Summer,3.4,No,Standard,No,No,4,Cash,Every 3 Months,Middle-aged,90,4.06,411.06,1
3126,33,Female,Coat,Outerwear,26,Oregon,L,Lavender,Spring,4.0,No,Standard,No,No,3,Cash,Quarterly,Adult,90,4.06,183.56,1
3127,57,Female,Sunglasses,Accessories,76,Maine,L,Lavender,Winter,2.6,No,Store Pickup,No,No,28,Bank Transfer,Bi-Weekly,Middle-aged,14,26.07,4109.32,0
3128,55,Female,Gloves,Accessories,94,Louisiana,M,Beige,Winter,3.4,No,Free Shipping,No,No,43,Credit Card,Every 3 Months,Middle-aged,90,4.06,4423.64,0
3129,65,Female,Jacket,Outerwear,32,Arkansas,S,Indigo,Fall,4.4,No,Standard,No,No,20,Cash,Annually,Senior,365,1.0,672.0,1
3130,60,Female,Sandals,Footwear,20,Maryland,S,Cyan,Summer,4.7,No,Express,No,No,40,Venmo,Every 3 Months,Senior,90,4.06,881.2,0
3131,52,Female,Pants,Clothing,20,Vermont,M,Yellow,Summer,4.5,No,Store Pickup,No,No,34,Venmo,Every 3 Months,Middle-aged,90,4.06,761.2,0
3132,34,Female,Jacket,Outerwear,59,North Dakota,M,Peach,Fall,2.9,No,Store Pickup,No,No,11,Bank Transfer,Every 3 Months,Adult,90,4.06,888.54,1
3133,33,Female,Sweater,Clothing,97,Michigan,M,Yellow,Summer,4.2,No,Express,No,No,26,Cash,Quarterly,Adult,90,4.06,2915.82,0
3134,58,Female,T-shirt,Clothing,68,Arkansas,M,Orange,Spring,4.1,No,Next Day Air,No,No,29,Cash,Bi-Weekly,Senior,14,26.07,3744.76,0
3135,35,Female,Boots,Footwear,66,Kentucky,L,Gray,Spring,4.4,No,Store Pickup,No,No,47,Bank Transfer,Weekly,Adult,7,52.14,6543.24,0
3136,68,Female,Shoes,Footwear,85,Indiana,L,Yellow,Spring,4.7,No,Free Shipping,No,No,48,Venmo,Fortnightly,Senior,14,26.07,6295.95,0
3137,58,Female,Skirt,Clothing,32,Minnesota,M,Gray,Fall,3.1,No,Next Day Air,No,No,29,Cash,Bi-Weekly,Senior,14,26.07,1762.24,0
3138,34,Female,Coat,Outerwear,44,Louisiana,M,Turquoise,Spring,2.7,No,2-Day Shipping,No,No,14,Bank Transfer,Monthly,Adult,30,12.17,1151.48,0
3139,47,Female,Blouse,Clothing,95,Kentucky,L,Gray,Fall,4.6,No,Next Day Air,No,No,40,Cash,Every 3 Months,Middle-aged,90,4.06,4185.7,0
3140,35,Female,Sunglasses,Accessories,85,Georgia,M,Olive,Winter,4.4,No,Next Day Air,No,No,4,Venmo,Weekly,Adult,7,52.14,4771.9,0
3141,34,Female,Gloves,Accessories,44,Alaska,XL,Peach,Summer,4.6,No,Free Shipping,No,No,37,Bank Transfer,Weekly,Adult,7,52.14,3922.16,0
3142,36,Female,Sunglasses,Accessories,30,Mississippi,S,Peach,Winter,4.9,No,Express,No,No,47,Credit Card,Bi-Weekly,Adult,14,26.07,2192.1,0
3143,23,Female,Sneakers,Footwear,21,Kansas,L,Magenta,Winter,4.0,No,2-Day Shipping,No,No,1,Venmo,Quarterly,Young Adult,90,4.06,106.26,1
3144,68,Female,Hoodie,Clothing,22,Arizona,M,Purple,Summer,2.9,No,Store Pickup,No,No,26,Cash,Quarterly,Senior,90,4.06,661.32,0
3145,23,Female,Boots,Footwear,70,Maine,L,Beige,Spring,2.6,No,Free Shipping,No,No,12,Debit Card,Quarterly,Young Adult,90,4.06,1124.2,1
3146,57,Female,Handbag,Accessories,29,Texas,XL,Purple,Spring,4.6,No,Standard,No,No,16,PayPal,Fortnightly,Middle-aged,14,26.07,1220.03,0
3147,21,Female,Shirt,Clothing,83,Virginia,S,Yellow,Winter,4.9,No,Free Shipping,No,No,19,PayPal,Annually,Young Adult,365,1.0,1660.0,1
3148,45,Female,Sweater,Clothing,99,North Dakota,M,Pink,Winter,4.3,No,Express,No,No,21,Credit Card,Weekly,Middle-aged,7,52.14,7240.86,0
3149,37,Female,Shorts,Clothing,35,West Virginia,L,Purple,Fall,4.3,No,Free Shipping,No,No,15,Venmo,Weekly,Adult,7,52.14,2349.9,0
3150,18,Female,Belt,Accessories,40,North Carolina,M,Lavender,Winter,4.6,No,Free Shipping,No,No,9,Venmo,Annually,Young Adult,365,1.0,400.0,1
3151,55,Female,Blouse,Clothing,25,Georgia,M,Peach,Spring,2.6,No,Express,No,No,7,Bank Transfer,Bi-Weekly,Middle-aged,14,26.07,826.75,0
3152,52,Female,T-shirt,Clothing,64,New Mexico,L,Orange,Fall,3.1,No,2-Day Shipping,No,No,47,Bank Transfer,Quarterly,Middle-aged,90,4.06,3267.84,0
3153,49,Female,Belt,Accessories,90,North Carolina,M,Red,Fall,3.1,No,Store Pickup,No,No,17,PayPal,Monthly,Middle-aged,30,12.17,2625.3,0
3154,56,Female,Socks,Clothing,88,Alabama,L,Red,Fall,3.1,No,Next Day Air,No,No,46,Venmo,Fortnightly,Middle-aged,14,26.07,6342.16,0
3155,27,Female,Belt,Accessories,55,Connecticut,M,Gold,Winter,4.4,No,Standard,No,No,32,Cash,Quarterly,Young Adult,90,4.06,1983.3,0
3156,22,Female,Handbag,Accessories,90,Montana,M,Brown,Fall,4.3,No,Free Shipping,No,No,34,Cash,Annually,Young Adult,365,1.0,3150.0,0
3157,18,Female,Shirt,Clothing,50,Montana,M,Black,Winter,3.1,No,2-Day Shipping,No,No,18,Cash,Monthly,Young Adult,30,12.17,1508.5,0
3158,21,Female,Belt,Accessories,34,Maine,L,Red,Fall,3.1,No,Store Pickup,No,No,5,Debit Card,Fortnightly,Young Adult,14,26.07,1056.38,0
3159,30,Female,Jewelry,Accessories,77,Mississippi,M,Gray,Winter,4.9,No,2-Day Shipping,No,No,44,Credit Card,Monthly,Young Adult,30,12.17,4325.09,0
3160,62,Female,Hat,Accessories,89,Louisiana,L,Pink,Winter,2.9,No,Store Pickup,No,No,4,Bank Transfer,Quarterly,Senior,90,4.06,717.34,1
3161,28,Female,Backpack,Accessories,87,Nebraska,XL,Turquoise,Fall,3.8,No,Next Day Air,No,No,37,Cash,Fortnightly,Young Adult,14,26.07,5487.09,0
3162,66,Female,Dress,Clothing,77,Massachusetts,S,Charcoal,Winter,4.2,No,2-Day Shipping,No,No,43,Cash,Monthly,Senior,30,12.17,4248.09,0
3163,66,Female,Shoes,Footwear,85,Wisconsin,L,Blue,Winter,3.9,No,Standard,No,No,28,Bank Transfer,Quarterly,Senior,90,4.06,2725.1,0
3164,49,Female,Pants,Clothing,66,Nebraska,XL,Turquoise,Summer,2.8,No,Express,No,No,36,Cash,Monthly,Middle-aged,30,12.17,3179.22,0
3165,40,Female,Dress,Clothing,32,Arizona,L,Silver,Winter,2.6,No,Standard,No,No,16,Credit Card,Annually,Adult,365,1.0,544.0,1
3166,49,Female,Jacket,Outerwear,92,Hawaii,M,Lavender,Spring,3.0,No,Store Pickup,No,No,38,Bank Transfer,Every 3 Months,Middle-aged,90,4.06,3869.52,0
3167,19,Female,Shirt,Clothing,80,Georgia,M,Gold,Winter,2.7,No,Next Day Air,No,No,37,Bank Transfer,Fortnightly,Young Adult,14,26.07,5045.6,0
3168,24,Female,Dress,Clothing,78,Oregon,M,Blue,Fall,2.8,No,2-Day Shipping,No,No,9,Cash,Bi-Weekly,Young Adult,14,26.07,2735.46,0
3169,31,Female,Jeans,Clothing,24,Montana,M,Orange,Spring,2.9,No,2-Day Shipping,No,No,14,PayPal,Fortnightly,Young Adult,14,26.07,961.68,0
3170,35,Female,T-shirt,Clothing,59,Georgia,M,White,Fall,3.8,No,Free Shipping,No,No,3,Venmo,Weekly,Adult,7,52.14,3253.26,0
3171,65,Female,Sunglasses,Accessories,41,Rhode Island,XL,Charcoal,Spring,4.4,No,Express,No,No,10,Credit Card,Fortnightly,Senior,14,26.07,1478.87,0
3172,68,Female,Jewelry,Accessories,26,Tennessee,M,Maroon,Spring,3.1,No,Express,No,No,26,Bank Transfer,Bi-Weekly,Senior,14,26.07,1353.82,0
3173,57,Female,Socks,Clothing,52,Missouri,M,Olive,Fall,3.7,No,Standard,No,No,30,Debit Card,Bi-Weekly,Middle-aged,14,26.07,2915.64,0
3174,69,Female,Skirt,Clothing,46,Washington,L,Teal,Summer,4.9,No,Next Day Air,No,No,32,PayPal,Fortnightly,Senior,14,26.07,2671.22,0
3175,45,Female,Pants,Clothing,52,Oklahoma,L,Orange,Winter,3.8,No,Store Pickup,No,No,35,PayPal,Monthly,Middle-aged,30,12.17,2452.84,0
3176,35,Female,Socks,Clothing,42,Connecticut,M,Maroon,Fall,3.4,No,Store Pickup,No,No,26,Debit Card,Every 3 Months,Adult,90,4.06,1262.52,0
3177,36,Female,Sandals,Footwear,37,Arkansas,XL,Turquoise,Spring,4.6,No,2-Day Shipping,No,No,39,Credit Card,Monthly,Adult,30,12.17,1893.29,0
3178,55,Female,Belt,Accessories,52,Missouri,L,Beige,Fall,3.2,No,Standard,No,No,31,Credit Card,Monthly,Middle-aged,30,12.17,2244.84,0
3179,66,Female,Sandals,Footwear,34,Washington,L,Beige,Spring,2.7,No,Free Shipping,No,No,28,Credit Card,Annually,Senior,365,1.0,986.0,0
3180,57,Female,Shorts,Clothing,88,Idaho,M,Olive,Spring,4.3,No,Free Shipping,No,No,12,Debit Card,Bi-Weekly,Middle-aged,14,26.07,3350.16,0
3181,18,Female,Handbag,Accessories,88,Montana,L,Turquoise,Fall,3.8,No,Standard,No,No,46,PayPal,Weekly,Young Adult,7,52.14,8636.32,0
3182,31,Female,Jacket,Outerwear,51,Montana,M,Charcoal,Summer,4.4,No,Free Shipping,No,No,27,PayPal,Every 3 Months,Young Adult,90,4.06,1584.06,0
3183,50,Female,Sunglasses,Accessories,97,Georgia,L,Green,Fall,3.6,No,Free Shipping,No,No,4,Credit Card,Annually,Middle-aged,365,1.0,485.0,1
3184,50,Female,Sneakers,Footwear,56,Mississippi,M,Green,Winter,3.5,No,Standard,No,No,14,Cash,Every 3 Months,Middle-aged,90,4.06,1011.36,1
3185,61,Female,Sweater,Clothing,53,Hawaii,L,Green,Spring,4.2,No,2-Day Shipping,No,No,30,Venmo,Quarterly,Senior,90,4.06,1805.18,0
3186,52,Female,Skirt,Clothing,71,Ohio,L,Gold,Fall,4.7,No,Express,No,No,6,PayPal,Annually,Middle-aged,365,1.0,497.0,1
3187,38,Female,Jewelry,Accessories,93,Virginia,S,Cyan,Winter,4.8,No,Store Pickup,No,No,43,Venmo,Annually,Adult,365,1.0,4092.0,0
3188,67,Female,Blouse,Clothing,72,Texas,L,Indigo,Winter,3.2,No,Free Shipping,No,No,28,Debit Card,Weekly,Senior,7,52.14,5770.08,0
3189,42,Female,Blouse,Clothing,59,Vermont,M,Lavender,Winter,3.5,No,Standard,No,No,39,Bank Transfer,Monthly,Adult,30,12.17,3019.03,0
3190,25,Female,Boots,Footwear,87,Kansas,M,Beige,Summer,4.2,No,Store Pickup,No,No,30,PayPal,Bi-Weekly,Young Adult,14,26.07,4878.09,0
3191,41,Female,Jeans,Clothing,78,California,S,Purple,Fall,3.4,No,Free Shipping,No,No,5,Credit Card,Fortnightly,Adult,14,26.07,2423.46,0
3192,62,Female,Hoodie,Clothing,68,Mississippi,XL,Maroon,Winter,4.7,No,Store Pickup,No,No,42,Credit Card,Every 3 Months,Senior,90,4.06,3132.08,0
3193,19,Female,Sweater,Clothing,76,Iowa,S,Maroon,Fall,3.0,No,Free Shipping,No,No,20,Cash,Fortnightly,Young Adult,14,26.07,3501.32,0
3194,63,Female,Gloves,Accessories,99,Virginia,L,Teal,Winter,4.0,No,Express,No,No,35,Credit Card,Fortnightly,Senior,14,26.07,6045.93,0
3195,43,Female,Sneakers,Footwear,52,Maryland,L,Gold,Summer,4.6,No,Standard,No,No,10,Credit Card,Bi-Weekly,Adult,14,26.07,1875.64,0
3196,68,Female,Sunglasses,Accessories,58,Missouri,S,Red,Spring,4.9,No,Next Day Air,No,No,36,Credit Card,Quarterly,Senior,90,4.06,2323.48,0
3197,24,Female,Belt,Accessories,59,Wisconsin,L,Maroon,Winter,2.8,No,Express,No,No,21,Debit Card,Fortnightly,Young Adult,14,26.07,2777.13,0
3198,27,Female,Sweater,Clothing,71,Maine,M,Teal,Spring,3.2,No,Free Shipping,No,No,29,Credit Card,Every 3 Months,Young Adult,90,4.06,2347.26,0
3199,61,Female,Gloves,Accessories,94,Pennsylvania,L,Peach,Winter,2.8,No,Free Shipping,No,No,39,Debit Card,Weekly,Senior,7,52.14,8567.16,0
3200,59,Female,Handbag,Accessories,40,Maine,XL,Pink,Winter,4.2,No,Express,No,No,16,PayPal,Monthly,Senior,30,12.17,1126.8,0
3201,67,Female,Socks,Clothing,24,Missouri,L,Black,Spring,4.8,No,Free Shipping,No,No,32,Credit Card,Monthly,Senior,30,12.17,1060.08,0
3202,46,Female,Pants,Clothing,38,Vermont,S,Indigo,Fall,2.8,No,2-Day Shipping,No,No,34,Cash,Monthly,Middle-aged,30,12.17,1754.46,0
3203,65,Female,Scarf,Accessories,37,Wisconsin,L,Green,Fall,4.5,No,Standard,No,No,38,Venmo,Annually,Senior,365,1.0,1443.0,0
3204,63,Female,Coat,Outerwear,29,New Jersey,L,Teal,Spring,4.1,No,Express,No,No,14,Venmo,Annually,Senior,365,1.0,435.0,1
3205,57,Female,Jacket,Outerwear,92,New Mexico,XL,Lavender,Fall,4.3,No,Free Shipping,No,No,23,Debit Card,Bi-Weekly,Middle-aged,14,26.07,4514.44,0
3206,40,Female,Hoodie,Clothing,24,Colorado,XL,Magenta,Fall,4.4,No,2-Day Shipping,No,No,50,Bank Transfer,Every 3 Months,Adult,90,4.06,1297.44,0
3207,36,Female,Boots,Footwear,52,California,M,Brown,Winter,3.0,No,Free Shipping,No,No,49,PayPal,Monthly,Adult,30,12.17,3180.84,0
3208,67,Female,Socks,Clothing,29,Arizona,XL,Beige,Summer,2.7,No,Next Day Air,No,No,14,PayPal,Annually,Senior,365,1.0,435.0,1
3209,61,Female,Jewelry,Accessories,30,Indiana,L,Indigo,Winter,3.3,No,2-Day Shipping,No,No,42,PayPal,Weekly,Senior,7,52.14,2824.2,0
3210,64,Female,Shoes,Footwear,31,Arkansas,L,Peach,Fall,4.3,No,Standard,No,No,39,Debit Card,Annually,Senior,365,1.0,1240.0,0
3211,30,Female,Socks,Clothing,67,Nevada,M,Magenta,Summer,2.9,No,Express,No,No,43,Venmo,Bi-Weekly,Young Adult,14,26.07,4627.69,0
3212,53,Female,Pants,Clothing,65,Rhode Island,L,Turquoise,Winter,4.9,No,Standard,No,No,12,Cash,Monthly,Middle-aged,30,12.17,1571.05,0
3213,27,Female,Sneakers,Footwear,22,Wyoming,M,Indigo,Winter,3.6,No,2-Day Shipping,No,No,21,Debit Card,Weekly,Young Adult,7,52.14,1609.08,0
3214,27,Female,Sunglasses,Accessories,56,Texas,M,Brown,Winter,3.3,No,Standard,No,No,33,Credit Card,Monthly,Young Adult,30,12.17,2529.52,0
3215,53,Female,Skirt,Clothing,78,Washington,M,Yellow,Spring,3.1,No,Free Shipping,No,No,6,Debit Card,Annually,Middle-aged,365,1.0,546.0,1
3216,34,Female,Coat,Outerwear,90,Rhode Island,M,Magenta,Summer,2.7,No,Free Shipping,No,No,10,PayPal,Every 3 Months,Adult,90,4.06,1265.4,1
3217,39,Female,Hoodie,Clothing,85,Illinois,S,Olive,Winter,3.4,No,Next Day Air,No,No,18,Cash,Weekly,Adult,7,52.14,5961.9,0
3218,44,Female,Sunglasses,Accessories,58,Oregon,M,Silver,Fall,3.4,No,Express,No,No,46,Venmo,Weekly,Adult,7,52.14,5692.12,0
3219,37,Female,Skirt,Clothing,34,Florida,M,Teal,Fall,3.9,No,Express,No,No,49,PayPal,Monthly,Adult,30,12.17,2079.78,0
3220,57,Female,Coat,Outerwear,40,Kansas,L,White,Summer,3.5,No,2-Day Shipping,No,No,39,Credit Card,Weekly,Middle-aged,7,52.14,3645.6,0
3221,38,Female,Handbag,Accessories,29,North Dakota,M,Blue,Fall,4.1,No,Free Shipping,No,No,16,Cash,Monthly,Adult,30,12.17,816.93,0
3222,21,Female,T-shirt,Clothing,76,New Hampshire,M,Yellow,Winter,3.2,No,Standard,No,No,28,Cash,Annually,Young Adult,365,1.0,2204.0,0
3223,45,Female,Sunglasses,Accessories,84,Texas,S,Maroon,Fall,4.6,No,Store Pickup,No,No,22,PayPal,Quarterly,Middle-aged,90,4.06,2189.04,1
3224,68,Female,Shirt,Clothing,65,Montana,S,Gray,Spring,3.9,No,Standard,No,No,36,Venmo,Bi-Weekly,Senior,14,26.07,4034.55,0
3225,37,Female,Hoodie,Clothing,80,Delaware,L,Indigo,Winter,2.7,No,Free Shipping,No,No,18,PayPal,Monthly,Adult,30,12.17,2413.6,0
3226,53,Female,Blouse,Clothing,98,New Hampshire,M,Pink,Fall,3.0,No,Store Pickup,No,No,31,Credit Card,Weekly,Middle-aged,7,52.14,8147.72,0
3227,57,Female,Sneakers,Footwear,71,Minnesota,XL,Beige,Spring,3.3,No,Next Day Air,No,No,38,Bank Transfer,Fortnightly,Middle-aged,14,26.07,4548.97,0
3228,28,Female,Scarf,Accessories,69,Alaska,XL,White,Fall,2.7,No,Free Shipping,No,No,42,Debit Card,Quarterly,Young Adult,90,4.06,3178.14,0
3229,37,Female,Jewelry,Accessories,95,Connecticut,M,Yellow,Spring,4.6,No,2-Day Shipping,No,No,27,PayPal,Annually,Adult,365,1.0,2660.0,0
3230,54,Female,Pants,Clothing,67,Connecticut,M,Teal,Fall,2.7,No,Express,No,No,24,Cash,Monthly,Middle-aged,30,12.17,2423.39,0
3231,49,Female,Sneakers,Footwear,49,Kansas,M,Olive,Summer,2.5,No,Next Day Air,No,No,38,Debit Card,Annually,Middle-aged,365,1.0,1911.0,0
3232,62,Female,Shoes,Footwear,97,Nevada,M,Maroon,Winter,4.4,No,Free Shipping,No,No,9,Credit Card,Annually,Senior,365,1.0,970.0,1
3233,45,Female,T-shirt,Clothing,34,Massachusetts,M,White,Spring,4.0,No,Next Day Air,No,No,19,Bank Transfer,Monthly,Middle-aged,30,12.17,1059.78,0
3234,45,Female,Belt,Accessories,74,Indiana,M,Lavender,Fall,3.8,No,Express,No,No,11,Debit Card,Bi-Weekly,Middle-aged,14,26.07,2743.18,0
3235,49,Female,Jewelry,Accessories,96,Washington,M,Black,Winter,2.5,No,2-Day Shipping,No,No,16,Debit Card,Quarterly,Middle-aged,90,4.06,1925.76,1
3236,27,Female,Belt,Accessories,68,Kansas,M,Green,Summer,4.0,No,Free Shipping,No,No,18,Venmo,Monthly,Young Adult,30,12.17,2051.56,0
3237,63,Female,Belt,Accessories,84,South Carolina,L,Olive,Fall,4.1,No,Next Day Air,No,No,8,Cash,Monthly,Senior,30,12.17,1694.28,0
3238,61,Female,T-shirt,Clothing,57,Vermont,M,Gray,Summer,2.8,No,Express,No,No,4,Cash,Weekly,Senior,7,52.14,3199.98,0
3239,25,Female,Sneakers,Footwear,84,Wyoming,XL,Teal,Fall,3.4,No,2-Day Shipping,No,No,37,Cash,Quarterly,Young Adult,90,4.06,3449.04,0
3240,33,Female,Sunglasses,Accessories,32,Colorado,M,Charcoal,Fall,2.7,No,2-Day Shipping,No,No,30,Cash,Monthly,Adult,30,12.17,1349.44,0
3241,56,Female,Sandals,Footwear,37,West Virginia,M,Violet,Fall,3.8,No,2-Day Shipping,No,No,37,Bank Transfer,Monthly,Middle-aged,30,12.17,1819.29,0
3242,50,Female,Handbag,Accessories,58,Connecticut,M,Lavender,Summer,4.4,No,Store Pickup,No,No,30,PayPal,Quarterly,Middle-aged,90,4.06,1975.48,0
3243,45,Female,Socks,Clothing,74,Oregon,S,Beige,Fall,2.8,No,Express,No,No,17,Venmo,Weekly,Middle-aged,7,52.14,5116.36,0
3244,45,Female,Hoodie,Clothing,99,Idaho,L,Black,Summer,5.0,No,Store Pickup,No,No,11,Bank Transfer,Every 3 Months,Middle-aged,90,4.06,1490.94,1
3245,65,Female,Sweater,Clothing,81,Arkansas,M,Black,Fall,4.7,No,Express,No,No,42,Credit Card,Annually,Senior,365,1.0,3483.0,0
3246,63,Female,Pants,Clothing,76,Kansas,M,Purple,Fall,3.2,No,Next Day Air,No,No,20,Cash,Weekly,Senior,7,52.14,5482.64,0
3247,70,Female,Sneakers,Footwear,98,Michigan,M,Magenta,Summer,2.9,No,Store Pickup,No,No,37,Cash,Monthly,Senior,30,12.17,4818.66,0
3248,53,Female,Gloves,Accessories,91,Arkansas,M,Teal,Summer,3.7,No,Express,No,No,12,PayPal,Fortnightly,Middle-aged,14,26.07,3464.37,0
3249,22,Female,T-shirt,Clothing,79,Pennsylvania,S,Teal,Summer,4.2,No,Free Shipping,No,No,41,Bank Transfer,Quarterly,Young Adult,90,4.06,3559.74,0
3250,26,Female,Backpack,Accessories,83,Virginia,M,Pink,Summer,3.4,No,Express,No,No,32,Credit Card,Quarterly,Young Adult,90,4.06,2992.98,0
3251,23,Female,Coat,Outerwear,90,Minnesota,M,Teal,Spring,2.9,No,2-Day Shipping,No,No,15,Venmo,Weekly,Young Adult,7,52.14,6042.6,0
3252,25,Female,Coat,Outerwear,20,Nevada,M,Gold,Winter,3.7,No,Standard,No,No,39,Venmo,Quarterly,Young Adult,90,4.06,861.2,0
3253,69,Female,Sandals,Footwear,21,Montana,L,Brown,Spring,2.7,No,Store Pickup,No,No,48,Credit Card,Fortnightly,Senior,14,26.07,1555.47,0
3254,36,Female,Backpack,Accessories,60,Nebraska,M,Brown,Fall,3.2,No,2-Day Shipping,No,No,8,Venmo,Fortnightly,Adult,14,26.07,2044.2,0
3255,21,Female,Sweater,Clothing,31,Indiana,S,Magenta,Winter,4.9,No,Store Pickup,No,No,11,Bank Transfer,Every 3 Months,Young Adult,90,4.06,466.86,1
3256,57,Female,Shorts,Clothing,40,New Jersey,M,Black,Fall,2.8,No,Next Day Air,No,No,36,Bank Transfer,Monthly,Middle-aged,30,12.17,1926.8,0
3257,60,Female,Sunglasses,Accessories,26,Wisconsin,L,Teal,Winter,4.7,No,Free Shipping,No,No,50,Venmo,Every 3 Months,Senior,90,4.06,1405.56,0
3258,44,Female,Shirt,Clothing,98,Minnesota,M,Brown,Fall,3.3,No,Express,No,No,39,Venmo,Every 3 Months,Adult,90,4.06,4219.88,0
3259,31,Female,Shoes,Footwear,51,New Jersey,M,Magenta,Spring,4.3,No,Express,No,No,11,Credit Card,Bi-Weekly,Young Adult,14,26.07,1890.57,0
3260,57,Female,Hat,Accessories,95,Oklahoma,XL,Indigo,Fall,3.7,No,2-Day Shipping,No,No,5,Debit Card,Every 3 Months,Middle-aged,90,4.06,860.7,1
3261,39,Female,Scarf,Accessories,36,Wisconsin,M,Violet,Summer,4.5,No,2-Day Shipping,No,No,7,Credit Card,Annually,Adult,365,1.0,288.0,1
3262,48,Female,Belt,Accessories,52,Rhode Island,L,Cyan,Winter,3.4,No,Store Pickup,No,No,50,Debit Card,Weekly,Middle-aged,7,52.14,5311.28,0
3263,42,Female,T-shirt,Clothing,35,Indiana,M,Violet,Spring,2.7,No,Standard,No,No,21,Cash,Every 3 Months,Adult,90,4.06,877.1,1
3264,56,Female,Shorts,Clothing,68,Vermont,S,Black,Fall,4.4,No,Express,No,No,31,Debit Card,Fortnightly,Middle-aged,14,26.07,3880.76,0
3265,28,Female,Pants,Clothing,50,Maine,S,Charcoal,Winter,4.0,No,Express,No,No,39,Cash,Bi-Weekly,Young Adult,14,26.07,3253.5,0
3266,40,Female,Sunglasses,Accessories,100,Alabama,M,White,Winter,3.2,No,Express,No,No,28,Credit Card,Fortnightly,Adult,14,26.07,5407.0,0
3267,49,Female,Coat,Outerwear,74,Alabama,S,Gray,Winter,4.2,No,Next Day Air,No,No,33,Bank Transfer,Weekly,Middle-aged,7,52.14,6300.36,0
3268,37,Female,Hoodie,Clothing,45,Idaho,L,Pink,Winter,3.0,No,Store Pickup,No,No,42,Credit Card,Quarterly,Adult,90,4.06,2072.7,0
3269,22,Female,Dress,Clothing,97,Arkansas,M,Cyan,Fall,2.8,No,Free Shipping,No,No,5,Bank Transfer,Every 3 Months,Young Adult,90,4.06,878.82,1
3270,27,Female,Blouse,Clothing,60,Ohio,M,Blue,Winter,4.9,No,Express,No,No,25,Cash,Monthly,Young Adult,30,12.17,2230.2,0
3271,59,Female,Socks,Clothing,25,Illinois,M,Indigo,Winter,4.7,No,Express,No,No,48,PayPal,Annually,Senior,365,1.0,1225.0,0
3272,35,Female,Socks,Clothing,55,Nevada,XL,Magenta,Spring,4.4,No,Standard,No,No,30,Credit Card,Weekly,Adult,7,52.14,4517.7,0
3273,58,Female,Shoes,Footwear,99,Texas,M,Lavender,Winter,3.1,No,Next Day Air,No,No,34,PayPal,Quarterly,Senior,90,4.06,3767.94,0
3274,58,Female,Belt,Accessories,45,Nevada,S,Orange,Summer,2.6,No,Free Shipping,No,No,34,PayPal,Every 3 Months,Senior,90,4.06,1712.7,0
3275,46,Female,Sweater,Clothing,20,Oklahoma,M,Cyan,Spring,3.9,No,Store Pickup,No,No,14,Cash,Fortnightly,Middle-aged,14,26.07,801.4,0
3276,43,Female,Pants,Clothing,88,Alabama,XL,Green,Summer,2.6,No,2-Day Shipping,No,No,2,Debit Card,Weekly,Adult,7,52.14,4764.32,0
3277,39,Female,Scarf,Accessories,99,South Dakota,M,White,Summer,4.0,No,Store Pickup,No,No,41,PayPal,Every 3 Months,Adult,90,4.06,4460.94,0
3278,59,Female,Skirt,Clothing,86,Texas,M,Blue,Spring,4.9,No,Store Pickup,No,No,3,Credit Card,Monthly,Senior,30,12.17,1304.62,0
3279,59,Female,Dress,Clothing,70,Montana,M,Black,Summer,3.3,No,2-Day Shipping,No,No,18,Bank Transfer,Weekly,Senior,7,52.14,4909.8,0
3280,59,Female,Hat,Accessories,50,Wyoming,S,Red,Fall,3.0,No,Express,No,No,1,Debit Card,Fortnightly,Senior,14,26.07,1353.5,0
3281,45,Female,Handbag,Accessories,57,New York,L,Red,Winter,2.7,No,Next Day Air,No,No,5,PayPal,Monthly,Middle-aged,30,12.17,978.69,0
3282,27,Female,Pants,Clothing,69,Oregon,L,Gold,Winter,3.1,No,Free Shipping,No,No,41,Bank Transfer,Annually,Young Adult,365,1.0,2898.0,0
3283,24,Female,T-shirt,Clothing,94,California,M,Red,Fall,4.8,No,Next Day Air,No,No,5,Credit Card,Monthly,Young Adult,30,12.17,1613.98,0
3284,47,Female,Jacket,Outerwear,24,North Carolina,L,Purple,Spring,2.9,No,Express,No,No,10,Debit Card,Every 3 Months,Middle-aged,90,4.06,337.44,1
3285,70,Female,Scarf,Accessories,79,Kentucky,L,White,Spring,4.5,No,2-Day Shipping,No,No,20,Venmo,Annually,Senior,365,1.0,1659.0,1
3286,58,Female,Hat,Accessories,31,Hawaii,XL,Magenta,Fall,4.6,No,Free Shipping,No,No,11,Cash,Weekly,Senior,7,52.14,1957.34,0
3287,45,Female,Jacket,Outerwear,67,Illinois,L,Pink,Winter,5.0,No,Express,No,No,4,Venmo,Fortnightly,Middle-aged,14,26.07,2014.69,0
3288,24,Female,Skirt,Clothing,63,West Virginia,L,Black,Spring,4.3,No,2-Day Shipping,No,No,38,Credit Card,Weekly,Young Adult,7,52.14,5678.82,0
3289,67,Female,Handbag,Accessories,61,South Carolina,XL,White,Spring,4.9,No,Next Day Air,No,No,19,Credit Card,Bi-Weekly,Senior,14,26.07,2749.27,0
3290,31,Female,Backpack,Accessories,50,Montana,M,Maroon,Summer,4.0,No,2-Day Shipping,No,No,16,Venmo,Every 3 Months,Young Adult,90,4.06,1003.0,1
3291,52,Female,Coat,Outerwear,82,North Dakota,L,Black,Spring,3.1,No,Free Shipping,No,No,2,PayPal,Monthly,Middle-aged,30,12.17,1161.94,0
3292,29,Female,Belt,Accessories,51,New Mexico,L,Olive,Fall,2.6,No,2-Day Shipping,No,No,11,Cash,Monthly,Young Adult,30,12.17,1181.67,0
3293,62,Female,Handbag,Accessories,23,Missouri,L,Gray,Spring,4.9,No,Standard,No,No,18,Bank Transfer,Fortnightly,Senior,14,26.07,1013.61,0
3294,19,Female,Coat,Outerwear,91,West Virginia,M,Gold,Spring,3.5,No,2-Day Shipping,No,No,47,Credit Card,Fortnightly,Young Adult,14,26.07,6649.37,0
3295,62,Female,Sweater,Clothing,60,South Carolina,S,Magenta,Spring,4.5,No,Store Pickup,No,No,15,Bank Transfer,Bi-Weekly,Senior,14,26.07,2464.2,0
3296,70,Female,Blouse,Clothing,34,West Virginia,S,Lavender,Summer,2.8,No,Next Day Air,No,No,15,Cash,Weekly,Senior,7,52.14,2282.76,0
3297,20,Female,Blouse,Clothing,23,Alaska,M,Green,Spring,4.2,No,Next Day Air,No,No,47,Venmo,Quarterly,Young Adult,90,4.06,1174.38,0
3298,67,Female,Belt,Accessories,82,West Virginia,M,Violet,Fall,4.1,No,Free Shipping,No,No,47,PayPal,Monthly,Senior,30,12.17,4851.94,0
3299,65,Female,Jacket,Outerwear,73,New Mexico,M,Brown,Fall,3.5,No,Express,No,No,6,Bank Transfer,Every 3 Months,Senior,90,4.06,734.38,1
3300,45,Female,Shorts,Clothing,32,South Dakota,L,Teal,Spring,4.0,No,2-Day Shipping,No,No,18,Venmo,Monthly,Middle-aged,30,12.17,965.44,0
3301,26,Female,Hat,Accessories,80,Oklahoma,M,Charcoal,Spring,4.0,No,Express,No,No,40,Bank Transfer,Bi-Weekly,Young Adult,14,26.07,5285.6,0
3302,36,Female,Pants,Clothing,58,Oklahoma,XL,Charcoal,Summer,2.5,No,Free Shipping,No,No,31,Credit Card,Fortnightly,Adult,14,26.07,3310.06,0
3303,36,Female,Blouse,Clothing,82,Alabama,XL,Beige,Winter,4.2,No,Standard,No,No,31,Venmo,Bi-Weekly,Adult,14,26.07,4679.74,0
3304,20,Female,Belt,Accessories,60,Mississippi,S,Turquoise,Summer,3.4,No,Next Day Air,No,No,4,Credit Card,Fortnightly,Young Adult,14,26.07,1804.2,0
3305,30,Female,Handbag,Accessories,79,Mississippi,XL,Orange,Fall,4.8,No,Next Day Air,No,No,36,Bank Transfer,Every 3 Months,Young Adult,90,4.06,3164.74,0
3306,34,Female,Hoodie,Clothing,41,Nebraska,L,Cyan,Summer,4.9,No,Standard,No,No,31,PayPal,Bi-Weekly,Adult,14,26.07,2339.87,0
3307,63,Female,Jacket,Outerwear,39,Colorado,L,Orange,Summer,3.6,No,Store Pickup,No,No,6,Venmo,Fortnightly,Senior,14,26.07,1250.73,0
3308,18,Female,Scarf,Accessories,36,Pennsylvania,S,Green,Winter,4.0,No,Store Pickup,No,No,1,Cash,Monthly,Young Adult,30,12.17,474.12,0
3309,55,Female,Jeans,Clothing,70,Utah,M,Pink,Fall,2.6,No,Express,No,No,29,Cash,Monthly,Middle-aged,30,12.17,2881.9,0
3310,48,Female,Handbag,Accessories,47,Massachusetts,M,Blue,Summer,3.1,No,Store Pickup,No,No,19,PayPal,Monthly,Middle-aged,30,12.17,1464.99,0
3311,45,Female,Jacket,Outerwear,27,Iowa,M,Pink,Winter,3.6,No,Free Shipping,No,No,12,PayPal,Fortnightly,Middle-aged,14,26.07,1027.89,0
3312,29,Female,Hat,Accessories,52,Florida,L,Blue,Summer,4.0,No,Express,No,No,18,Bank Transfer,Annually,Young Adult,365,1.0,988.0,1
3313,55,Female,Sneakers,Footwear,75,Louisiana,L,Black,Summer,3.9,No,Next Day Air,No,No,45,Cash,Quarterly,Middle-aged,90,4.06,3679.5,0
3314,55,Female,Hat,Accessories,30,Kansas,XL,Black,Fall,3.9,No,Express,No,No,45,Credit Card,Monthly,Middle-aged,30,12.17,1715.1,0
3315,55,Female,Socks,Clothing,94,Kansas,M,Violet,Spring,3.3,No,Standard,No,No,8,Credit Card,Quarterly,Middle-aged,90,4.06,1133.64,1
3316,48,Female,Scarf,Accessories,68,Kentucky,S,Gold,Summer,2.9,No,Standard,No,No,4,PayPal,Every 3 Months,Middle-aged,90,4.06,548.08,1
3317,42,Female,Socks,Clothing,45,New Mexico,M,Olive,Summer,3.1,No,Free Shipping,No,No,5,Debit Card,Fortnightly,Adult,14,26.07,1398.15,0
3318,21,Female,Hat,Accessories,67,North Carolina,XL,Pink,Summer,4.7,No,Standard,No,No,30,Cash,Quarterly,Young Adult,90,4.06,2282.02,0
3319,45,Female,Jacket,Outerwear,46,North Dakota,M,Olive,Summer,3.9,No,Free Shipping,No,No,15,PayPal,Monthly,Middle-aged,30,12.17,1249.82,0
3320,23,Female,Shorts,Clothing,31,North Dakota,M,Indigo,Summer,4.3,No,Next Day Air,No,No,17,Credit Card,Every 3 Months,Young Adult,90,4.06,652.86,1
3321,66,Female,Blouse,Clothing,44,Illinois,XL,Silver,Fall,4.2,No,2-Day Shipping,No,No,45,Cash,Every 3 Months,Senior,90,4.06,2158.64,0
3322,32,Female,Coat,Outerwear,100,Maine,S,Charcoal,Winter,4.3,No,Next Day Air,No,No,3,Venmo,Annually,Adult,365,1.0,400.0,1
3323,52,Female,Sweater,Clothing,92,Indiana,XL,Orange,Winter,4.6,No,Next Day Air,No,No,43,PayPal,Weekly,Middle-aged,7,52.14,8752.88,0
3324,54,Female,Handbag,Accessories,78,North Dakota,M,Yellow,Winter,3.8,No,Free Shipping,No,No,4,Credit Card,Monthly,Middle-aged,30,12.17,1261.26,0
3325,37,Female,T-shirt,Clothing,32,Missouri,S,Red,Fall,3.3,No,Standard,No,No,41,Venmo,Weekly,Adult,7,52.14,2980.48,0
3326,29,Female,Sandals,Footwear,97,Alaska,M,Maroon,Fall,3.7,No,2-Day Shipping,No,No,16,Venmo,Monthly,Young Adult,30,12.17,2732.49,0
3327,47,Female,Gloves,Accessories,95,North Dakota,M,Magenta,Summer,4.3,No,Standard,No,No,10,Debit Card,Annually,Middle-aged,365,1.0,1045.0,1
3328,47,Female,Shorts,Clothing,64,Connecticut,M,Black,Spring,4.1,No,Express,No,No,2,Debit Card,Quarterly,Middle-aged,90,4.06,387.84,1
3329,42,Female,Sandals,Footwear,35,Wisconsin,M,Violet,Spring,3.2,No,Free Shipping,No,No,11,Cash,Bi-Weekly,Adult,14,26.07,1297.45,0
3330,34,Female,Backpack,Accessories,54,New Jersey,M,Gray,Winter,3.8,No,Express,No,No,1,Debit Card,Bi-Weekly,Adult,14,26.07,1461.78,0
3331,38,Female,Sneakers,Footwear,96,Missouri,M,Black,Spring,3.2,No,2-Day Shipping,No,No,41,Bank Transfer,Quarterly,Adult,90,4.06,4325.76,0
3332,55,Female,Sunglasses,Accessories,58,California,M,Pink,Summer,3.5,No,Free Shipping,No,No,39,PayPal,Quarterly,Middle-aged,90,4.06,2497.48,0
3333,27,Female,T-shirt,Clothing,23,Washington,M,Silver,Summer,3.1,No,2-Day Shipping,No,No,1,PayPal,Bi-Weekly,Young Adult,14,26.07,622.61,0
3334,55,Female,Jeans,Clothing,35,Minnesota,M,Violet,Spring,4.2,No,Express,No,No,3,PayPal,Monthly,Middle-aged,30,12.17,530.95,0
3335,66,Female,Shirt,Clothing,23,California,M,Beige,Summer,3.4,No,Free Shipping,No,No,21,Credit Card,Annually,Senior,365,1.0,506.0,1
3336,44,Female,Hat,Accessories,94,Texas,XL,Cyan,Winter,3.5,No,Express,No,No,48,Bank Transfer,Quarterly,Adult,90,4.06,4893.64,0
3337,39,Female,Blouse,Clothing,45,Montana,M,Brown,Fall,4.0,No,Free Shipping,No,No,24,Debit Card,Annually,Adult,365,1.0,1125.0,1
3338,23,Female,Jacket,Outerwear,23,Arizona,L,Blue,Winter,4.4,No,2-Day Shipping,No,No,45,Bank Transfer,Bi-Weekly,Young Adult,14,26.07,1634.61,0
3339,29,Female,Skirt,Clothing,94,Minnesota,L,White,Winter,2.9,No,2-Day Shipping,No,No,46,Credit Card,Monthly,Young Adult,30,12.17,5467.98,0
3340,20,Female,Gloves,Accessories,99,Nebraska,M,Cyan,Fall,3.6,No,Store Pickup,No,No,35,Cash,Fortnightly,Young Adult,14,26.07,6045.93,0
3341,42,Female,T-shirt,Clothing,36,Virginia,XL,Maroon,Fall,4.4,No,Free Shipping,No,No,47,Credit Card,Fortnightly,Adult,14,26.07,2630.52,0
3342,55,Female,Jacket,Outerwear,50,Connecticut,XL,Olive,Summer,4.5,No,Standard,No,No,35,Credit Card,Monthly,Middle-aged,30,12.17,2358.5,0
3343,66,Female,Jacket,Outerwear,81,New Jersey,M,Violet,Spring,3.8,No,Free Shipping,No,No,45,Credit Card,Weekly,Senior,7,52.14,7868.34,0
3344,24,Female,Shorts,Clothing,31,Kentucky,XL,Green,Winter,3.6,No,2-Day Shipping,No,No,6,Cash,Bi-Weekly,Young Adult,14,26.07,994.17,0
3345,62,Female,Hat,Accessories,48,Washington,XL,Magenta,Fall,4.3,No,Free Shipping,No,No,20,Cash,Annually,Senior,365,1.0,1008.0,1
3346,28,Female,Handbag,Accessories,91,Florida,M,Turquoise,Summer,4.0,No,2-Day Shipping,No,No,3,Venmo,Bi-Weekly,Young Adult,14,26.07,2645.37,0
3347,30,Female,Jeans,Clothing,99,Oklahoma,M,Black,Summer,3.4,No,Express,No,No,30,Venmo,Quarterly,Young Adult,90,4.06,3371.94,0
3348,22,Female,Shoes,Footwear,70,Iowa,XL,Cyan,Summer,4.4,No,Standard,No,No,28,PayPal,Bi-Weekly,Young Adult,14,26.07,3784.9,0
3349,28,Female,T-shirt,Clothing,74,New Hampshire,L,Gray,Winter,2.8,No,Standard,No,No,15,Cash,Every 3 Months,Young Adult,90,4.06,1410.44,1
3350,35,Female,Jewelry,Accessories,79,Georgia,M,Red,Fall,2.8,No,Store Pickup,No,No,29,PayPal,Quarterly,Adult,90,4.06,2611.74,0
3351,45,Female,Handbag,Accessories,33,Mississippi,S,Olive,Fall,4.9,No,2-Day Shipping,No,No,15,Cash,Bi-Weekly,Middle-aged,14,26.07,1355.31,0
3352,43,Female,Shirt,Clothing,49,New Hampshire,L,Cyan,Spring,4.2,No,2-Day Shipping,No,No,18,Bank Transfer,Fortnightly,Adult,14,26.07,2159.43,0
3353,55,Female,Belt,Accessories,96,Washington,M,Teal,Summer,2.9,No,Next Day Air,No,No,7,Bank Transfer,Bi-Weekly,Middle-aged,14,26.07,3174.72,0
3354,31,Female,Dress,Clothing,66,Ohio,L,Teal,Fall,4.6,No,Free Shipping,No,No,19,Credit Card,Every 3 Months,Young Adult,90,4.06,1521.96,1
3355,42,Female,Skirt,Clothing,45,Maryland,M,Orange,Fall,2.8,No,Next Day Air,No,No,15,PayPal,Weekly,Adult,7,52.14,3021.3,0
3356,40,Female,Blouse,Clothing,28,Delaware,M,Peach,Spring,2.6,No,Store Pickup,No,No,3,Bank Transfer,Bi-Weekly,Adult,14,26.07,813.96,0
3357,39,Female,Jeans,Clothing,48,Tennessee,M,Silver,Summer,3.5,No,Store Pickup,No,No,13,PayPal,Bi-Weekly,Adult,14,26.07,1875.36,0
3358,41,Female,Hoodie,Clothing,67,Arkansas,M,Pink,Winter,3.5,No,Free Shipping,No,No,37,Credit Card,Monthly,Adult,30,12.17,3294.39,0
3359,56,Female,T-shirt,Clothing,59,Tennessee,M,Magenta,Fall,3.4,No,2-Day Shipping,No,No,26,Cash,Annually,Middle-aged,365,1.0,1593.0,0
3360,43,Female,Sunglasses,Accessories,74,New Hampshire,L,Red,Fall,3.9,No,Next Day Air,No,No,29,Debit Card,Monthly,Adult,30,12.17,3046.58,0
3361,22,Female,Jacket,Outerwear,81,Minnesota,M,Maroon,Spring,3.3,No,2-Day Shipping,No,No,47,Cash,Every 3 Months,Young Adult,90,4.06,4135.86,0
3362,47,Female,Shoes,Footwear,26,Florida,M,Silver,Spring,4.1,No,Free Shipping,No,No,47,Credit Card,Bi-Weekly,Middle-aged,14,26.07,1899.82,0
3363,50,Female,Handbag,Accessories,61,Tennessee,M,Gray,Summer,3.0,No,Next Day Air,No,No,48,Venmo,Fortnightly,Middle-aged,14,26.07,4518.27,0
3364,58,Female,Sweater,Clothing,23,California,M,Turquoise,Winter,3.0,No,Next Day Air,No,No,46,Bank Transfer,Bi-Weekly,Senior,14,26.07,1657.61,0
3365,50,Female,Scarf,Accessories,33,Oregon,M,Peach,Fall,3.2,No,Standard,No,No,7,Credit Card,Monthly,Middle-aged,30,12.17,632.61,0
3366,43,Female,Skirt,Clothing,58,Tennessee,L,Teal,Fall,3.9,No,Express,No,No,45,Credit Card,Every 3 Months,Adult,90,4.06,2845.48,0
3367,38,Female,Gloves,Accessories,65,North Carolina,M,Red,Spring,3.6,No,2-Day Shipping,No,No,47,Debit Card,Quarterly,Adult,90,4.06,3318.9,0
3368,44,Female,T-shirt,Clothing,48,Tennessee,M,Blue,Summer,3.1,No,Store Pickup,No,No,6,Venmo,Fortnightly,Adult,14,26.07,1539.36,0
3369,30,Female,Sandals,Footwear,25,Nebraska,M,Blue,Spring,4.8,No,Express,No,No,29,Bank Transfer,Every 3 Months,Young Adult,90,4.06,826.5,0
3370,47,Female,Sweater,Clothing,51,Maine,M,Indigo,Winter,3.8,No,2-Day Shipping,No,No,42,Cash,Monthly,Middle-aged,30,12.17,2762.67,0
3371,30,Female,Belt,Accessories,31,Illinois,M,Charcoal,Summer,2.8,No,Store Pickup,No,No,46,Cash,Fortnightly,Young Adult,14,26.07,2234.17,0
3372,49,Female,Hoodie,Clothing,99,Colorado,S,Turquoise,Winter,4.0,No,Next Day Air,No,No,28,PayPal,Annually,Middle-aged,365,1.0,2871.0,0
3373,56,Female,Socks,Clothing,25,Pennsylvania,M,Maroon,Winter,4.6,No,Free Shipping,No,No,14,Credit Card,Every 3 Months,Middle-aged,90,4.06,451.5,1
3374,70,Female,Sandals,Footwear,52,Minnesota,M,Purple,Spring,3.5,No,Store Pickup,No,No,12,Debit Card,Every 3 Months,Senior,90,4.06,835.12,1
3375,22,Female,Blouse,Clothing,47,Nevada,S,Lavender,Spring,3.7,No,2-Day Shipping,No,No,41,Debit Card,Annually,Young Adult,365,1.0,1974.0,0
3376,51,Female,Boots,Footwear,98,Connecticut,XL,Yellow,Fall,4.9,No,Express,No,No,8,Credit Card,Annually,Middle-aged,365,1.0,882.0,1
3377,22,Female,Hat,Accessories,46,Ohio,M,Green,Winter,4.1,No,Store Pickup,No,No,24,Cash,Quarterly,Young Adult,90,4.06,1290.76,1
3378,37,Female,Shirt,Clothing,32,Kentucky,M,Yellow,Winter,4.6,No,Next Day Air,No,No,18,PayPal,Fortnightly,Adult,14,26.07,1410.24,0
3379,49,Female,Shorts,Clothing,75,Minnesota,L,Gold,Fall,4.5,No,Next Day Air,No,No,6,Cash,Quarterly,Middle-aged,90,4.06,754.5,1
3380,61,Female,Handbag,Accessories,51,Tennessee,L,Turquoise,Summer,5.0,No,Store Pickup,No,No,40,Cash,Weekly,Senior,7,52.14,4699.14,0
3381,41,Female,Dress,Clothing,52,North Dakota,L,Blue,Summer,3.8,No,Standard,No,No,6,PayPal,Every 3 Months,Adult,90,4.06,523.12,1
3382,57,Female,Hat,Accessories,66,Minnesota,L,Turquoise,Winter,4.7,No,Standard,No,No,27,Credit Card,Quarterly,Middle-aged,90,4.06,2049.96,0
3383,34,Female,Sweater,Clothing,35,Nebraska,M,Maroon,Spring,2.8,No,Express,No,No,2,Bank Transfer,Weekly,Adult,7,52.14,1894.9,0
3384,27,Female,Coat,Outerwear,43,Delaware,M,Pink,Fall,2.6,No,Next Day Air,No,No,39,Venmo,Bi-Weekly,Young Adult,14,26.07,2798.01,0
3385,39,Female,Hoodie,Clothing,24,Minnesota,L,Maroon,Summer,3.8,No,Free Shipping,No,No,9,Venmo,Quarterly,Adult,90,4.06,313.44,1
3386,62,Female,Jewelry,Accessories,83,Rhode Island,M,Olive,Winter,2.8,No,Standard,No,No,16,Credit Card,Every 3 Months,Senior,90,4.06,1664.98,1
3387,34,Female,T-shirt,Clothing,62,Michigan,M,Lavender,Fall,2.6,No,2-Day Shipping,No,No,36,Cash,Quarterly,Adult,90,4.06,2483.72,0
3388,53,Female,Pants,Clothing,78,New Jersey,S,Pink,Spring,3.4,No,2-Day Shipping,No,No,2,Credit Card,Bi-Weekly,Middle-aged,14,26.07,2189.46,0
3389,35,Female,Sweater,Clothing,61,South Dakota,M,Cyan,Spring,4.5,No,Store Pickup,No,No,21,Credit Card,Weekly,Adult,7,52.14,4461.54,0
3390,38,Female,Pants,Clothing,57,North Carolina,L,Maroon,Fall,3.8,No,Free Shipping,No,No,39,Venmo,Annually,Adult,365,1.0,2280.0,0
3391,32,Female,Socks,Clothing,70,Oregon,S,Red,Summer,3.0,No,Next Day Air,No,No,38,PayPal,Annually,Adult,365,1.0,2730.0,0
3392,47,Female,Hoodie,Clothing,57,Montana,M,Silver,Fall,3.7,No,2-Day Shipping,No,No,6,Debit Card,Every 3 Months,Middle-aged,90,4.06,573.42,1
3393,53,Female,Scarf,Accessories,74,New Jersey,XL,Blue,Winter,4.4,No,Free Shipping,No,No,6,Venmo,Bi-Weekly,Middle-aged,14,26.07,2373.18,0
3394,60,Female,Dress,Clothing,90,Arizona,M,Gold,Fall,3.1,No,Next Day Air,No,No,50,Debit Card,Monthly,Senior,30,12.17,5595.3,0
3395,31,Female,Sandals,Footwear,98,Vermont,S,Yellow,Spring,4.2,No,Store Pickup,No,No,9,PayPal,Annually,Young Adult,365,1.0,980.0,1
3396,44,Female,Dress,Clothing,43,Colorado,M,Silver,Winter,3.1,No,Free Shipping,No,No,15,Debit Card,Every 3 Months,Adult,90,4.06,819.58,1
3397,29,Female,Pants,Clothing,37,Tennessee,XL,Black,Winter,5.0,No,Next Day Air,No,No,5,PayPal,Quarterly,Young Adult,90,4.06,335.22,1
3398,19,Female,Blouse,Clothing,38,New Jersey,L,Yellow,Summer,2.7,No,Standard,No,No,13,Bank Transfer,Bi-Weekly,Young Adult,14,26.07,1484.66,0
3399,54,Female,Jeans,Clothing,60,Montana,L,Pink,Winter,3.8,No,Standard,No,No,44,Cash,Fortnightly,Middle-aged,14,26.07,4204.2,0
3400,40,Female,Pants,Clothing,55,Montana,XL,Yellow,Winter,3.3,No,Standard,No,No,36,Debit Card,Annually,Adult,365,1.0,2035.0,0
3401,39,Female,Sunglasses,Accessories,51,Nevada,M,Lavender,Fall,4.8,No,Free Shipping,No,No,18,Venmo,Fortnightly,Adult,14,26.07,2247.57,0
3402,44,Female,Backpack,Accessories,71,Nevada,L,Peach,Winter,3.4,No,Standard,No,No,39,Credit Card,Weekly,Adult,7,52.14,6470.94,0
3403,22,Female,Hoodie,Clothing,61,Louisiana,M,Black,Spring,4.4,No,2-Day Shipping,No,No,11,PayPal,Every 3 Months,Young Adult,90,4.06,918.66,1
3404,30,Female,Boots,Footwear,65,Illinois,M,Olive,Summer,3.9,No,Standard,No,No,1,Cash,Bi-Weekly,Young Adult,14,26.07,1759.55,0
3405,69,Female,Gloves,Accessories,34,South Carolina,L,Olive,Fall,3.9,No,2-Day Shipping,No,No,34,Credit Card,Annually,Senior,365,1.0,1190.0,0
3406,28,Female,Blouse,Clothing,87,Washington,M,White,Summer,4.2,No,Store Pickup,No,No,47,Bank Transfer,Bi-Weekly,Young Adult,14,26.07,6357.09,0
3407,57,Female,Sweater,Clothing,79,Nebraska,M,Red,Spring,4.0,No,Store Pickup,No,No,24,Venmo,Quarterly,Middle-aged,90,4.06,2216.74,1
3408,46,Female,Dress,Clothing,46,Alabama,S,Purple,Spring,2.6,No,Store Pickup,No,No,20,Cash,Quarterly,Middle-aged,90,4.06,1106.76,1
3409,48,Female,Socks,Clothing,72,Montana,L,Purple,Summer,4.4,No,Standard,No,No,11,Bank Transfer,Annually,Middle-aged,365,1.0,864.0,1
3410,24,Female,Shirt,Clothing,93,Minnesota,M,Teal,Summer,3.2,No,Next Day Air,No,No,3,Credit Card,Every 3 Months,Young Adult,90,4.06,656.58,1
3411,50,Female,Sandals,Footwear,76,Ohio,L,Teal,Summer,4.3,No,Free Shipping,No,No,38,Bank Transfer,Bi-Weekly,Middle-aged,14,26.07,4869.32,0
3412,29,Female,Shoes,Footwear,56,New York,L,Gray,Winter,4.9,No,2-Day Shipping,No,No,45,Cash,Weekly,Young Adult,7,52.14,5439.84,0
3413,61,Female,Sandals,Footwear,83,Indiana,M,Magenta,Fall,3.8,No,Store Pickup,No,No,31,Venmo,Quarterly,Senior,90,4.06,2909.98,0
3414,34,Female,Gloves,Accessories,90,Delaware,XL,Black,Winter,2.5,No,Express,No,No,16,PayPal,Bi-Weekly,Adult,14,26.07,3786.3,0
3415,27,Female,Boots,Footwear,94,Connecticut,M,Maroon,Spring,4.9,No,Next Day Air,No,No,3,Bank Transfer,Quarterly,Young Adult,90,4.06,663.64,1
3416,38,Female,Blouse,Clothing,68,New York,M,Gold,Fall,3.0,No,2-Day Shipping,No,No,15,Bank Transfer,Annually,Adult,365,1.0,1088.0,1
3417,25,Female,Sandals,Footwear,53,Alabama,M,Purple,Spring,3.2,No,Store Pickup,No,No,11,Bank Transfer,Every 3 Months,Young Adult,90,4.06,798.18,1
3418,54,Female,Coat,Outerwear,35,Massachusetts,M,Blue,Summer,2.9,No,2-Day Shipping,No,No,22,Debit Card,Fortnightly,Middle-aged,14,26.07,1682.45,0
3419,53,Female,Jacket,Outerwear,30,South Carolina,M,Beige,Summer,2.8,No,Free Shipping,No,No,35,Debit Card,Annually,Middle-aged,365,1.0,1080.0,0
3420,23,Female,Jewelry,Accessories,26,West Virginia,L,Indigo,Winter,3.1,No,Store Pickup,No,No,5,Venmo,Bi-Weekly,Young Adult,14,26.07,807.82,0
3421,19,Female,Hat,Accessories,60,Kentucky,M,Purple,Winter,3.4,No,Express,No,No,35,PayPal,Bi-Weekly,Young Adult,14,26.07,3664.2,0
3422,57,Female,Shoes,Footwear,30,New Jersey,M,Maroon,Summer,2.9,No,Free Shipping,No,No,27,PayPal,Weekly,Middle-aged,7,52.14,2374.2,0
3423,19,Female,Coat,Outerwear,91,New York,L,Beige,Winter,3.2,No,Next Day Air,No,No,9,Venmo,Monthly,Young Adult,30,12.17,1926.47,0
3424,33,Female,Boots,Footwear,71,Massachusetts,M,Brown,Spring,3.8,No,Next Day Air,No,No,21,PayPal,Bi-Weekly,Adult,14,26.07,3341.97,0
3425,33,Female,Scarf,Accessories,64,Florida,L,Green,Summer,3.6,No,2-Day Shipping,No,No,23,Credit Card,Monthly,Adult,30,12.17,2250.88,0
3426,38,Female,Hat,Accessories,54,Michigan,M,Blue,Summer,4.3,No,Next Day Air,No,No,3,Debit Card,Bi-Weekly,Adult,14,26.07,1569.78,0
3427,47,Female,Socks,Clothing,35,Oregon,XL,Magenta,Fall,4.8,No,2-Day Shipping,No,No,31,Credit Card,Annually,Middle-aged,365,1.0,1120.0,0
3428,39,Female,T-shirt,Clothing,38,Michigan,XL,Turquoise,Winter,2.5,No,Store Pickup,No,No,44,Cash,Annually,Adult,365,1.0,1710.0,0
3429,32,Female,Jewelry,Accessories,69,Washington,M,Gray,Fall,2.5,No,Next Day Air,No,No,20,Venmo,Monthly,Adult,30,12.17,2219.73,0
3430,27,Female,Skirt,Clothing,96,Alaska,S,Purple,Winter,4.6,No,Express,No,No,34,Debit Card,Weekly,Young Adult,7,52.14,8269.44,0
3431,67,Female,Socks,Clothing,73,Montana,M,Lavender,Winter,4.2,No,Next Day Air,No,No,17,Bank Transfer,Every 3 Months,Senior,90,4.06,1537.38,1
3432,46,Female,Belt,Accessories,49,New Mexico,S,Green,Summer,4.2,No,Express,No,No,20,Venmo,Annually,Middle-aged,365,1.0,1029.0,1
3433,36,Female,Boots,Footwear,44,Connecticut,M,Gray,Summer,4.8,No,2-Day Shipping,No,No,46,PayPal,Every 3 Months,Adult,90,4.06,2202.64,0
3434,62,Female,Socks,Clothing,93,Alaska,M,Yellow,Spring,4.5,No,Free Shipping,No,No,28,PayPal,Annually,Senior,365,1.0,2697.0,0
3435,31,Female,Pants,Clothing,72,Ohio,S,Orange,Summer,3.3,No,2-Day Shipping,No,No,6,Venmo,Fortnightly,Young Adult,14,26.07,2309.04,0
3436,68,Female,Socks,Clothing,91,Montana,M,Beige,Summer,2.7,No,2-Day Shipping,No,No,50,Debit Card,Bi-Weekly,Senior,14,26.07,6922.37,0
3437,57,Female,Belt,Accessories,83,Nebraska,L,Peach,Winter,2.8,No,2-Day Shipping,No,No,41,Bank Transfer,Monthly,Middle-aged,30,12.17,4413.11,0
3438,22,Female,Jacket,Outerwear,62,Oklahoma,S,Green,Winter,3.5,No,2-Day Shipping,No,No,50,PayPal,Annually,Young Adult,365,1.0,3162.0,0
3439,26,Female,Shirt,Clothing,71,Kentucky,M,Violet,Fall,3.0,No,Store Pickup,No,No,33,Credit Card,Monthly,Young Adult,30,12.17,3207.07,0
3440,43,Female,Gloves,Accessories,93,Idaho,M,Gray,Summer,4.5,No,Express,No,No,25,Venmo,Quarterly,Adult,90,4.06,2702.58,1
3441,45,Female,Handbag,Accessories,63,Maryland,L,Magenta,Fall,4.3,No,2-Day Shipping,No,No,2,PayPal,Weekly,Middle-aged,7,52.14,3410.82,0
3442,64,Female,Sweater,Clothing,96,Tennessee,XL,Charcoal,Fall,4.1,No,Standard,No,No,15,Credit Card,Annually,Senior,365,1.0,1536.0,1
3443,28,Female,Skirt,Clothing,78,Michigan,M,Violet,Spring,4.3,No,Next Day Air,No,No,12,PayPal,Weekly,Young Adult,7,52.14,5002.92,0
3444,47,Female,Dress,Clothing,24,Tennessee,L,Silver,Summer,5.0,No,Free Shipping,No,No,28,Cash,Bi-Weekly,Middle-aged,14,26.07,1297.68,0
3445,53,Female,Pants,Clothing,63,Rhode Island,S,Green,Summer,3.8,No,2-Day Shipping,No,No,12,Bank Transfer,Bi-Weekly,Middle-aged,14,26.07,2398.41,0
3446,42,Female,Hat,Accessories,58,Florida,M,Magenta,Fall,4.9,No,Standard,No,No,3,Debit Card,Annually,Adult,365,1.0,232.0,1
3447,51,Female,Boots,Footwear,55,Louisiana,S,Purple,Spring,5.0,No,2-Day Shipping,No,No,20,Cash,Weekly,Middle-aged,7,52.14,3967.7,0
3448,62,Female,Sandals,Footwear,58,Arkansas,M,Blue,Fall,4.3,No,Express,No,No,3,Bank Transfer,Bi-Weekly,Senior,14,26.07,1686.06,0
3449,18,Female,Coat,Outerwear,28,Kentucky,S,Yellow,Winter,4.1,No,Express,No,No,32,Bank Transfer,Fortnightly,Young Adult,14,26.07,1625.96,0
3450,48,Female,Blouse,Clothing,37,Kansas,M,Brown,Spring,4.5,No,Standard,No,No,35,Cash,Monthly,Middle-aged,30,12.17,1745.29,0
3451,20,Female,Shorts,Clothing,78,Vermont,M,Pink,Spring,3.6,No,Store Pickup,No,No,31,PayPal,Monthly,Young Adult,30,12.17,3367.26,0
3452,32,Female,Blouse,Clothing,73,Nevada,XL,Silver,Fall,3.0,No,Free Shipping,No,No,13,Credit Card,Annually,Adult,365,1.0,1022.0,1
3453,26,Female,Jacket,Outerwear,20,Oklahoma,M,Indigo,Spring,3.7,No,Next Day Air,No,No,3,Venmo,Fortnightly,Young Adult,14,26.07,581.4,0
3454,31,Female,Shirt,Clothing,60,Alabama,L,Pink,Winter,4.3,No,Standard,No,No,48,Venmo,Bi-Weekly,Young Adult,14,26.07,4444.2,0
3455,55,Female,Handbag,Accessories,71,Louisiana,S,Lavender,Fall,4.6,No,Store Pickup,No,No,15,PayPal,Bi-Weekly,Middle-aged,14,26.07,2915.97,0
3456,49,Female,T-shirt,Clothing,89,Ohio,M,Orange,Fall,4.7,No,Standard,No,No,13,Venmo,Annually,Middle-aged,365,1.0,1246.0,1
3457,42,Female,Hoodie,Clothing,53,Texas,M,Red,Fall,4.6,No,Express,No,No,21,Venmo,Monthly,Adult,30,12.17,1758.01,0
3458,64,Female,Jewelry,Accessories,87,Maryland,M,Gray,Summer,3.0,No,Express,No,No,29,Cash,Fortnightly,Senior,14,26.07,4791.09,0
3459,68,Female,Jewelry,Accessories,37,West Virginia,L,Violet,Spring,3.4,No,Standard,No,No,24,Venmo,Quarterly,Senior,90,4.06,1038.22,1
3460,68,Female,Hoodie,Clothing,37,Ohio,L,Green,Fall,3.8,No,Express,No,No,21,PayPal,Annually,Senior,365,1.0,814.0,1
3461,41,Female,Scarf,Accessories,78,Indiana,M,Gold,Spring,3.1,No,Express,No,No,5,Bank Transfer,Bi-Weekly,Adult,14,26.07,2423.46,0
3462,51,Female,Shoes,Footwear,23,Wyoming,S,Maroon,Spring,4.4,No,Standard,No,No,47,Cash,Quarterly,Middle-aged,90,4.06,1174.38,0
3463,44,Female,Jeans,Clothing,73,Michigan,L,Olive,Spring,4.5,No,Standard,No,No,34,Credit Card,Every 3 Months,Adult,90,4.06,2778.38,0
3464,27,Female,Jewelry,Accessories,27,Maine,M,Yellow,Fall,2.8,No,2-Day Shipping,No,No,45,PayPal,Fortnightly,Young Adult,14,26.07,1918.89,0
3465,36,Female,Coat,Outerwear,59,Utah,S,Peach,Winter,2.7,No,Next Day Air,No,No,12,PayPal,Annually,Adult,365,1.0,767.0,1
3466,19,Female,Backpack,Accessories,53,Iowa,M,Gold,Spring,3.4,No,Standard,No,No,31,Debit Card,Weekly,Young Adult,7,52.14,4406.42,0
3467,49,Female,Socks,Clothing,42,Maryland,S,Purple,Summer,4.6,No,Standard,No,No,43,Bank Transfer,Annually,Middle-aged,365,1.0,1848.0,0
3468,18,Female,Scarf,Accessories,45,Texas,M,Charcoal,Fall,5.0,No,Next Day Air,No,No,5,Credit Card,Annually,Young Adult,365,1.0,270.0,1
3469,36,Female,Sunglasses,Accessories,89,Ohio,S,Indigo,Winter,3.5,No,Standard,No,No,36,Debit Card,Quarterly,Adult,90,4.06,3565.34,0
3470,36,Female,Socks,Clothing,85,North Dakota,L,Magenta,Fall,3.3,No,Store Pickup,No,No,12,Cash,Annually,Adult,365,1.0,1105.0,1
3471,19,Female,Coat,Outerwear,69,West Virginia,S,Olive,Summer,4.5,No,Free Shipping,No,No,31,Cash,Bi-Weekly,Young Adult,14,26.07,3937.83,0
3472,43,Female,Sandals,Footwear,66,North Carolina,S,Blue,Spring,3.1,No,Store Pickup,No,No,31,Cash,Bi-Weekly,Adult,14,26.07,3766.62,0
3473,31,Female,Blouse,Clothing,42,Georgia,S,White,Summer,4.0,No,Free Shipping,No,No,15,Debit Card,Weekly,Young Adult,7,52.14,2819.88,0
3474,63,Female,Dress,Clothing,40,Kansas,M,Cyan,Spring,2.5,No,Express,No,No,11,Cash,Weekly,Senior,7,52.14,2525.6,0
3475,41,Female,Pants,Clothing,82,Maine,M,Cyan,Winter,4.4,No,Store Pickup,No,No,18,Venmo,Monthly,Adult,30,12.17,2473.94,0
3476,48,Female,Sneakers,Footwear,88,South Carolina,M,Orange,Spring,4.4,No,Express,No,No,9,Cash,Quarterly,Middle-aged,90,4.06,1149.28,1
3477,68,Female,Boots,Footwear,99,South Carolina,XL,Orange,Summer,3.2,No,Free Shipping,No,No,11,Cash,Weekly,Senior,7,52.14,6250.86,0
3478,53,Female,Handbag,Accessories,85,Kentucky,S,Teal,Spring,3.8,No,Store Pickup,No,No,38,Debit Card,Bi-Weekly,Middle-aged,14,26.07,5445.95,0
3479,36,Female,Handbag,Accessories,57,Arizona,M,Magenta,Fall,4.6,No,Store Pickup,No,No,42,PayPal,Quarterly,Adult,90,4.06,2625.42,0
3480,46,Female,Sweater,Clothing,56,New York,S,Orange,Summer,4.9,No,Standard,No,No,41,Cash,Monthly,Middle-aged,30,12.17,2977.52,0
3481,21,Female,Sandals,Footwear,79,New Hampshire,L,Peach,Winter,3.5,No,Free Shipping,No,No,45,PayPal,Monthly,Young Adult,30,12.17,4516.43,0
3482,52,Female,Socks,Clothing,67,Ohio,S,Maroon,Summer,3.4,No,Store Pickup,No,No,41,Debit Card,Bi-Weekly,Middle-aged,14,26.07,4493.69,0
3483,66,Female,Gloves,Accessories,61,Hawaii,M,Gold,Winter,3.9,No,Next Day Air,No,No,35,Debit Card,Weekly,Senior,7,52.14,5315.54,0
3484,19,Female,Hoodie,Clothing,37,Texas,L,White,Winter,3.9,No,Express,No,No,21,Credit Card,Every 3 Months,Young Adult,90,4.06,927.22,1
3485,44,Female,Dress,Clothing,75,Illinois,L,Gray,Fall,4.2,No,Free Shipping,No,No,13,Credit Card,Bi-Weekly,Adult,14,26.07,2930.25,0
3486,50,Female,Shirt,Clothing,21,Massachusetts,XL,Brown,Winter,3.4,No,Standard,No,No,23,Debit Card,Fortnightly,Middle-aged,14,26.07,1030.47,0
3487,51,Female,Shorts,Clothing,89,North Carolina,L,Charcoal,Winter,4.9,No,Standard,No,No,6,PayPal,Weekly,Middle-aged,7,52.14,5174.46,0
3488,25,Female,Sandals,Footwear,24,West Virginia,L,Beige,Fall,2.9,No,Store Pickup,No,No,39,Bank Transfer,Annually,Young Adult,365,1.0,960.0,0
3489,62,Female,Sweater,Clothing,27,Delaware,XL,Teal,Spring,4.9,No,Store Pickup,No,No,7,Cash,Quarterly,Senior,90,4.06,298.62,1
3490,48,Female,Dress,Clothing,26,Idaho,L,Black,Summer,4.6,No,2-Day Shipping,No,No,32,PayPal,Every 3 Months,Middle-aged,90,4.06,937.56,0
3491,62,Female,Boots,Footwear,82,Oregon,M,Violet,Spring,3.6,No,Store Pickup,No,No,43,Credit Card,Quarterly,Senior,90,4.06,3858.92,0
3492,22,Female,Pants,Clothing,28,Maine,M,Orange,Winter,4.3,No,Express,No,No,15,Cash,Monthly,Young Adult,30,12.17,760.76,0
3493,48,Female,Gloves,Accessories,65,South Dakota,M,Turquoise,Fall,4.6,No,Standard,No,No,48,Bank Transfer,Annually,Middle-aged,365,1.0,3185.0,0
3494,48,Female,Pants,Clothing,82,New Mexico,XL,Black,Winter,4.7,No,Store Pickup,No,No,35,Credit Card,Weekly,Middle-aged,7,52.14,7145.48,0
3495,62,Female,Scarf,Accessories,38,Washington,M,Silver,Winter,3.5,No,Free Shipping,No,No,41,PayPal,Quarterly,Senior,90,4.06,1712.28,0
3496,24,Female,Shorts,Clothing,33,Georgia,XL,Gray,Spring,2.8,No,Free Shipping,No,No,14,Cash,Weekly,Young Adult,7,52.14,2182.62,0
3497,39,Female,Shoes,Footwear,38,Idaho,M,Pink,Summer,4.0,No,Free Shipping,No,No,22,PayPal,Monthly,Adult,30,12.17,1298.46,0
3498,35,Female,Handbag,Accessories,48,Colorado,M,Red,Spring,4.3,No,Store Pickup,No,No,16,Venmo,Every 3 Months,Adult,90,4.06,962.88,1
3499,47,Female,Sandals,Footwear,35,Kentucky,M,Lavender,Summer,3.8,No,Standard,No,No,2,Bank Transfer,Bi-Weekly,Middle-aged,14,26.07,982.45,0
3500,22,Female,Socks,Clothing,29,New Jersey,L,Indigo,Fall,3.0,No,Next Day Air,No,No,13,PayPal,Every 3 Months,Young Adult,90,4.06,494.74,1
3501,38,Female,Shirt,Clothing,48,Oregon,S,Silver,Fall,4.6,No,Next Day Air,No,No,38,Debit Card,Fortnightly,Adult,14,26.07,3075.36,0
3502,53,Female,Shoes,Footwear,87,Nebraska,M,Silver,Fall,4.8,No,Standard,No,No,43,Bank Transfer,Weekly,Middle-aged,7,52.14,8277.18,0
3503,31,Female,Backpack,Accessories,62,Massachusetts,M,Green,Fall,4.7,No,Next Day Air,No,No,26,Bank Transfer,Quarterly,Young Adult,90,4.06,1863.72,0
3504,31,Female,Shirt,Clothing,96,Nebraska,M,Pink,Spring,3.9,No,Free Shipping,No,No,39,Cash,Weekly,Young Adult,7,52.14,8749.44,0
3505,65,Female,Handbag,Accessories,41,Hawaii,S,Violet,Fall,4.0,No,Next Day Air,No,No,50,Venmo,Monthly,Senior,30,12.17,2548.97,0
3506,48,Female,Jewelry,Accessories,42,Indiana,L,Red,Winter,3.7,No,2-Day Shipping,No,No,40,Bank Transfer,Every 3 Months,Middle-aged,90,4.06,1850.52,0
3507,18,Female,Shirt,Clothing,57,Illinois,L,Olive,Winter,3.7,No,2-Day Shipping,No,No,12,Cash,Fortnightly,Young Adult,14,26.07,2169.99,0
3508,46,Female,Handbag,Accessories,65,Colorado,S,Purple,Spring,4.2,No,Store Pickup,No,No,33,Credit Card,Every 3 Months,Middle-aged,90,4.06,2408.9,0
3509,52,Female,Pants,Clothing,54,Pennsylvania,M,Gray,Fall,4.7,No,Standard,No,No,49,Bank Transfer,Weekly,Middle-aged,7,52.14,5461.56,0
3510,50,Female,T-shirt,Clothing,22,Ohio,L,Brown,Winter,4.3,No,Next Day Air,No,No,43,Venmo,Bi-Weekly,Middle-aged,14,26.07,1519.54,0
3511,49,Female,Sneakers,Footwear,96,Pennsylvania,S,Orange,Fall,4.9,No,2-Day Shipping,No,No,14,Venmo,Monthly,Middle-aged,30,12.17,2512.32,0
3512,69,Female,Jewelry,Accessories,81,Mississippi,M,Blue,Summer,3.9,No,2-Day Shipping,No,No,21,Credit Card,Every 3 Months,Senior,90,4.06,2029.86,1
3513,36,Female,Shirt,Clothing,46,Kentucky,M,White,Fall,3.4,No,Free Shipping,No,No,31,Debit Card,Quarterly,Adult,90,4.06,1612.76,0
3514,30,Female,Blouse,Clothing,74,Alaska,XL,Charcoal,Spring,4.2,No,Store Pickup,No,No,29,Credit Card,Fortnightly,Young Adult,14,26.07,4075.18,0
3515,25,Female,Sneakers,Footwear,50,Georgia,XL,Gray,Winter,4.7,No,Express,No,No,32,Cash,Monthly,Young Adult,30,12.17,2208.5,0
3516,19,Female,Dress,Clothing,80,South Dakota,XL,Charcoal,Winter,4.0,No,Next Day Air,No,No,16,Debit Card,Bi-Weekly,Young Adult,14,26.07,3365.6,0
3517,34,Female,Boots,Footwear,56,South Carolina,S,White,Summer,4.0,No,Free Shipping,No,No,38,PayPal,Bi-Weekly,Adult,14,26.07,3587.92,0
3518,29,Female,Skirt,Clothing,69,Tennessee,M,Orange,Winter,3.1,No,Next Day Air,No,No,34,Debit Card,Every 3 Months,Young Adult,90,4.06,2626.14,0
3519,50,Female,Shirt,Clothing,97,Colorado,M,Black,Spring,4.2,No,Standard,No,No,30,PayPal,Quarterly,Middle-aged,90,4.06,3303.82,0
3520,31,Female,Shorts,Clothing,66,Wisconsin,M,White,Winter,3.7,No,Next Day Air,No,No,14,Bank Transfer,Fortnightly,Young Adult,14,26.07,2644.62,0
3521,41,Female,Hat,Accessories,70,Georgia,S,Brown,Spring,3.1,No,Express,No,No,33,Bank Transfer,Monthly,Adult,30,12.17,3161.9,0
3522,52,Female,Shoes,Footwear,50,Maryland,M,Pink,Winter,3.7,No,Store Pickup,No,No,35,Venmo,Weekly,Middle-aged,7,52.14,4357.0,0
3523,27,Female,Pants,Clothing,85,New Jersey,M,Yellow,Spring,3.2,No,Store Pickup,No,No,13,Cash,Quarterly,Young Adult,90,4.06,1450.1,1
3524,49,Female,Backpack,Accessories,59,Nevada,M,Cyan,Summer,2.8,No,Standard,No,No,30,Cash,Fortnightly,Middle-aged,14,26.07,3308.13,0
3525,69,Female,Pants,Clothing,74,Michigan,L,Silver,Summer,2.9,No,Free Shipping,No,No,30,Credit Card,Monthly,Senior,30,12.17,3120.58,0
3526,45,Female,Sunglasses,Accessories,38,Wyoming,L,Olive,Winter,3.5,No,Standard,No,No,47,Bank Transfer,Annually,Middle-aged,365,1.0,1824.0,0
3527,20,Female,Sweater,Clothing,99,Massachusetts,M,Olive,Spring,3.8,No,Express,No,No,1,PayPal,Every 3 Months,Young Adult,90,4.06,500.94,1
3528,25,Female,Blouse,Clothing,97,Washington,S,Charcoal,Spring,4.7,No,Free Shipping,No,No,1,Cash,Weekly,Young Adult,7,52.14,5154.58,0
3529,38,Female,Scarf,Accessories,67,Maine,L,Gray,Summer,4.5,No,Free Shipping,No,No,33,PayPal,Annually,Adult,365,1.0,2278.0,0
3530,55,Female,T-shirt,Clothing,20,Montana,S,Maroon,Winter,3.9,No,Next Day Air,No,No,43,Bank Transfer,Weekly,Middle-aged,7,52.14,1902.8,0
3531,62,Female,Sunglasses,Accessories,45,Oklahoma,L,Black,Spring,3.4,No,Express,No,No,37,PayPal,Weekly,Senior,7,52.14,4011.3,0
3532,54,Female,Shoes,Footwear,52,North Dakota,XL,Violet,Winter,4.6,No,2-Day Shipping,No,No,23,Cash,Quarterly,Middle-aged,90,4.06,1407.12,1
3533,61,Female,Pants,Clothing,68,Connecticut,L,Indigo,Fall,4.6,No,Standard,No,No,12,Credit Card,Annually,Senior,365,1.0,884.0,1
3534,50,Female,Sneakers,Footwear,98,Texas,L,Yellow,Fall,4.7,No,Standard,No,No,30,Venmo,Fortnightly,Middle-aged,14,26.07,5494.86,0
3535,65,Female,Shoes,Footwear,83,Delaware,M,Gray,Fall,3.2,No,Express,No,No,7,Cash,Weekly,Senior,7,52.14,4908.62,0
3536,68,Female,Shorts,Clothing,51,Mississippi,M,Red,Summer,5.0,No,Express,No,No,20,Debit Card,Monthly,Senior,30,12.17,1640.67,0
3537,55,Female,Handbag,Accessories,21,Minnesota,L,Peach,Spring,4.5,No,Express,No,No,10,Venmo,Monthly,Middle-aged,30,12.17,465.57,0
3538,57,Female,Handbag,Accessories,92,Georgia,M,Gray,Spring,3.5,No,Standard,No,No,40,Credit Card,Every 3 Months,Middle-aged,90,4.06,4053.52,0
3539,56,Female,Shoes,Footwear,63,Iowa,S,White,Spring,4.5,No,Store Pickup,No,No,21,Venmo,Monthly,Middle-aged,30,12.17,2089.71,0
3540,29,Female,Jewelry,Accessories,56,New York,S,Green,Spring,3.2,No,Express,No,No,17,Credit Card,Bi-Weekly,Young Adult,14,26.07,2411.92,0
3541,24,Female,Shorts,Clothing,95,Nevada,M,Magenta,Spring,4.6,No,Free Shipping,No,No,5,Bank Transfer,Weekly,Young Adult,7,52.14,5428.3,0
3542,59,Female,Blouse,Clothing,66,Virginia,M,Olive,Winter,4.0,No,Next Day Air,No,No,22,PayPal,Annually,Senior,365,1.0,1518.0,1
3543,62,Female,Coat,Outerwear,28,Idaho,S,Olive,Spring,4.2,No,Express,No,No,5,Venmo,Weekly,Senior,7,52.14,1599.92,0
3544,58,Female,Hat,Accessories,83,Colorado,M,Blue,Winter,4.1,No,Standard,No,No,18,PayPal,Every 3 Months,Senior,90,4.06,1830.98,1
3545,64,Female,Socks,Clothing,55,Wisconsin,XL,Charcoal,Fall,3.6,No,2-Day Shipping,No,No,42,Cash,Every 3 Months,Senior,90,4.06,2533.3,0
3546,48,Female,Sandals,Footwear,28,Connecticut,M,Yellow,Spring,3.7,No,2-Day Shipping,No,No,22,Debit Card,Annually,Middle-aged,365,1.0,644.0,1
3547,60,Female,Scarf,Accessories,79,Kansas,M,Violet,Summer,3.6,No,Free Shipping,No,No,37,Bank Transfer,Bi-Weekly,Senior,14,26.07,4982.53,0
3548,52,Female,Scarf,Accessories,31,Pennsylvania,L,Magenta,Summer,3.8,No,Standard,No,No,23,Credit Card,Annually,Middle-aged,365,1.0,744.0,1
3549,63,Female,Blouse,Clothing,37,Utah,M,Red,Fall,3.0,No,Standard,No,No,47,Debit Card,Fortnightly,Senior,14,26.07,2703.59,0
3550,44,Female,T-shirt,Clothing,34,Oregon,M,Cyan,Summer,3.4,No,2-Day Shipping,No,No,11,Bank Transfer,Fortnightly,Adult,14,26.07,1260.38,0
3551,63,Female,Shoes,Footwear,74,West Virginia,S,Orange,Winter,4.8,No,Standard,No,No,32,Cash,Weekly,Senior,7,52.14,6226.36,0
3552,66,Female,Gloves,Accessories,31,Montana,L,Black,Spring,2.6,No,Store Pickup,No,No,20,Venmo,Weekly,Senior,7,52.14,2236.34,0
3553,22,Female,Sunglasses,Accessories,66,Kentucky,M,Blue,Winter,2.9,No,Next Day Air,No,No,3,PayPal,Quarterly,Young Adult,90,4.06,465.96,1
3554,62,Female,Shoes,Footwear,99,Minnesota,M,Charcoal,Spring,4.9,No,Free Shipping,No,No,32,Bank Transfer,Weekly,Senior,7,52.14,8329.86,0
3555,39,Female,Dress,Clothing,55,Louisiana,M,Indigo,Spring,5.0,No,Free Shipping,No,No,5,Credit Card,Fortnightly,Adult,14,26.07,1708.85,0
3556,25,Female,Blouse,Clothing,23,Delaware,L,Silver,Spring,4.6,No,Next Day Air,No,No,45,Cash,Quarterly,Young Adult,90,4.06,1128.38,0
3557,70,Female,Sweater,Clothing,88,Arizona,M,Brown,Fall,4.2,No,Express,No,No,43,Cash,Bi-Weekly,Senior,14,26.07,6078.16,0
3558,52,Female,Jacket,Outerwear,26,Nevada,M,Peach,Summer,4.9,No,Next Day Air,No,No,1,PayPal,Every 3 Months,Middle-aged,90,4.06,131.56,1
3559,68,Female,Backpack,Accessories,94,Alaska,L,Magenta,Summer,4.8,No,Standard,No,No,9,Venmo,Quarterly,Senior,90,4.06,1227.64,1
3560,18,Female,Shorts,Clothing,25,Utah,M,Beige,Fall,3.0,No,Next Day Air,No,No,13,Venmo,Every 3 Months,Young Adult,90,4.06,426.5,1
3561,18,Female,Socks,Clothing,96,Kansas,XL,Violet,Fall,3.5,No,Express,No,No,5,Credit Card,Annually,Young Adult,365,1.0,576.0,1
3562,63,Female,Sneakers,Footwear,29,North Carolina,L,Black,Spring,3.4,No,Standard,No,No,39,Credit Card,Fortnightly,Senior,14,26.07,1887.03,0
3563,47,Female,Sneakers,Footwear,36,Maryland,M,Cyan,Winter,3.4,No,Free Shipping,No,No,7,Bank Transfer,Weekly,Middle-aged,7,52.14,2129.04,0
3564,43,Female,Blouse,Clothing,90,Maine,M,Green,Summer,4.9,No,Standard,No,No,8,Credit Card,Every 3 Months,Adult,90,4.06,1085.4,1
3565,60,Female,Gloves,Accessories,38,Illinois,S,Brown,Summer,4.4,No,Free Shipping,No,No,40,Venmo,Annually,Senior,365,1.0,1558.0,0
3566,49,Female,Handbag,Accessories,52,Pennsylvania,S,Gray,Spring,4.2,No,Store Pickup,No,No,35,PayPal,Monthly,Middle-aged,30,12.17,2452.84,0
3567,28,Female,Jeans,Clothing,88,Alaska,S,Orange,Spring,3.1,No,Next Day Air,No,No,14,Venmo,Monthly,Young Adult,30,12.17,2302.96,0
3568,32,Female,Scarf,Accessories,56,New Mexico,S,Silver,Summer,4.0,No,Next Day Air,No,No,26,Credit Card,Monthly,Adult,30,12.17,2137.52,0
3569,29,Female,Sandals,Footwear,71,Arkansas,M,Purple,Spring,4.8,No,Next Day Air,No,No,14,PayPal,Quarterly,Young Adult,90,4.06,1282.26,1
3570,35,Female,Sandals,Footwear,94,Alaska,M,Olive,Fall,3.3,No,Express,No,No,9,Bank Transfer,Fortnightly,Adult,14,26.07,3296.58,0
3571,23,Female,Dress,Clothing,97,Louisiana,XL,Teal,Winter,4.7,No,Standard,No,No,32,Debit Card,Annually,Young Adult,365,1.0,3201.0,0
3572,70,Female,Skirt,Clothing,27,North Dakota,M,White,Summer,3.2,No,Standard,No,No,15,Bank Transfer,Every 3 Months,Senior,90,4.06,514.62,1
3573,23,Female,Shorts,Clothing,28,Rhode Island,M,Black,Spring,5.0,No,Standard,No,No,25,Credit Card,Monthly,Young Adult,30,12.17,1040.76,0
3574,43,Female,Jeans,Clothing,67,Connecticut,L,Maroon,Fall,4.9,No,Free Shipping,No,No,27,PayPal,Monthly,Adult,30,12.17,2624.39,0
3575,29,Female,Socks,Clothing,70,New York,M,Cyan,Fall,4.9,No,Express,No,No,39,Bank Transfer,Quarterly,Young Adult,90,4.06,3014.2,0
3576,61,Female,Coat,Outerwear,95,Kentucky,M,Violet,Fall,3.7,No,Express,No,No,49,Venmo,Bi-Weekly,Senior,14,26.07,7131.65,0
3577,29,Female,Boots,Footwear,24,Maine,L,Yellow,Spring,3.0,No,Express,No,No,12,Venmo,Bi-Weekly,Young Adult,14,26.07,913.68,0
3578,66,Female,Belt,Accessories,35,Missouri,S,Yellow,Winter,2.6,No,Standard,No,No,13,Bank Transfer,Weekly,Senior,7,52.14,2279.9,0
3579,46,Female,Shoes,Footwear,22,Georgia,L,Olive,Winter,2.6,No,Standard,No,No,22,Bank Transfer,Quarterly,Middle-aged,90,4.06,573.32,1
3580,34,Female,Scarf,Accessories,66,Arizona,L,Olive,Fall,4.8,No,Standard,No,No,19,Credit Card,Every 3 Months,Adult,90,4.06,1521.96,1
3581,51,Female,Blouse,Clothing,83,New Hampshire,M,Magenta,Summer,3.2,No,2-Day Shipping,No,No,3,Cash,Bi-Weekly,Middle-aged,14,26.07,2412.81,0
3582,26,Female,Dress,Clothing,95,Georgia,M,Orange,Fall,4.9,No,Next Day Air,No,No,50,Credit Card,Weekly,Young Adult,7,52.14,9703.3,0
3583,23,Female,Shorts,Clothing,41,California,S,Beige,Summer,3.4,No,2-Day Shipping,No,No,15,PayPal,Annually,Young Adult,365,1.0,656.0,1
3584,52,Female,Blouse,Clothing,77,Arizona,L,Brown,Summer,2.7,No,Store Pickup,No,No,44,Credit Card,Every 3 Months,Middle-aged,90,4.06,3700.62,0
3585,39,Female,Sneakers,Footwear,52,Florida,L,Indigo,Fall,4.8,No,Express,No,No,48,Debit Card,Monthly,Adult,30,12.17,3128.84,0
3586,39,Female,Gloves,Accessories,41,New York,XL,Gray,Winter,4.1,No,Standard,No,No,4,Venmo,Bi-Weekly,Adult,14,26.07,1232.87,0
3587,33,Female,Hoodie,Clothing,28,Idaho,M,Yellow,Winter,4.6,No,Store Pickup,No,No,12,PayPal,Bi-Weekly,Adult,14,26.07,1065.96,0
3588,33,Female,Sweater,Clothing,90,Virginia,S,Violet,Summer,4.4,No,Standard,No,No,33,Debit Card,Annually,Adult,365,1.0,3060.0,0
3589,23,Female,Sunglasses,Accessories,55,Michigan,M,Magenta,Spring,3.5,No,2-Day Shipping,No,No,40,Cash,Annually,Young Adult,365,1.0,2255.0,0
3590,31,Female,Belt,Accessories,73,New Hampshire,M,Blue,Spring,4.8,No,Next Day Air,No,No,38,Cash,Every 3 Months,Young Adult,90,4.06,3070.38,0
3591,27,Female,Dress,Clothing,87,South Dakota,M,Gray,Fall,2.9,No,2-Day Shipping,No,No,19,Venmo,Every 3 Months,Young Adult,90,4.06,2006.22,1
3592,48,Female,Jacket,Outerwear,89,South Dakota,M,Gold,Winter,3.2,No,2-Day Shipping,No,No,38,Bank Transfer,Quarterly,Middle-aged,90,4.06,3743.34,0
3593,61,Female,Boots,Footwear,82,New Jersey,L,Lavender,Spring,4.4,No,2-Day Shipping,No,No,18,Venmo,Fortnightly,Senior,14,26.07,3613.74,0
3594,63,Female,Sandals,Footwear,80,Wyoming,M,Black,Spring,4.6,No,Next Day Air,No,No,24,PayPal,Monthly,Senior,30,12.17,2893.6,0
3595,19,Female,Scarf,Accessories,87,Alabama,L,Charcoal,Summer,2.6,No,2-Day Shipping,No,No,29,Venmo,Quarterly,Young Adult,90,4.06,2876.22,0
3596,21,Female,Blouse,Clothing,41,South Dakota,M,Violet,Spring,3.1,No,Store Pickup,No,No,14,PayPal,Annually,Young Adult,365,1.0,615.0,1
3597,28,Female,Hoodie,Clothing,83,South Carolina,M,Charcoal,Spring,4.3,No,Standard,No,No,44,Cash,Fortnightly,Young Adult,14,26.07,5815.81,0
3598,29,Female,Sunglasses,Accessories,71,New Mexico,M,Maroon,Summer,3.1,No,Standard,No,No,18,Bank Transfer,Quarterly,Young Adult,90,4.06,1566.26,1
3599,23,Female,Hoodie,Clothing,76,Connecticut,XL,Purple,Spring,4.6,No,Store Pickup,No,No,19,Bank Transfer,Bi-Weekly,Young Adult,14,26.07,3425.32,0
3600,37,Female,Scarf,Accessories,34,Kansas,S,Peach,Spring,4.6,No,Express,No,No,4,Cash,Weekly,Adult,7,52.14,1908.76,0
3601,67,Female,Dress,Clothing,81,South Carolina,XL,Olive,Spring,2.7,No,Free Shipping,No,No,25,Cash,Bi-Weekly,Senior,14,26.07,4136.67,0
3602,34,Female,T-shirt,Clothing,47,North Carolina,M,Indigo,Summer,3.0,No,Next Day Air,No,No,3,PayPal,Monthly,Adult,30,12.17,712.99,0
3603,58,Female,Skirt,Clothing,36,Wyoming,S,Magenta,Summer,3.3,No,Store Pickup,No,No,40,Debit Card,Quarterly,Senior,90,4.06,1586.16,0
3604,45,Female,Jeans,Clothing,51,Louisiana,M,Gold,Spring,2.7,No,Free Shipping,No,No,5,Cash,Weekly,Middle-aged,7,52.14,2914.14,0
3605,63,Female,Hoodie,Clothing,86,Louisiana,M,Orange,Fall,3.3,No,Standard,No,No,17,Debit Card,Annually,Senior,365,1.0,1548.0,1
3606,68,Female,Jeans,Clothing,41,Alabama,M,Gold,Fall,4.3,No,Store Pickup,No,No,36,Bank Transfer,Every 3 Months,Senior,90,4.06,1642.46,0
3607,41,Female,Sandals,Footwear,90,Minnesota,XL,Purple,Fall,4.8,No,Express,No,No,41,Venmo,Annually,Adult,365,1.0,3780.0,0
3608,50,Female,Hat,Accessories,93,New Mexico,L,Charcoal,Fall,3.3,No,Standard,No,No,20,Venmo,Bi-Weekly,Middle-aged,14,26.07,4284.51,0
3609,24,Female,Gloves,Accessories,56,Tennessee,M,Cyan,Fall,4.3,No,Next Day Air,No,No,2,Cash,Every 3 Months,Young Adult,90,4.06,339.36,1
3610,21,Female,Socks,Clothing,39,New Mexico,M,Cyan,Summer,3.0,No,2-Day Shipping,No,No,31,Debit Card,Monthly,Young Adult,30,12.17,1683.63,0
3611,18,Female,Jacket,Outerwear,86,Texas,XL,Green,Fall,4.8,No,2-Day Shipping,No,No,23,Bank Transfer,Fortnightly,Young Adult,14,26.07,4220.02,0
3612,63,Female,T-shirt,Clothing,82,Washington,M,Silver,Spring,2.9,No,Standard,No,No,30,Credit Card,Annually,Senior,365,1.0,2542.0,0
3613,47,Female,Sandals,Footwear,29,Michigan,M,Teal,Summer,3.6,No,Standard,No,No,26,Cash,Every 3 Months,Middle-aged,90,4.06,871.74,0
3614,58,Female,Hat,Accessories,27,Minnesota,M,Magenta,Fall,3.5,No,Store Pickup,No,No,40,Venmo,Annually,Senior,365,1.0,1107.0,0
3615,46,Female,Gloves,Accessories,25,Delaware,L,Maroon,Spring,4.7,No,2-Day Shipping,No,No,19,Bank Transfer,Annually,Middle-aged,365,1.0,500.0,1
3616,35,Female,Dress,Clothing,31,California,M,Gold,Winter,4.4,No,Free Shipping,No,No,4,Credit Card,Monthly,Adult,30,12.17,501.27,0
3617,42,Female,Hoodie,Clothing,23,Wisconsin,L,Purple,Winter,3.3,No,Store Pickup,No,No,33,Debit Card,Fortnightly,Adult,14,26.07,1358.61,0
3618,48,Female,Belt,Accessories,47,Kentucky,M,Lavender,Fall,4.3,No,Express,No,No,29,Debit Card,Monthly,Middle-aged,30,12.17,1934.99,0
3619,28,Female,Gloves,Accessories,67,Nevada,M,Maroon,Fall,4.0,No,2-Day Shipping,No,No,47,PayPal,Bi-Weekly,Young Adult,14,26.07,4895.69,0
3620,44,Female,Scarf,Accessories,75,North Carolina,S,Magenta,Winter,4.9,No,2-Day Shipping,No,No,50,Venmo,Weekly,Adult,7,52.14,7660.5,0
3621,60,Female,Sandals,Footwear,82,Louisiana,M,Turquoise,Summer,2.9,No,Express,No,No,28,Credit Card,Fortnightly,Senior,14,26.07,4433.74,0
3622,38,Female,Sneakers,Footwear,32,New Jersey,XL,Silver,Summer,4.0,No,2-Day Shipping,No,No,5,Cash,Fortnightly,Adult,14,26.07,994.24,0
3623,46,Female,Dress,Clothing,41,Wisconsin,M,Purple,Fall,4.3,No,Store Pickup,No,No,12,Credit Card,Annually,Middle-aged,365,1.0,533.0,1
3624,39,Female,Jewelry,Accessories,89,Arkansas,M,Violet,Winter,2.7,No,2-Day Shipping,No,No,4,PayPal,Weekly,Adult,7,52.14,4996.46,0
3625,22,Female,Hat,Accessories,82,Texas,XL,Peach,Fall,5.0,No,Store Pickup,No,No,22,Bank Transfer,Bi-Weekly,Young Adult,14,26.07,3941.74,0
3626,44,Female,Scarf,Accessories,99,Illinois,L,Green,Winter,4.4,No,Express,No,No,32,PayPal,Weekly,Adult,7,52.14,8329.86,0
3627,69,Female,Blouse,Clothing,98,Mississippi,L,Teal,Fall,3.5,No,Express,No,No,32,Venmo,Quarterly,Senior,90,4.06,3533.88,0
3628,39,Female,Belt,Accessories,54,Delaware,M,Silver,Winter,3.3,No,Next Day Air,No,No,48,Cash,Every 3 Months,Adult,90,4.06,2811.24,0
3629,53,Female,Blouse,Clothing,88,Georgia,L,Purple,Summer,3.8,No,Free Shipping,No,No,35,Credit Card,Monthly,Middle-aged,30,12.17,4150.96,0
3630,52,Female,T-shirt,Clothing,43,Kansas,L,Lavender,Summer,4.5,No,Standard,No,No,44,Debit Card,Fortnightly,Middle-aged,14,26.07,3013.01,0
3631,65,Female,Hat,Accessories,73,Oklahoma,M,Lavender,Winter,4.8,No,Store Pickup,No,No,29,Cash,Weekly,Senior,7,52.14,5923.22,0
3632,48,Female,Hat,Accessories,50,New Jersey,M,Peach,Fall,2.9,No,Store Pickup,No,No,26,Credit Card,Monthly,Middle-aged,30,12.17,1908.5,0
3633,27,Female,Sneakers,Footwear,73,Utah,L,Green,Spring,3.2,No,Express,No,No,3,Debit Card,Quarterly,Young Adult,90,4.06,515.38,1
3634,39,Female,Gloves,Accessories,51,Montana,M,Orange,Spring,2.8,No,Free Shipping,No,No,1,Bank Transfer,Bi-Weekly,Adult,14,26.07,1380.57,0
3635,59,Female,Socks,Clothing,22,Ohio,M,Pink,Winter,3.3,No,Standard,No,No,17,PayPal,Annually,Senior,365,1.0,396.0,1
3636,52,Female,Sandals,Footwear,32,Colorado,L,Cyan,Fall,3.3,No,Free Shipping,No,No,17,Credit Card,Fortnightly,Middle-aged,14,26.07,1378.24,0
3637,50,Female,Sandals,Footwear,38,California,L,Lavender,Summer,4.2,No,2-Day Shipping,No,No,36,Cash,Weekly,Middle-aged,7,52.14,3349.32,0
3638,32,Female,Boots,Footwear,66,Utah,L,Yellow,Winter,3.6,No,Express,No,No,32,Credit Card,Fortnightly,Adult,14,26.07,3832.62,0
3639,40,Female,Backpack,Accessories,20,Kansas,M,Olive,Spring,4.6,No,Express,No,No,50,PayPal,Bi-Weekly,Adult,14,26.07,1521.4,0
3640,26,Female,Coat,Outerwear,44,Illinois,M,Brown,Summer,3.6,No,2-Day Shipping,No,No,39,Venmo,Annually,Young Adult,365,1.0,1760.0,0
3641,47,Female,Sunglasses,Accessories,31,Minnesota,L,Pink,Spring,4.0,No,Next Day Air,No,No,17,PayPal,Monthly,Middle-aged,30,12.17,904.27,0
3642,51,Female,Jacket,Outerwear,45,New York,M,Cyan,Fall,2.7,No,Free Shipping,No,No,39,Bank Transfer,Every 3 Months,Middle-aged,90,4.06,1937.7,0
3643,47,Female,Dress,Clothing,71,Arizona,L,Maroon,Summer,4.4,No,Store Pickup,No,No,5,PayPal,Annually,Middle-aged,365,1.0,426.0,1
3644,53,Female,Scarf,Accessories,96,Tennessee,XL,Magenta,Fall,3.2,No,Standard,No,No,47,Debit Card,Annually,Middle-aged,365,1.0,4608.0,0
3645,35,Female,Blouse,Clothing,32,Arkansas,M,Violet,Winter,2.6,No,Next Day Air,No,No,18,Venmo,Weekly,Adult,7,52.14,2244.48,0
3646,38,Female,Backpack,Accessories,90,Colorado,L,Silver,Summer,3.4,No,Free Shipping,No,No,31,Credit Card,Every 3 Months,Adult,90,4.06,3155.4,0
3647,69,Female,Jewelry,Accessories,68,Nevada,M,Maroon,Spring,5.0,No,2-Day Shipping,No,No,39,Debit Card,Fortnightly,Senior,14,26.07,4424.76,0
3648,47,Female,Shorts,Clothing,45,Kansas,M,Gray,Winter,2.9,No,Store Pickup,No,No,12,Bank Transfer,Weekly,Middle-aged,7,52.14,2886.3,0
3649,31,Female,Skirt,Clothing,67,New York,M,White,Winter,5.0,No,Free Shipping,No,No,45,Cash,Bi-Weekly,Young Adult,14,26.07,4761.69,0
3650,68,Female,Skirt,Clothing,57,Minnesota,M,Brown,Fall,4.4,No,Standard,No,No,33,Credit Card,Fortnightly,Senior,14,26.07,3366.99,0
3651,51,Female,Jeans,Clothing,60,Ohio,M,Silver,Summer,3.5,No,2-Day Shipping,No,No,3,PayPal,Annually,Middle-aged,365,1.0,240.0,1
3652,20,Female,Handbag,Accessories,32,Arizona,M,Yellow,Spring,3.8,No,Express,No,No,5,Venmo,Every 3 Months,Young Adult,90,4.06,289.92,1
3653,27,Female,Handbag,Accessories,29,Kentucky,S,Magenta,Fall,3.8,No,Store Pickup,No,No,23,Debit Card,Monthly,Young Adult,30,12.17,1019.93,0
3654,67,Female,Coat,Outerwear,20,Minnesota,M,Blue,Spring,3.9,No,Next Day Air,No,No,39,Credit Card,Fortnightly,Senior,14,26.07,1301.4,0
3655,21,Female,Jewelry,Accessories,98,Arkansas,M,Green,Winter,3.3,No,Next Day Air,No,No,10,Credit Card,Annually,Young Adult,365,1.0,1078.0,1
3656,20,Female,Sweater,Clothing,27,Wyoming,M,Yellow,Fall,2.9,No,Next Day Air,No,No,4,Credit Card,Bi-Weekly,Young Adult,14,26.07,811.89,0
3657,35,Female,Jacket,Outerwear,67,North Dakota,XL,Cyan,Spring,3.7,No,2-Day Shipping,No,No,18,Credit Card,Monthly,Adult,30,12.17,2021.39,0
3658,58,Female,Shoes,Footwear,82,Alabama,L,Gold,Winter,3.7,No,Express,No,No,1,Debit Card,Every 3 Months,Senior,90,4.06,414.92,1
3659,28,Female,T-shirt,Clothing,72,Mississippi,M,Magenta,Fall,4.6,No,Standard,No,No,18,PayPal,Fortnightly,Young Adult,14,26.07,3173.04,0
3660,27,Female,Sandals,Footwear,77,Illinois,S,Gray,Fall,4.9,No,Store Pickup,No,No,46,Bank Transfer,Annually,Young Adult,365,1.0,3619.0,0
3661,19,Female,Shoes,Footwear,74,Arkansas,L,Indigo,Winter,3.1,No,2-Day Shipping,No,No,13,Bank Transfer,Fortnightly,Young Adult,14,26.07,2891.18,0
3662,63,Female,Sandals,Footwear,39,Kansas,S,White,Winter,3.5,No,Next Day Air,No,No,5,Credit Card,Fortnightly,Senior,14,26.07,1211.73,0
3663,69,Female,Shorts,Clothing,80,Rhode Island,M,Indigo,Spring,4.9,No,Next Day Air,No,No,11,Debit Card,Weekly,Senior,7,52.14,5051.2,0
3664,65,Female,Backpack,Accessories,59,Florida,M,Green,Summer,4.4,No,Express,No,No,49,Credit Card,Weekly,Senior,7,52.14,5967.26,0
3665,63,Female,Jacket,Outerwear,68,Missouri,M,Turquoise,Fall,4.4,No,Store Pickup,No,No,1,Debit Card,Fortnightly,Senior,14,26.07,1840.76,0
3666,28,Female,Socks,Clothing,77,North Carolina,M,Peach,Fall,3.4,No,Next Day Air,No,No,11,Credit Card,Quarterly,Young Adult,90,4.06,1159.62,1
3667,67,Female,Jewelry,Accessories,50,Alabama,M,Olive,Winter,3.0,No,2-Day Shipping,No,No,47,Cash,Every 3 Months,Senior,90,4.06,2553.0,0
3668,51,Female,Pants,Clothing,45,Washington,L,Cyan,Fall,2.6,No,Next Day Air,No,No,20,Venmo,Monthly,Middle-aged,30,12.17,1447.65,0
3669,59,Female,Blouse,Clothing,71,Michigan,XL,Magenta,Summer,3.2,No,Store Pickup,No,No,18,Venmo,Annually,Senior,365,1.0,1349.0,1
3670,25,Female,Socks,Clothing,52,Washington,S,Silver,Fall,4.6,No,Store Pickup,No,No,43,PayPal,Quarterly,Young Adult,90,4.06,2447.12,0
3671,31,Female,Shoes,Footwear,50,Vermont,S,White,Winter,3.8,No,Free Shipping,No,No,4,PayPal,Every 3 Months,Young Adult,90,4.06,403.0,1
3672,62,Female,Handbag,Accessories,66,Illinois,L,Pink,Summer,4.8,No,2-Day Shipping,No,No,20,Venmo,Quarterly,Senior,90,4.06,1587.96,1
3673,51,Female,Sandals,Footwear,81,New York,S,Pink,Fall,4.5,No,Free Shipping,No,No,7,PayPal,Monthly,Middle-aged,30,12.17,1552.77,0
3674,32,Female,Socks,Clothing,28,Rhode Island,M,Pink,Summer,4.2,No,2-Day Shipping,No,No,31,Bank Transfer,Fortnightly,Adult,14,26.07,1597.96,0
3675,35,Female,Handbag,Accessories,65,Washington,M,Blue,Winter,2.7,No,2-Day Shipping,No,No,41,Venmo,Fortnightly,Adult,14,26.07,4359.55,0
3676,70,Female,Hat,Accessories,80,Virginia,M,White,Winter,4.5,No,Express,No,No,3,Bank Transfer,Monthly,Senior,30,12.17,1213.6,0
3677,19,Female,Jewelry,Accessories,94,Wisconsin,S,Teal,Spring,4.9,No,Free Shipping,No,No,16,PayPal,Monthly,Young Adult,30,12.17,2647.98,0
3678,32,Female,Backpack,Accessories,30,Michigan,M,Gray,Fall,2.8,No,Standard,No,No,43,Cash,Annually,Adult,365,1.0,1320.0,0
3679,56,Female,Shirt,Clothing,45,Texas,S,Beige,Fall,3.5,No,Standard,No,No,29,Bank Transfer,Fortnightly,Middle-aged,14,26.07,2478.15,0
3680,53,Female,Coat,Outerwear,91,Idaho,M,Violet,Summer,2.5,No,Store Pickup,No,No,5,Cash,Bi-Weekly,Middle-aged,14,26.07,2827.37,0
3681,22,Female,Sunglasses,Accessories,36,Iowa,S,Blue,Winter,2.9,No,Standard,No,No,30,Debit Card,Quarterly,Young Adult,90,4.06,1226.16,0
3682,26,Female,Gloves,Accessories,73,Connecticut,XL,Magenta,Fall,4.2,No,Next Day Air,No,No,33,Debit Card,Monthly,Young Adult,30,12.17,3297.41,0
3683,42,Female,Shirt,Clothing,60,Wyoming,M,Maroon,Fall,4.6,No,Store Pickup,No,No,46,Venmo,Bi-Weekly,Adult,14,26.07,4324.2,0
3684,30,Female,Socks,Clothing,77,Mississippi,M,Purple,Winter,3.0,No,Free Shipping,No,No,17,Venmo,Fortnightly,Young Adult,14,26.07,3316.39,0
3685,29,Female,Skirt,Clothing,86,Pennsylvania,L,Charcoal,Spring,4.4,No,Free Shipping,No,No,47,Credit Card,Bi-Weekly,Young Adult,14,26.07,6284.02,0
3686,47,Female,Shorts,Clothing,42,Tennessee,L,Red,Summer,2.6,No,Standard,No,No,17,Cash,Bi-Weekly,Middle-aged,14,26.07,1808.94,0
3687,59,Female,Sandals,Footwear,70,Louisiana,M,Charcoal,Spring,4.8,No,Free Shipping,No,No,17,Cash,Bi-Weekly,Senior,14,26.07,3014.9,0
3688,34,Female,Shirt,Clothing,44,Arkansas,L,Lavender,Summer,2.9,No,Next Day Air,No,No,28,Bank Transfer,Every 3 Months,Adult,90,4.06,1410.64,0
3689,52,Female,Sunglasses,Accessories,91,West Virginia,L,White,Spring,3.0,No,Next Day Air,No,No,8,Cash,Monthly,Middle-aged,30,12.17,1835.47,0
3690,47,Female,Jewelry,Accessories,30,South Carolina,L,Red,Fall,4.5,No,Standard,No,No,8,Bank Transfer,Quarterly,Middle-aged,90,4.06,361.8,1
3691,24,Female,Blouse,Clothing,23,Kansas,S,Violet,Fall,3.7,No,Store Pickup,No,No,4,Bank Transfer,Bi-Weekly,Young Adult,14,26.07,691.61,0
3692,63,Female,Sandals,Footwear,21,Michigan,XL,Orange,Summer,4.8,No,Next Day Air,No,No,24,PayPal,Weekly,Senior,7,52.14,1598.94,0
3693,59,Female,Coat,Outerwear,34,Alabama,L,Turquoise,Spring,4.8,No,Free Shipping,No,No,29,Cash,Fortnightly,Senior,14,26.07,1872.38,0
3694,66,Female,Blouse,Clothing,46,South Dakota,M,Violet,Summer,4.7,No,2-Day Shipping,No,No,10,Venmo,Weekly,Senior,7,52.14,2858.44,0
3695,45,Female,Sweater,Clothing,41,Rhode Island,M,Blue,Winter,2.6,No,Express,No,No,11,PayPal,Bi-Weekly,Middle-aged,14,26.07,1519.87,0
3696,38,Female,Skirt,Clothing,33,Florida,M,White,Fall,4.6,No,Standard,No,No,18,Bank Transfer,Fortnightly,Adult,14,26.07,1454.31,0
3697,63,Female,Blouse,Clothing,48,Connecticut,L,Turquoise,Fall,3.4,No,Next Day Air,No,No,26,Bank Transfer,Annually,Senior,365,1.0,1296.0,0
3698,55,Female,Hoodie,Clothing,66,Pennsylvania,L,Pink,Winter,3.0,No,Standard,No,No,39,Cash,Weekly,Middle-aged,7,52.14,6015.24,0
3699,25,Female,Skirt,Clothing,54,California,XL,Maroon,Spring,4.0,No,2-Day Shipping,No,No,4,Venmo,Annually,Young Adult,365,1.0,270.0,1
3700,51,Female,Backpack,Accessories,55,Oklahoma,M,Olive,Fall,2.6,No,Store Pickup,No,No,24,Bank Transfer,Weekly,Middle-aged,7,52.14,4187.7,0
3701,28,Female,Handbag,Accessories,84,North Dakota,XL,Charcoal,Summer,3.4,No,Store Pickup,No,No,2,Bank Transfer,Every 3 Months,Young Adult,90,4.06,509.04,1
3702,46,Female,Sandals,Footwear,66,New Mexico,M,Charcoal,Spring,4.5,No,Store Pickup,No,No,36,Cash,Annually,Middle-aged,365,1.0,2442.0,0
3703,58,Female,Shoes,Footwear,65,South Carolina,M,Indigo,Spring,2.7,No,Store Pickup,No,No,36,Venmo,Weekly,Senior,7,52.14,5729.1,0
3704,30,Female,Sandals,Footwear,83,Michigan,S,Teal,Fall,2.9,No,Standard,No,No,23,PayPal,Every 3 Months,Young Adult,90,4.06,2245.98,1
3705,68,Female,Sunglasses,Accessories,61,Missouri,L,Black,Winter,4.0,No,Store Pickup,No,No,36,Credit Card,Quarterly,Senior,90,4.06,2443.66,0
3706,28,Female,Skirt,Clothing,65,Colorado,L,Teal,Summer,3.2,No,Free Shipping,No,No,2,Debit Card,Annually,Young Adult,365,1.0,195.0,1
3707,26,Female,Sandals,Footwear,55,Kansas,M,Green,Spring,4.0,No,Store Pickup,No,No,17,Cash,Bi-Weekly,Young Adult,14,26.07,2368.85,0
3708,35,Female,Gloves,Accessories,79,Illinois,M,Gold,Fall,3.4,No,2-Day Shipping,No,No,19,Venmo,Weekly,Adult,7,52.14,5620.06,0
3709,40,Female,Hoodie,Clothing,96,South Carolina,M,Red,Fall,4.9,No,Express,No,No,41,PayPal,Monthly,Adult,30,12.17,5104.32,0
3710,31,Female,Socks,Clothing,43,Utah,M,Silver,Fall,3.6,No,Free Shipping,No,No,27,PayPal,Quarterly,Young Adult,90,4.06,1335.58,0
3711,60,Female,Jewelry,Accessories,40,Hawaii,M,Yellow,Summer,3.6,No,2-Day Shipping,No,No,32,Bank Transfer,Fortnightly,Senior,14,26.07,2322.8,0
3712,69,Female,Hat,Accessories,62,Texas,XL,Peach,Fall,3.2,No,Free Shipping,No,No,33,Cash,Annually,Senior,365,1.0,2108.0,0
3713,51,Female,Blouse,Clothing,72,Oregon,M,Turquoise,Spring,3.7,No,2-Day Shipping,No,No,24,PayPal,Quarterly,Middle-aged,90,4.06,2020.32,1
3714,49,Female,Shoes,Footwear,87,Arizona,M,Peach,Spring,2.6,No,Express,No,No,31,Debit Card,Every 3 Months,Middle-aged,90,4.06,3050.22,0
3715,18,Female,Hat,Accessories,31,New York,S,Peach,Winter,3.9,No,Express,No,No,35,Credit Card,Weekly,Young Adult,7,52.14,2701.34,0
3716,63,Female,Sunglasses,Accessories,34,Nebraska,S,Orange,Fall,3.4,No,Free Shipping,No,No,2,Bank Transfer,Monthly,Senior,30,12.17,481.78,0
3717,57,Female,Shirt,Clothing,53,Vermont,M,Charcoal,Fall,3.4,No,Next Day Air,No,No,42,Debit Card,Every 3 Months,Middle-aged,90,4.06,2441.18,0
3718,45,Female,T-shirt,Clothing,85,Maryland,XL,White,Summer,4.2,No,Express,No,No,47,Bank Transfer,Every 3 Months,Middle-aged,90,4.06,4340.1,0
3719,36,Female,Pants,Clothing,50,Tennessee,L,Turquoise,Fall,2.9,No,Standard,No,No,44,Bank Transfer,Bi-Weekly,Adult,14,26.07,3503.5,0
3720,20,Female,Pants,Clothing,91,Pennsylvania,M,Red,Summer,4.1,No,Free Shipping,No,No,8,Bank Transfer,Every 3 Months,Young Adult,90,4.06,1097.46,1
3721,21,Female,Hat,Accessories,56,South Carolina,M,Peach,Fall,3.6,No,Free Shipping,No,No,13,Credit Card,Quarterly,Young Adult,90,4.06,955.36,1
3722,62,Female,Coat,Outerwear,60,Connecticut,L,Pink,Fall,4.0,No,Next Day Air,No,No,10,Cash,Annually,Senior,365,1.0,660.0,1
3723,23,Female,Jacket,Outerwear,34,Kentucky,XL,Yellow,Fall,4.0,No,Standard,No,No,1,Credit Card,Fortnightly,Young Adult,14,26.07,920.38,0
3724,26,Female,Sandals,Footwear,30,Rhode Island,M,Beige,Spring,3.6,No,Free Shipping,No,No,1,Debit Card,Monthly,Young Adult,30,12.17,395.1,0
3725,30,Female,Gloves,Accessories,71,Colorado,L,Green,Winter,3.1,No,Express,No,No,18,Bank Transfer,Annually,Young Adult,365,1.0,1349.0,1
3726,18,Female,Dress,Clothing,100,Oklahoma,S,Turquoise,Winter,4.4,No,Next Day Air,No,No,2,PayPal,Annually,Young Adult,365,1.0,300.0,1
3727,47,Female,Belt,Accessories,85,Idaho,XL,Orange,Fall,4.3,No,Next Day Air,No,No,36,Debit Card,Every 3 Months,Middle-aged,90,4.06,3405.1,0
3728,41,Female,Socks,Clothing,83,Maine,M,Gold,Summer,3.5,No,Next Day Air,No,No,17,Debit Card,Bi-Weekly,Adult,14,26.07,3574.81,0
3729,62,Female,Jacket,Outerwear,31,Vermont,L,Red,Winter,3.0,No,Standard,No,No,1,Debit Card,Annually,Senior,365,1.0,62.0,1
3730,28,Female,Boots,Footwear,82,Rhode Island,M,Teal,Spring,4.7,No,2-Day Shipping,No,No,50,Cash,Quarterly,Young Adult,90,4.06,4432.92,0
3731,46,Female,Shirt,Clothing,79,Florida,M,Teal,Summer,2.5,No,2-Day Shipping,No,No,3,Credit Card,Bi-Weekly,Middle-aged,14,26.07,2296.53,0
3732,54,Female,Hat,Accessories,62,West Virginia,M,Lavender,Spring,3.1,No,2-Day Shipping,No,No,45,PayPal,Quarterly,Middle-aged,90,4.06,3041.72,0
3733,36,Female,Shoes,Footwear,92,Indiana,L,Pink,Spring,3.3,No,Free Shipping,No,No,28,PayPal,Annually,Adult,365,1.0,2668.0,0
3734,25,Female,Socks,Clothing,58,Illinois,M,Maroon,Fall,4.7,No,Next Day Air,No,No,6,Debit Card,Every 3 Months,Young Adult,90,4.06,583.48,1
3735,38,Female,Hoodie,Clothing,88,California,M,Beige,Spring,3.4,No,Next Day Air,No,No,33,Debit Card,Every 3 Months,Adult,90,4.06,3261.28,0
3736,38,Female,Sandals,Footwear,44,Massachusetts,L,Orange,Spring,3.1,No,2-Day Shipping,No,No,29,PayPal,Annually,Adult,365,1.0,1320.0,0
3737,42,Female,Jeans,Clothing,56,Idaho,M,Red,Spring,4.6,No,Store Pickup,No,No,2,PayPal,Every 3 Months,Adult,90,4.06,339.36,1
3738,19,Female,Jewelry,Accessories,23,Kentucky,S,Maroon,Winter,4.9,No,Free Shipping,No,No,43,PayPal,Bi-Weekly,Young Adult,14,26.07,1588.61,0
3739,34,Female,Shorts,Clothing,45,Delaware,M,Brown,Spring,2.7,No,Free Shipping,No,No,48,Cash,Fortnightly,Adult,14,26.07,3333.15,0
3740,38,Female,Sunglasses,Accessories,31,Idaho,M,Olive,Fall,4.2,No,Free Shipping,No,No,43,Credit Card,Weekly,Adult,7,52.14,2949.34,0
3741,42,Female,Pants,Clothing,96,Virginia,M,Silver,Summer,2.6,No,Store Pickup,No,No,26,Debit Card,Bi-Weekly,Adult,14,26.07,4998.72,0
3742,58,Female,Shirt,Clothing,96,Arizona,M,Purple,Spring,3.2,No,2-Day Shipping,No,No,26,Debit Card,Bi-Weekly,Senior,14,26.07,4998.72,0
3743,56,Female,Shirt,Clothing,80,Maryland,M,Gray,Fall,4.4,No,Standard,No,No,50,Credit Card,Bi-Weekly,Middle-aged,14,26.07,6085.6,0
3744,62,Female,Pants,Clothing,28,Idaho,L,Cyan,Fall,3.6,No,Free Shipping,No,No,36,Debit Card,Quarterly,Senior,90,4.06,1121.68,0
3745,24,Female,Hoodie,Clothing,51,New Jersey,M,Gray,Summer,2.7,No,Next Day Air,No,No,26,Bank Transfer,Fortnightly,Young Adult,14,26.07,2655.57,0
3746,60,Female,Socks,Clothing,41,Washington,L,Gold,Spring,4.3,No,Express,No,No,2,Debit Card,Monthly,Senior,30,12.17,580.97,0
3747,53,Female,Coat,Outerwear,99,Idaho,XL,Cyan,Summer,2.6,No,Next Day Air,No,No,49,PayPal,Monthly,Middle-aged,30,12.17,6055.83,0
3748,26,Female,Sweater,Clothing,53,Rhode Island,L,Olive,Spring,4.3,No,Store Pickup,No,No,32,Bank Transfer,Bi-Weekly,Young Adult,14,26.07,3077.71,0
3749,34,Female,Backpack,Accessories,25,Delaware,M,Violet,Fall,3.9,No,2-Day Shipping,No,No,3,Venmo,Annually,Adult,365,1.0,100.0,1
3750,24,Female,Blouse,Clothing,95,Alaska,L,Yellow,Winter,2.9,No,2-Day Shipping,No,No,38,Venmo,Every 3 Months,Young Adult,90,4.06,3995.7,0
3751,42,Female,Hoodie,Clothing,88,Arizona,M,Gold,Fall,3.1,No,Free Shipping,No,No,5,PayPal,Monthly,Adult,30,12.17,1510.96,0
3752,36,Female,Jewelry,Accessories,97,Alabama,S,Silver,Fall,4.2,No,Free Shipping,No,No,8,Credit Card,Every 3 Months,Adult,90,4.06,1169.82,1
3753,24,Female,Coat,Outerwear,81,Washington,L,Pink,Winter,4.1,No,2-Day Shipping,No,No,43,Venmo,Weekly,Young Adult,7,52.14,7706.34,0
3754,39,Female,Sunglasses,Accessories,26,Louisiana,S,Turquoise,Winter,4.2,No,Next Day Air,No,No,22,Bank Transfer,Fortnightly,Adult,14,26.07,1249.82,0
3755,46,Female,Shoes,Footwear,41,Nebraska,M,Turquoise,Summer,4.4,No,Express,No,No,10,Cash,Every 3 Months,Middle-aged,90,4.06,576.46,1
3756,64,Female,Skirt,Clothing,93,Pennsylvania,M,Peach,Fall,3.4,No,Free Shipping,No,No,26,Credit Card,Monthly,Senior,30,12.17,3549.81,0
3757,64,Female,Skirt,Clothing,69,South Carolina,L,Teal,Spring,4.8,No,Express,No,No,42,Debit Card,Bi-Weekly,Senior,14,26.07,4696.83,0
3758,61,Female,Skirt,Clothing,44,California,L,Red,Fall,4.5,No,2-Day Shipping,No,No,33,Cash,Weekly,Senior,7,52.14,3746.16,0
3759,61,Female,Sandals,Footwear,54,Indiana,S,Black,Spring,2.7,No,Store Pickup,No,No,23,Bank Transfer,Quarterly,Senior,90,4.06,1461.24,1
3760,44,Female,Sneakers,Footwear,61,Missouri,M,Pink,Spring,3.5,No,Store Pickup,No,No,30,Venmo,Quarterly,Adult,90,4.06,2077.66,0
3761,65,Female,Socks,Clothing,80,Connecticut,M,Peach,Fall,3.1,No,Next Day Air,No,No,36,PayPal,Weekly,Senior,7,52.14,7051.2,0
3762,60,Female,Backpack,Accessories,30,Nevada,M,Green,Summer,2.8,No,Next Day Air,No,No,3,Venmo,Every 3 Months,Senior,90,4.06,211.8,1
3763,65,Female,Shorts,Clothing,94,New York,L,Green,Fall,2.9,No,Store Pickup,No,No,13,PayPal,Annually,Senior,365,1.0,1316.0,1
3764,27,Female,Shirt,Clothing,24,Oklahoma,XL,Red,Winter,4.5,No,Standard,No,No,38,Cash,Every 3 Months,Young Adult,90,4.06,1009.44,0
3765,36,Female,Socks,Clothing,21,South Dakota,M,Maroon,Fall,3.5,No,Next Day Air,No,No,19,Venmo,Monthly,Adult,30,12.17,654.57,0
3766,22,Female,Jewelry,Accessories,52,Missouri,M,Green,Summer,4.3,No,Standard,No,No,14,Bank Transfer,Bi-Weekly,Young Adult,14,26.07,2083.64,0
3767,62,Female,Handbag,Accessories,59,Texas,M,Black,Fall,4.9,No,Next Day Air,No,No,43,Debit Card,Annually,Senior,365,1.0,2596.0,0
3768,59,Female,Shorts,Clothing,51,New York,XL,Black,Summer,3.1,No,Free Shipping,No,No,10,Bank Transfer,Fortnightly,Senior,14,26.07,1839.57,0
3769,50,Female,Sweater,Clothing,35,Vermont,M,Yellow,Winter,4.0,No,Free Shipping,No,No,34,Bank Transfer,Quarterly,Middle-aged,90,4.06,1332.1,0
3770,51,Female,Gloves,Accessories,87,Arizona,L,Green,Summer,3.6,No,Standard,No,No,31,Venmo,Annually,Middle-aged,365,1.0,2784.0,0
3771,23,Female,Pants,Clothing,42,Montana,L,Black,Summer,4.0,No,Store Pickup,No,No,34,Bank Transfer,Weekly,Young Adult,7,52.14,3617.88,0
3772,21,Female,T-shirt,Clothing,86,Oklahoma,M,Red,Winter,2.6,No,Express,No,No,28,Venmo,Bi-Weekly,Young Adult,14,26.07,4650.02,0
3773,44,Female,Pants,Clothing,26,New Hampshire,L,Yellow,Fall,3.1,No,Next Day Air,No,No,35,Cash,Annually,Adult,365,1.0,936.0,0
3774,25,Female,Sweater,Clothing,60,Wisconsin,M,Violet,Summer,3.5,No,Store Pickup,No,No,41,Cash,Quarterly,Young Adult,90,4.06,2703.6,0
3775,57,Female,Gloves,Accessories,83,Alaska,S,Cyan,Winter,3.9,No,Standard,No,No,48,PayPal,Fortnightly,Middle-aged,14,26.07,6147.81,0
3776,41,Female,Belt,Accessories,63,South Dakota,S,Pink,Spring,2.7,No,2-Day Shipping,No,No,45,Cash,Quarterly,Adult,90,4.06,3090.78,0
3777,19,Female,Sneakers,Footwear,25,Alaska,L,Olive,Spring,4.1,No,Standard,No,No,10,Credit Card,Fortnightly,Young Adult,14,26.07,901.75,0
3778,43,Female,Shorts,Clothing,65,Utah,M,Maroon,Fall,4.3,No,Express,No,No,9,Cash,Weekly,Adult,7,52.14,3974.1,0
3779,25,Female,Sneakers,Footwear,60,South Dakota,M,Cyan,Fall,2.9,No,Free Shipping,No,No,30,Debit Card,Annually,Young Adult,365,1.0,1860.0,0
3780,60,Female,Jeans,Clothing,75,California,XL,Lavender,Spring,4.0,No,Express,No,No,45,PayPal,Annually,Senior,365,1.0,3450.0,0
3781,54,Female,Sneakers,Footwear,57,Mississippi,L,Yellow,Fall,4.1,No,Free Shipping,No,No,41,Venmo,Quarterly,Middle-aged,90,4.06,2568.42,0
3782,52,Female,Boots,Footwear,99,Tennessee,M,Pink,Winter,3.7,No,Standard,No,No,40,PayPal,Fortnightly,Middle-aged,14,26.07,6540.93,0
3783,40,Female,Jacket,Outerwear,45,Alabama,L,Orange,Spring,2.8,No,Free Shipping,No,No,42,PayPal,Fortnightly,Adult,14,26.07,3063.15,0
3784,39,Female,Gloves,Accessories,66,Maine,XL,Orange,Summer,3.2,No,Free Shipping,No,No,17,Debit Card,Fortnightly,Adult,14,26.07,2842.62,0
3785,54,Female,Socks,Clothing,53,Virginia,M,Violet,Winter,4.5,No,Next Day Air,No,No,4,Venmo,Annually,Middle-aged,365,1.0,265.0,1
3786,64,Female,Jeans,Clothing,94,New Hampshire,L,Lavender,Winter,3.8,No,Standard,No,No,6,Cash,Monthly,Senior,30,12.17,1707.98,0
3787,31,Female,Boots,Footwear,47,Tennessee,L,Yellow,Fall,3.6,No,2-Day Shipping,No,No,22,Venmo,Weekly,Young Adult,7,52.14,3484.58,0
3788,37,Female,Blouse,Clothing,80,New York,M,Pink,Fall,3.6,No,2-Day Shipping,No,No,46,PayPal,Every 3 Months,Adult,90,4.06,4004.8,0
3789,43,Female,Hat,Accessories,65,Kansas,XL,Teal,Spring,3.2,No,Next Day Air,No,No,27,Debit Card,Monthly,Adult,30,12.17,2546.05,0
3790,56,Female,Shirt,Clothing,75,North Dakota,M,Magenta,Summer,3.8,No,Express,No,No,18,Bank Transfer,Every 3 Months,Middle-aged,90,4.06,1654.5,1
3791,27,Female,Handbag,Accessories,45,Alaska,XL,Beige,Summer,4.4,No,Standard,No,No,31,Credit Card,Weekly,Young Adult,7,52.14,3741.3,0
3792,40,Female,Sunglasses,Accessories,51,Texas,M,Gray,Spring,3.7,No,Store Pickup,No,No,1,Venmo,Weekly,Adult,7,52.14,2710.14,0
3793,43,Female,Scarf,Accessories,58,Massachusetts,S,Turquoise,Summer,2.6,No,Express,No,No,2,PayPal,Fortnightly,Adult,14,26.07,1628.06,0
3794,62,Female,Sunglasses,Accessories,20,Delaware,M,Pink,Fall,4.0,No,Standard,No,No,46,Bank Transfer,Annually,Senior,365,1.0,940.0,0
3795,44,Female,Scarf,Accessories,82,South Dakota,M,Violet,Summer,3.6,No,2-Day Shipping,No,No,27,Venmo,Weekly,Adult,7,52.14,6489.48,0
3796,45,Female,Gloves,Accessories,92,Arkansas,M,Charcoal,Spring,2.5,No,Express,No,No,3,Cash,Weekly,Middle-aged,7,52.14,5072.88,0
3797,40,Female,Shorts,Clothing,81,Utah,M,Lavender,Fall,3.2,No,Free Shipping,No,No,47,Bank Transfer,Quarterly,Adult,90,4.06,4135.86,0
3798,68,Female,Sunglasses,Accessories,44,California,M,Gray,Summer,2.5,No,Next Day Air,No,No,20,Cash,Quarterly,Senior,90,4.06,1058.64,1
3799,63,Female,Jewelry,Accessories,72,Rhode Island,S,Brown,Winter,3.2,No,Next Day Air,No,No,23,Credit Card,Annually,Senior,365,1.0,1728.0,1
3800,60,Female,Jacket,Outerwear,26,Oklahoma,L,Violet,Winter,2.6,No,Store Pickup,No,No,13,Credit Card,Monthly,Senior,30,12.17,654.42,0
3801,19,Female,Sweater,Clothing,26,Vermont,M,Turquoise,Fall,4.8,No,Next Day Air,No,No,12,Venmo,Bi-Weekly,Young Adult,14,26.07,989.82,0
3802,26,Female,Blouse,Clothing,84,Kentucky,M,Peach,Spring,5.0,No,Store Pickup,No,No,36,PayPal,Fortnightly,Young Adult,14,26.07,5213.88,0
3803,70,Female,Scarf,Accessories,72,Illinois,S,Turquoise,Spring,3.2,No,2-Day Shipping,No,No,1,Bank Transfer,Monthly,Senior,30,12.17,948.24,0
3804,48,Female,Handbag,Accessories,55,Connecticut,M,Violet,Spring,3.6,No,Standard,No,No,14,Debit Card,Weekly,Middle-aged,7,52.14,3637.7,0
3805,37,Female,Hat,Accessories,77,Florida,M,Olive,Fall,2.7,No,2-Day Shipping,No,No,45,Cash,Annually,Adult,365,1.0,3542.0,0
3806,48,Female,Scarf,Accessories,57,New Jersey,M,Green,Fall,3.1,No,Standard,No,No,31,Credit Card,Quarterly,Middle-aged,90,4.06,1998.42,0
3807,18,Female,Boots,Footwear,71,Missouri,M,Teal,Spring,3.0,No,Standard,No,No,41,PayPal,Weekly,Young Adult,7,52.14,6612.94,0
3808,38,Female,Blouse,Clothing,39,Michigan,L,Peach,Spring,2.9,No,Next Day Air,No,No,36,PayPal,Annually,Adult,365,1.0,1443.0,0
3809,33,Female,Socks,Clothing,28,Washington,M,Pink,Winter,4.7,No,Express,No,No,6,Debit Card,Bi-Weekly,Adult,14,26.07,897.96,0
3810,57,Female,Shoes,Footwear,33,New York,S,Maroon,Winter,3.7,No,Standard,No,No,28,Credit Card,Annually,Middle-aged,365,1.0,957.0,0
3811,46,Female,Skirt,Clothing,79,Wisconsin,L,Peach,Fall,3.9,No,Free Shipping,No,No,29,Venmo,Monthly,Middle-aged,30,12.17,3252.43,0
3812,46,Female,Belt,Accessories,30,Idaho,M,Maroon,Winter,4.0,No,Standard,No,No,14,Cash,Monthly,Middle-aged,30,12.17,785.1,0
3813,50,Female,Skirt,Clothing,75,Michigan,M,Pink,Spring,2.8,No,Next Day Air,No,No,7,Bank Transfer,Every 3 Months,Middle-aged,90,4.06,829.5,1
3814,61,Female,Pants,Clothing,89,Georgia,M,Orange,Summer,4.1,No,Express,No,No,31,Venmo,Bi-Weekly,Senior,14,26.07,5079.23,0
3815,45,Female,Dress,Clothing,95,Michigan,M,Orange,Winter,4.2,No,Free Shipping,No,No,26,Bank Transfer,Every 3 Months,Middle-aged,90,4.06,2855.7,0
3816,32,Female,Hat,Accessories,44,Maine,M,Brown,Fall,4.3,No,Express,No,No,12,Venmo,Fortnightly,Adult,14,26.07,1675.08,0
3817,29,Female,Coat,Outerwear,86,Maryland,S,Silver,Summer,4.3,No,Store Pickup,No,No,45,Credit Card,Fortnightly,Young Adult,14,26.07,6112.02,0
3818,66,Female,Scarf,Accessories,91,Missouri,M,Magenta,Fall,2.6,No,Express,No,No,40,PayPal,Annually,Senior,365,1.0,3731.0,0
3819,70,Female,Sneakers,Footwear,41,Oregon,XL,Indigo,Winter,3.8,No,Free Shipping,No,No,42,Cash,Monthly,Senior,30,12.17,2220.97,0
3820,36,Female,Pants,Clothing,99,Arkansas,S,Gold,Spring,2.9,No,Express,No,No,45,Cash,Quarterly,Adult,90,4.06,4856.94,0
3821,34,Female,Belt,Accessories,65,New Hampshire,M,Purple,Winter,5.0,No,Standard,No,No,34,Debit Card,Quarterly,Adult,90,4.06,2473.9,0
3822,20,Female,Sneakers,Footwear,48,Oregon,M,Gold,Summer,4.6,No,Free Shipping,No,No,34,Credit Card,Every 3 Months,Young Adult,90,4.06,1826.88,0
3823,70,Female,Hat,Accessories,41,Kansas,S,Gold,Spring,3.2,No,Free Shipping,No,No,17,PayPal,Every 3 Months,Senior,90,4.06,863.46,1
3824,50,Female,Shirt,Clothing,42,California,M,Gold,Summer,3.0,No,Standard,No,No,27,Bank Transfer,Weekly,Middle-aged,7,52.14,3323.88,0
3825,54,Female,Shorts,Clothing,26,Georgia,M,Olive,Summer,4.0,No,Free Shipping,No,No,31,Credit Card,Quarterly,Middle-aged,90,4.06,911.56,0
3826,49,Female,Shorts,Clothing,35,Hawaii,L,Green,Fall,4.1,No,Express,No,No,47,Debit Card,Fortnightly,Middle-aged,14,26.07,2557.45,0
3827,50,Female,Jacket,Outerwear,31,Montana,M,Gray,Summer,4.0,No,Express,No,No,25,Bank Transfer,Annually,Middle-aged,365,1.0,806.0,1
3828,62,Female,Jewelry,Accessories,73,Montana,M,Red,Summer,4.1,No,Standard,No,No,47,Cash,Fortnightly,Senior,14,26.07,5334.11,0
3829,42,Female,Blouse,Clothing,82,Mississippi,M,Charcoal,Spring,3.4,No,Free Shipping,No,No,8,Cash,Weekly,Adult,7,52.14,4931.48,0
3830,69,Female,Pants,Clothing,32,Washington,M,Indigo,Spring,2.9,No,Free Shipping,No,No,32,Debit Card,Fortnightly,Senior,14,26.07,1858.24,0
3831,22,Female,Hat,Accessories,27,Pennsylvania,M,Indigo,Summer,3.0,No,2-Day Shipping,No,No,33,Bank Transfer,Every 3 Months,Young Adult,90,4.06,1000.62,0
3832,36,Female,Backpack,Accessories,86,Nevada,L,Silver,Spring,4.0,No,Next Day Air,No,No,16,Debit Card,Every 3 Months,Adult,90,4.06,1725.16,1
3833,64,Female,Boots,Footwear,38,Kansas,XL,Purple,Winter,4.8,No,2-Day Shipping,No,No,27,Cash,Weekly,Senior,7,52.14,3007.32,0
3834,44,Female,Jacket,Outerwear,93,Arizona,L,Gray,Summer,4.6,No,Free Shipping,No,No,17,PayPal,Every 3 Months,Adult,90,4.06,1958.58,1
3835,43,Female,Hoodie,Clothing,59,Tennessee,M,Magenta,Winter,4.1,No,2-Day Shipping,No,No,17,Cash,Quarterly,Adult,90,4.06,1242.54,1
3836,58,Female,Sandals,Footwear,58,Pennsylvania,L,Silver,Winter,2.6,No,Express,No,No,28,PayPal,Bi-Weekly,Senior,14,26.07,3136.06,0
3837,62,Female,Skirt,Clothing,84,Alaska,M,Violet,Spring,2.5,No,Free Shipping,No,No,38,PayPal,Fortnightly,Senior,14,26.07,5381.88,0
3838,45,Female,Hoodie,Clothing,100,New Mexico,M,Green,Spring,4.8,No,Free Shipping,No,No,33,Bank Transfer,Fortnightly,Middle-aged,14,26.07,5907.0,0
3839,47,Female,Dress,Clothing,25,Rhode Island,L,Green,Summer,4.2,No,Express,No,No,24,Venmo,Every 3 Months,Middle-aged,90,4.06,701.5,1
3840,66,Female,Sandals,Footwear,29,Connecticut,M,Peach,Spring,3.9,No,Free Shipping,No,No,14,Venmo,Quarterly,Senior,90,4.06,523.74,1
3841,30,Female,Jeans,Clothing,42,Idaho,M,Turquoise,Spring,3.7,No,Express,No,No,5,Venmo,Fortnightly,Young Adult,14,26.07,1304.94,0
3842,68,Female,Jeans,Clothing,57,Mississippi,L,Pink,Fall,4.2,No,2-Day Shipping,No,No,8,Bank Transfer,Monthly,Senior,30,12.17,1149.69,0
3843,35,Female,Jacket,Outerwear,84,Colorado,L,Lavender,Winter,4.2,No,Next Day Air,No,No,42,Debit Card,Monthly,Adult,30,12.17,4550.28,0
3844,64,Female,Hat,Accessories,71,Georgia,L,Silver,Winter,4.0,No,Free Shipping,No,No,48,Venmo,Every 3 Months,Senior,90,4.06,3696.26,0
3845,30,Female,Shorts,Clothing,87,Montana,S,Cyan,Fall,5.0,No,Next Day Air,No,No,40,Venmo,Quarterly,Young Adult,90,4.06,3833.22,0
3846,58,Female,Sweater,Clothing,52,California,M,Green,Winter,4.9,No,Standard,No,No,46,Venmo,Annually,Senior,365,1.0,2444.0,0
3847,57,Female,Blouse,Clothing,58,Pennsylvania,L,Orange,Summer,4.0,No,Express,No,No,40,PayPal,Every 3 Months,Middle-aged,90,4.06,2555.48,0
3848,60,Female,Sweater,Clothing,34,Delaware,S,Blue,Fall,3.2,No,2-Day Shipping,No,No,31,PayPal,Fortnightly,Senior,14,26.07,1940.38,0
3849,22,Female,Jewelry,Accessories,60,New Hampshire,M,Magenta,Winter,3.0,No,Next Day Air,No,No,39,Cash,Every 3 Months,Young Adult,90,4.06,2583.6,0
3850,46,Female,Hoodie,Clothing,68,Florida,S,Cyan,Winter,2.6,No,Express,No,No,36,PayPal,Fortnightly,Middle-aged,14,26.07,4220.76,0
3851,27,Female,Jewelry,Accessories,74,Mississippi,L,Indigo,Summer,4.4,No,2-Day Shipping,No,No,25,Debit Card,Every 3 Months,Young Adult,90,4.06,2150.44,1
3852,50,Female,Scarf,Accessories,83,Montana,M,Pink,Summer,3.9,No,Free Shipping,No,No,24,Debit Card,Annually,Middle-aged,365,1.0,2075.0,1
3853,65,Female,Hat,Accessories,79,Mississippi,M,Peach,Fall,4.0,No,2-Day Shipping,No,No,19,PayPal,Weekly,Senior,7,52.14,5620.06,0
3854,61,Female,Sunglasses,Accessories,76,Tennessee,M,Lavender,Fall,4.0,No,Store Pickup,No,No,49,Debit Card,Bi-Weekly,Senior,14,26.07,5705.32,0
3855,57,Female,T-shirt,Clothing,20,Florida,M,Black,Spring,4.2,No,Free Shipping,No,No,4,Venmo,Annually,Middle-aged,365,1.0,100.0,1
3856,40,Female,Shirt,Clothing,61,Illinois,XL,Lavender,Summer,4.4,No,Next Day Air,No,No,36,Cash,Quarterly,Adult,90,4.06,2443.66,0
3857,39,Female,Sandals,Footwear,78,Virginia,S,Brown,Summer,2.5,No,Free Shipping,No,No,8,Debit Card,Quarterly,Adult,90,4.06,940.68,1
3858,42,Female,Hat,Accessories,21,Texas,S,Yellow,Summer,3.1,No,Store Pickup,No,No,29,Credit Card,Every 3 Months,Adult,90,4.06,694.26,0
3859,30,Female,T-shirt,Clothing,77,Missouri,M,Olive,Winter,3.5,No,Store Pickup,No,No,26,Credit Card,Quarterly,Young Adult,90,4.06,2314.62,0
3860,65,Female,Shorts,Clothing,88,Mississippi,S,Blue,Fall,3.0,No,2-Day Shipping,No,No,47,Bank Transfer,Bi-Weekly,Senior,14,26.07,6430.16,0
3861,57,Female,Sunglasses,Accessories,64,Pennsylvania,M,Turquoise,Summer,4.4,No,Next Day Air,No,No,44,Cash,Annually,Middle-aged,365,1.0,2880.0,0
3862,64,Female,Jacket,Outerwear,57,Wyoming,M,Yellow,Spring,4.9,No,Standard,No,No,49,Credit Card,Monthly,Senior,30,12.17,3486.69,0
3863,56,Female,Shirt,Clothing,49,Idaho,L,Turquoise,Winter,2.8,No,Next Day Air,No,No,9,Venmo,Monthly,Middle-aged,30,12.17,1037.33,0
3864,40,Female,Scarf,Accessories,35,New Hampshire,M,Orange,Summer,3.3,No,Free Shipping,No,No,28,Cash,Fortnightly,Adult,14,26.07,1892.45,0
3865,55,Female,T-shirt,Clothing,99,Wyoming,S,Blue,Winter,4.9,No,Express,No,No,1,Debit Card,Fortnightly,Middle-aged,14,26.07,2679.93,0
3866,25,Female,Shorts,Clothing,42,Nebraska,M,Olive,Spring,4.2,No,Store Pickup,No,No,28,Cash,Every 3 Months,Young Adult,90,4.06,1346.52,0
3867,58,Female,Hat,Accessories,32,Alaska,M,Beige,Winter,3.3,No,2-Day Shipping,No,No,33,Credit Card,Fortnightly,Senior,14,26.07,1890.24,0
3868,46,Female,Jacket,Outerwear,21,Maryland,L,Lavender,Summer,2.7,No,Standard,No,No,28,Credit Card,Monthly,Middle-aged,30,12.17,843.57,0
3869,18,Female,Dress,Clothing,29,Maryland,XL,Magenta,Winter,3.3,No,2-Day Shipping,No,No,9,Cash,Annually,Young Adult,365,1.0,290.0,1
3870,26,Female,Coat,Outerwear,64,Arizona,L,Cyan,Spring,3.8,No,Free Shipping,No,No,28,Bank Transfer,Annually,Young Adult,365,1.0,1856.0,0
3871,61,Female,Sandals,Footwear,46,Ohio,L,Lavender,Fall,3.2,No,Next Day Air,No,No,19,Cash,Every 3 Months,Senior,90,4.06,1060.76,1
3872,55,Female,T-shirt,Clothing,97,Minnesota,M,Black,Fall,4.1,No,2-Day Shipping,No,No,20,Bank Transfer,Every 3 Months,Middle-aged,90,4.06,2333.82,1
3873,41,Female,Jacket,Outerwear,94,New Hampshire,M,Green,Spring,4.3,No,Standard,No,No,3,Cash,Monthly,Adult,30,12.17,1425.98,0
3874,42,Female,Sandals,Footwear,43,Louisiana,L,Silver,Summer,4.0,No,Standard,No,No,22,Credit Card,Weekly,Adult,7,52.14,3188.02,0
3875,70,Female,Sweater,Clothing,54,Nevada,XL,Beige,Summer,3.9,No,2-Day Shipping,No,No,33,Credit Card,Bi-Weekly,Senior,14,26.07,3189.78,0
3876,63,Female,Hat,Accessories,51,New Hampshire,M,Pink,Winter,3.3,No,2-Day Shipping,No,No,21,Credit Card,Annually,Senior,365,1.0,1122.0,1
3877,60,Female,Shoes,Footwear,85,Wisconsin,S,Cyan,Fall,2.6,No,2-Day Shipping,No,No,7,Cash,Annually,Senior,365,1.0,680.0,1
3878,28,Female,Hoodie,Clothing,96,Nevada,M,Olive,Spring,4.2,No,Next Day Air,No,No,46,Debit Card,Monthly,Young Adult,30,12.17,5584.32,0
3879,60,Female,Hat,Accessories,42,South Carolina,M,Pink,Summer,3.4,No,2-Day Shipping,No,No,24,Credit Card,Annually,Senior,365,1.0,1050.0,1
3880,26,Female,Skirt,Clothing,63,Florida,L,Maroon,Winter,4.1,No,Free Shipping,No,No,6,Debit Card,Quarterly,Young Adult,90,4.06,633.78,1
3881,42,Female,Shirt,Clothing,20,Massachusetts,M,Red,Winter,3.9,No,Free Shipping,No,No,40,PayPal,Monthly,Adult,30,12.17,1043.4,0
3882,56,Female,Scarf,Accessories,25,Georgia,L,Silver,Spring,2.8,No,2-Day Shipping,No,No,17,Debit Card,Weekly,Middle-aged,7,52.14,1728.5,0
3883,35,Female,Pants,Clothing,95,North Dakota,L,Blue,Fall,2.6,No,Free Shipping,No,No,24,Cash,Fortnightly,Adult,14,26.07,4756.65,0
3884,34,Female,Hat,Accessories,38,North Dakota,XL,Purple,Fall,4.0,No,Next Day Air,No,No,22,Cash,Fortnightly,Adult,14,26.07,1826.66,0
3885,47,Female,Sandals,Footwear,29,Maryland,M,Brown,Fall,4.9,No,Express,No,No,3,PayPal,Weekly,Middle-aged,7,52.14,1599.06,0
3886,49,Female,Socks,Clothing,64,New Mexico,L,Purple,Winter,3.2,No,Free Shipping,No,No,39,Cash,Quarterly,Middle-aged,90,4.06,2755.84,0
3887,37,Female,Jewelry,Accessories,92,Iowa,S,Brown,Summer,3.9,No,Express,No,No,40,Debit Card,Quarterly,Adult,90,4.06,4053.52,0
3888,40,Female,Shirt,Clothing,34,Kansas,M,Charcoal,Spring,2.7,No,Express,No,No,1,Credit Card,Quarterly,Adult,90,4.06,172.04,1
3889,45,Female,Sneakers,Footwear,69,Virginia,M,Violet,Spring,3.4,No,Standard,No,No,14,Venmo,Bi-Weekly,Middle-aged,14,26.07,2764.83,0
3890,57,Female,Dress,Clothing,65,Alaska,S,Yellow,Spring,3.5,No,Express,No,No,49,Bank Transfer,Annually,Middle-aged,365,1.0,3250.0,0
3891,35,Female,Shirt,Clothing,81,Nebraska,XL,Green,Winter,2.6,No,Standard,No,No,33,Debit Card,Annually,Adult,365,1.0,2754.0,0
3892,36,Female,Dress,Clothing,30,Colorado,L,Peach,Winter,4.7,No,Free Shipping,No,No,6,Bank Transfer,Quarterly,Adult,90,4.06,301.8,1
3893,35,Female,Jewelry,Accessories,86,Michigan,L,Indigo,Summer,3.5,No,Standard,No,No,5,PayPal,Fortnightly,Adult,14,26.07,2672.02,0
3894,21,Female,Hat,Accessories,64,Massachusetts,L,White,Fall,3.3,No,Store Pickup,No,No,29,Bank Transfer,Bi-Weekly,Young Adult,14,26.07,3524.48,0
3895,66,Female,Skirt,Clothing,78,Connecticut,L,White,Spring,3.9,No,2-Day Shipping,No,No,44,Credit Card,Every 3 Months,Senior,90,4.06,3748.68,0
3896,40,Female,Hoodie,Clothing,28,Virginia,L,Turquoise,Summer,4.2,No,2-Day Shipping,No,No,32,Venmo,Weekly,Adult,7,52.14,2355.92,0
3897,52,Female,Backpack,Accessories,49,Iowa,L,White,Spring,4.5,No,Store Pickup,No,No,41,Bank Transfer,Bi-Weekly,Middle-aged,14,26.07,3286.43,0
3898,46,Female,Belt,Accessories,33,New Jersey,L,Green,Spring,2.9,No,Standard,No,No,24,Venmo,Quarterly,Middle-aged,90,4.06,925.98,1
3899,44,Female,Shoes,Footwear,77,Minnesota,S,Brown,Summer,3.8,No,Express,No,No,24,Venmo,Weekly,Adult,7,52.14,5862.78,0
3900,52,Female,Handbag,Accessories,81,California,M,Beige,Spring,3.1,No,Store Pickup,No,No,33,Venmo,Quarterly,Middle-aged,90,4.06,3001.86,0
